キャビ厚,温度,射出速度[mm/s],時間差ΔT34(s)_平均,時間差ΔT34(s)_標準偏差上,時間差ΔT34(s)_標準偏差下,流速V34(mm/s)_平均,流速V34(mm/s)_標準偏差上,流速V34(mm/s)_標準偏差下,流量Q34(mm³/s)_平均,流量Q34(mm³/s)_標準偏差上,流量Q34(mm³/s)_標準偏差下,圧力差ΔP34(Pa)_平均,圧力差ΔP34(Pa)_標準偏差上,圧力差ΔP34(Pa)_標準偏差下,せん断速度γ34(1/s)_幾何平均,せん断速度γ34(1/s)_幾何標準偏差上,せん断速度γ34(1/s)_幾何標準偏差下,樹脂粘度η34(Pa・s)_幾何平均,樹脂粘度η34(Pa・s)_幾何標準偏差上,樹脂粘度η34(Pa・s)_幾何標準偏差下
0.5,190,20,0.07531099999999995,0.0006575085550774788,-0.0006575085550774788,232.3839529126832,2.030177062239853,-2.030177062239853,4647.679058253664,40.60354124479689,-40.60354124479689,12393484.0934,58727.696463199034,-58727.696463199034,2788.522337620707,2812.9827629874408,2764.274609045789,63.49175578026653,64.33140189148898,62.66306863420513
0.5,190,40,0.04348300000000003,0.00026371386008319347,-0.00026371386008319347,402.46797115135155,2.4401156281158634,-2.4401156281158634,8049.35942302703,48.80231256231711,-48.80231256231711,10102959.173,33023.03801451849,-33023.03801451849,4829.544627401512,4858.919231306714,4800.347607710723,29.884260809722527,30.086746589639347,29.683137772398908
0.5,190,80,0.02093600000000002,0.00013282507293429816,-0.00013282507293429816,835.9078987041758,5.343205866787915,-5.343205866787915,16718.15797408351,106.8641173357565,-106.8641173357565,5851389.6568,56647.824797928304,-56647.824797928304,10030.731661238302,10094.813334852182,9967.056776809812,8.333205246721544,8.462266233091393,8.20611261466057
0.5,190,120,0.014127000000000046,0.000626863222720909,-0.000626863222720909,1240.787597952592,57.07181106755523,-57.07181106755523,24815.75195905184,1141.4362213511042,-1141.4362213511042,3722593.7600000002,166435.14060772382,-166435.14060772382,14877.151029844963,15564.815067619433,14219.868453513747,3.571672870673221,3.9108365177839475,3.2619228743245143
0.5,190,160,0.011333000000000083,0.00015837455603730813,-0.00015837455603730813,1544.4041806079404,21.56914703071385,-21.56914703071385,30888.083612158807,431.3829406142759,-431.3829406142759,2800080.4474,109397.98667328643,-109397.98667328643,18531.403707057474,18792.111208859435,18274.313063454167,2.157239362208367,2.27485046470902,2.045708822648447
0.5,190,200,0.009311000000000024,0.0002112285492067969,-0.0002112285492067969,1880.2765442616733,42.93867783856861,-42.93867783856861,37605.530885233464,858.773556771371,-858.773556771371,2122239.024,69679.65664448612,-69679.65664448612,22558.632692842144,23078.007597879845,22050.946417805924,1.343367677381747,1.4198312778715834,1.2710219480016625
0.5,190,240,0.008554000000000039,0.00017487138130633267,-0.00017487138130633267,2046.5092304486486,41.74762561633894,-41.74762561633894,40930.18460897297,834.9525123267779,-834.9525123267779,1869499.1364,44507.32195683074,-44507.32195683074,24554.01705273884,25060.632996659133,24057.64265837033,1.0874428529872082,1.1342620653006288,1.0425562087360618
0.5,210,20,0.102624,0.0005977185792661826,-0.0005977185792661826,170.5300607716577,0.9974653181572939,-0.9974653181572939,3410.601215433154,19.949306363145897,-19.949306363145897,13337618.851,58460.04135312691,-58460.04135312691,2046.332803816865,2058.3117048498484,2034.4236172346225,93.11092832572821,94.02934714458051,92.20148003737981
0.5,210,40,0.04595199999999999,0.0002553820667157984,-0.0002553820667157984,380.8416467882876,2.1308968810129247,-2.1308968810129247,7616.832935765752,42.6179376202586,-42.6179376202586,9488055.109000001,23985.745248830946,-23985.745248830946,4570.042788664296,4595.598376548563,4544.629312430916,29.659087382432293,29.87930520905794,29.440492615339803
0.5,210,80,0.02121500000000003,0.00027145441606279486,-0.00027145441606279486,824.9959973170553,10.54561941828193,-10.54561941828193,16499.919946341106,210.91238836563946,-210.91238836563946,5606058.7788,79126.1840149867,-79126.1840149867,9899.304483723663,10026.7241018191,9773.504114239307,8.089474644720788,8.296952804974518,7.887184797332531
0.5,210,120,0.013931000000000004,0.00018094888781094109,-0.00018094888781094109,1256.3599600805517,16.238212457241577,-16.238212457241577,25127.199201611034,324.76424914483266,-324.76424914483266,3479921.2379999994,81528.33207556765,-81528.33207556765,15075.308765924896,15271.915347432023,14881.233245323525,3.2969365287041428,3.408800828318125,3.188743203769635
0.5,210,160,0.010787000000000102,0.00012517987058628755,-0.00012517987058628755,1622.4991882023248,18.96118731025326,-18.96118731025326,32449.983764046494,379.2237462050661,-379.2237462050661,2498666.7490000003,42397.624194186385,-42397.624194186385,19468.931631043422,19696.982497885212,19243.521127915865,1.833235082869833,1.8825601732348807,1.7852023626367526
0.5,210,200,0.008754000000000062,0.00023455809514911396,-0.00023455809514911396,2000.2514071349142,54.36637288819779,-54.36637288819779,40005.02814269829,1087.327457763957,-1087.327457763957,1927252.3796,33744.701364103355,-33744.701364103355,23995.990934422465,24652.46462720552,23356.99856514329,1.1472248404686296,1.1968244374559112,1.099680783077891
0.5,210,240,0.00803500000000006,0.00020943376041125919,-0.00020943376041125919,2179.161397713495,57.088495752438355,-57.088495752438355,43583.227954269896,1141.769915048765,-1141.769915048765,1699425.401,25025.76568876499,-25025.76568876499,26142.783613078172,26834.921971094118,25468.497198405046,0.9285699541955065,0.9651757315748085,0.8933525073488803
0.5,230,20,0.10532600000000003,0.0005355534520475592,-0.0005355534520475592,166.15424672111152,0.8453676697920082,-0.8453676697920082,3323.0849344222306,16.907353395840474,-16.907353395840474,12456624.7294,48708.02687479778,-48708.02687479778,1993.8303237982084,2003.9973931320944,1983.7148360178683,89.25067047392525,89.78998990177175,88.71459044331638
0.5,230,40,0.04576199999999999,0.00036646282212526003,-0.00036646282212526003,382.43301300031555,3.068407891600299,-3.068407891600299,7648.660260006311,61.3681578320058,-61.3681578320058,8806872.999,58348.666997931956,-58348.666997931956,4589.078137455804,4626.010649994983,4552.440481670241,27.41514831956384,27.79457285059687,27.04090332395751
0.5,230,80,0.02121800000000005,0.00018369812192835092,-0.00018369812192835092,824.8208545076877,7.137456695381574,-7.137456695381574,16496.417090153755,142.74913390763246,-142.74913390763246,5278832.0276,32424.906958196214,-32424.906958196214,9897.553694822736,9983.594588039321,9812.25432163085,7.61912976643254,7.7277892502875085,7.5119981300704595
0.5,230,120,0.013977999999999957,0.000168767591675622,-0.000168767591675622,1252.1138398094993,15.16372522676816,-15.16372522676816,25042.276796189984,303.27450453536323,-303.27450453536323,3338165.222,63970.8501525362,-63970.8501525362,15024.486387978859,15207.271188039555,14843.898581890333,3.173557156721161,3.2735422777601957,3.076625921528388
0.5,230,160,0.010694999999999988,0.0001741766344834559,-0.0001741766344834559,1636.6233382341275,26.45999604994737,-26.45999604994737,32732.466764682547,529.1999209989476,-529.1999209989476,2418235.9106,32310.2240859989,-32310.2240859989,19637.416758984866,19958.665924555047,19321.33833111677,1.7590788177327605,1.811407267735549,1.7082620469246335
0.5,230,200,0.009011999999999975,0.00018198901065728736,-0.00018198901065728736,1942.48829791533,39.18926764805983,-39.18926764805983,38849.7659583066,783.7853529612001,-783.7853529612001,1927477.5236000002,17459.118012127492,-17459.118012127492,23306.062512802775,23781.261148655303,22840.359325576985,1.181430254007042,1.2137335992840406,1.1499866576211515
0.5,230,240,0.007996000000000069,0.00014432601983013123,-0.00014432601983013123,2189.166609246067,39.63636004257399,-39.63636004257399,43783.332184921346,792.7272008514789,-792.7272008514789,1650075.0436,32474.635367953106,-32474.635367953106,26266.5616739635,26745.746145768593,25795.962408821466,0.8972944437107246,0.9309085299682054,0.864894125249489
1.0,190,10,0.211171,0.0016902270557531552,-0.0016902270557531552,82.87545009141135,0.659448774641245,-0.659448774641245,3315.018003656454,26.377950985649992,-26.377950985649992,4054116.0119999996,35426.309260613096,-35426.309260613096,497.2400577106027,501.22418606955586,493.2875983716645,232.94252611847378,236.8551661881125,229.09451943877085
1.0,190,20,0.094916,0.00019122630572175113,-0.00019122630572175113,184.3741508008487,0.37192500906807036,-0.37192500906807036,7374.966032033948,14.877000362722304,-14.877000362722304,3802203.5494000004,13604.741459273922,-13604.741459273922,1106.2431056978764,1108.4754971473678,1104.0152101272718,98.20068540149047,98.74018160148054,97.66413689862922
1.0,190,40,0.045561000000000004,0.00017519275099154677,-0.00017519275099154677,384.1049840376346,1.4782142991958656,-1.4782142991958656,15364.199361505383,59.12857196783479,-59.12857196783479,3734827.462,11759.46274088721,-11759.46274088721,2304.61625858649,2313.498873724797,2295.767748004097,46.30225632550469,46.62680900899649,45.97996273815523
1.0,190,80,0.022474999999999978,0.00028011158490866457,-0.00028011158490866457,778.7392816265273,9.663075933813095,-9.663075933813095,31149.571265061088,386.52303735252445,-386.52303735252445,3095072.8656,56777.660381197325,-56777.660381197325,4672.147069021832,4730.614010385643,4614.402736440926,18.924662743618665,19.503899085470618,18.362628846172914
1.0,190,120,0.01532300000000002,0.0002311276703469066,-0.0002311276703469066,1142.2804275942385,17.10656964339106,-17.10656964339106,45691.21710376955,684.2627857356433,-684.2627857356433,2329094.31,68561.11695048682,-68561.11695048682,6853.064755970313,6956.84703075077,6750.830705624143,9.70699749599287,10.146159148337953,9.286844313165243
1.0,190,160,0.011846000000000023,0.00019866428969501253,-0.00019866428969501253,1477.6254362365248,24.859860350397216,-24.859860350397216,59105.017449461,994.3944140158868,-994.3944140158868,1806756.0732,32859.08006048739,-32859.08006048739,8864.750926258206,9014.922225778393,8717.081192323922,5.822472093781011,6.029703256363021,5.622363131565955
1.0,190,200,0.009847999999999945,0.00013512031675508762,-0.00013512031675508762,1777.281243064861,24.661296295192532,-24.661296295192532,71091.24972259444,986.4518518077073,-986.4518518077073,1479800.4302,31169.736790933348,-31169.736790933348,10662.872333779806,10811.021497916026,10516.753336250737,3.9644541551105417,4.102681565525244,3.830883897995406
1.0,190,240,0.008816999999999941,0.00017715106547802875,-0.00017715106547802875,1985.4399585786246,39.68552106389414,-39.68552106389414,79417.59834314499,1587.4208425557667,-1587.4208425557667,1300555.0592,40264.48404251207,-40264.48404251207,11910.729284041978,12151.850827015161,11674.392164389437,3.1185756053624365,3.2796207739870304,2.9654385298146506
1.0,210,10,0.200229,0.0015177796282727681,-0.0015177796282727681,87.4039358066801,0.6610541240438824,-0.6610541240438824,3496.1574322672045,26.44216496175515,-26.44216496175515,3592578.1141999997,32112.559255434793,-32112.559255434793,524.4115975389142,528.3974056886233,520.4558551435696,195.72758011903443,198.9832586265481,192.52516962319896
1.0,210,20,0.09314500000000003,0.0005724071977185954,-0.0005724071977185954,187.88479964069757,1.1566714833400227,-1.1566714833400227,7515.391985627903,46.266859333600664,-46.266859333600664,3385274.7822000002,17401.720294348914,-17401.720294348914,1127.2917283054778,1134.2468624587366,1120.3792426202829,85.79954104820857,86.77402130199545,84.83600429745141
1.0,210,40,0.04544899999999998,0.0002513314544580161,-0.0002513314544580161,385.05642873988916,2.136789358228639,-2.136789358228639,15402.257149595567,85.47157432914624,-85.47157432914624,3387577.1456,14711.01118108309,-14711.01118108309,2310.31018026649,2323.1439605662813,2297.5472978187386,41.89358976329843,42.26888252645384,41.52162911231771
1.0,210,80,0.022487000000000014,0.0003350111938428783,-0.0003350111938428783,778.3666775887451,11.68506813670723,-11.68506813670723,31134.667103549804,467.4027254682884,-467.4027254682884,2833878.0288,46701.64601482814,-46701.64601482814,4669.781210600464,4740.143863953004,4600.463019848406,17.336806876180592,17.891077780707647,16.799707448932367
1.0,210,120,0.015401000000000043,0.00022777181564011075,-0.00022777181564011075,1136.4900668774817,16.923462694151702,-16.923462694151702,45459.60267509927,676.9385077660693,-676.9385077660693,2205068.3170000003,52167.403729423575,-52167.403729423575,6818.3383576889355,6920.279179277269,6717.89919966603,9.237994672593166,9.598054652843507,8.891441928347097
1.0,210,160,0.011948000000000025,0.0002024413495312633,-0.0002024413495312633,1465.0165464398565,24.808820671953104,-24.808820671953104,58600.66185759427,992.3528268781255,-992.3528268781255,1728384.4912,25814.858771715008,-25814.858771715008,8789.090611282516,8939.243599349056,8641.459751578936,5.618103528051618,5.7949545834802985,5.44664963240317
1.0,210,200,0.010047999999999968,9.846319109188764e-05,-9.846319109188764e-05,1741.773520098802,17.016403349074228,-17.016403349074228,69670.94080395208,680.656133962968,-680.656133962968,1450317.9882,40468.514461640734,-40468.514461640734,10450.241339688873,10552.992605526862,10348.490531543406,3.9640244568811362,4.112591080939055,3.8208247757916705
1.0,210,240,0.008701000000000025,0.0003861897202153525,-0.0003861897202153525,2014.5279931822474,92.00815347654887,-92.00815347654887,80581.1197272899,3680.3261390619605,-3680.3261390619605,1237274.2847999998,79909.86647526736,-79909.86647526736,12077.27582469599,12633.545591306462,11545.499265555145,2.9220143563033902,3.2648342300427164,2.615191858709287
1.0,230,10,0.194838,0.001870055480460321,-0.001870055480460321,89.82483291128412,0.8628142542311863,-0.8628142542311863,3592.9933164513654,34.51257016924738,-34.51257016924738,3264295.3208,28287.834163047522,-28287.834163047522,538.9291170211445,544.1288039827937,533.7791181927117,173.05202283178053,176.23046611665728,169.93090505898917
1.0,230,20,0.09214999999999995,0.0006980150428178562,-0.0006980150428178562,189.91645924510527,1.4357307779580248,-1.4357307779580248,7596.65836980421,57.429231118321034,-57.429231118321034,3052105.4134,25796.14318355528,-25796.14318355528,1139.4726719106743,1148.1281593794622,1130.8824362717542,76.52709102413617,77.75122681620478,75.32222834837434
1.0,230,40,0.045004,0.0002862123337664765,-0.0002862123337664765,388.86694633117247,2.4809300661007483,-2.4809300661007483,15554.6778532469,99.2372026440286,-99.2372026440286,3066900.0826000003,20810.00917488351,-20810.00917488351,2333.163770866845,2348.0730469074374,2318.3491624569497,37.555914652033145,38.048227401599604,37.0699720242815
1.0,230,80,0.022533999999999964,0.00027093357119410244,-0.00027093357119410244,776.6944130199787,9.374941685824162,-9.374941685824162,31067.776520799147,374.99766743296544,-374.99766743296544,2654776.0556,33285.83474074986,-33285.83474074986,4659.89560695397,4716.3726603542755,4604.094848195857,16.276316984159468,16.67527607705099,15.886903062038453
1.0,230,120,0.015507000000000026,0.00028523236141783897,-0.00028523236141783897,1128.8242528782662,20.501775728932,-20.501775728932,45152.970115130636,820.0710291572798,-820.0710291572798,2102789.3150000004,41017.90110785722,-41017.90110785722,6772.044330689009,6896.960934516568,6649.390195513942,8.870371107613652,9.206981063592357,8.546067711372757
1.0,230,160,0.011912999999999929,0.0002780872165346518,-0.0002780872165346518,1469.6085076084578,33.47356042495383,-33.47356042495383,58784.340304338315,1338.9424169981546,-1338.9424169981546,1645003.8035999998,40606.90534336229,-40606.90534336229,8815.791056067477,9021.444072117849,8614.826110205486,5.330078271858537,5.587278284687943,5.084717985498588
1.0,230,200,0.00970500000000003,0.0003679504042666693,-0.0003679504042666693,1805.2528768411437,67.90007247510732,-67.90007247510732,72210.11507364575,2716.002899004287,-2716.002899004287,1329242.1584,70964.12292284014,-70964.12292284014,10825.355967514066,11242.02945896592,10424.126022008466,3.504288686798983,3.8375954164778525,3.1999306512873544
1.0,230,240,0.008845000000000037,0.00011274972283781406,-0.00011274972283781406,1978.7764715543399,25.25438868520272,-25.25438868520272,79151.0588621736,1010.1755474081095,-1010.1755474081095,1207899.683,23037.040484538793,-23037.040484538793,11871.885891445227,12024.285782276076,11721.41756870464,2.9065618038723304,2.9988397193236036,2.817123391187799
1.5,190,10,0.243245,0.002893391176457181,-0.002893391176457181,71.9520957972435,0.8586787143797305,-0.8586787143797305,4317.125747834611,51.520722862783536,-51.520722862783536,1901037.2015999998,21027.085880149658,-21027.085880149658,287.79202296802293,291.24150085327574,284.38340085931975,283.08299158043786,289.666454459861,276.6491559112679
1.5,190,20,0.11705200000000002,0.000692076585357305,-0.000692076585357305,149.51035479857055,0.8778868220350969,-0.8778868220350969,8970.621287914231,52.673209322105315,-52.673209322105315,1924908.0266,16488.92262032153,-16488.92262032153,598.033133456727,601.5672324449099,594.5197966626673,137.94158564901835,139.82260808293697,136.085868460406
1.5,190,40,0.05796299999999999,0.0005838728457462991,-0.0005838728457462991,301.941115116305,3.0248948958344295,-3.0248948958344295,18116.466906978305,181.4936937500673,-181.4936937500673,2116100.4592,21210.5823247624,-21210.5823247624,1207.7157982596723,1219.909194425282,1195.6442791245258,75.08918363709611,76.60586910011004,73.60252635365562
1.5,190,80,0.028975000000000018,0.00037886343185903135,-0.00037886343185903135,604.0529482365544,8.031256400406217,-8.031256400406217,36243.17689419326,481.87538402437167,-481.87538402437167,2163564.6228,23982.150895890023,-23982.150895890023,2416.0428332469096,2448.110502279329,2384.395216902559,38.376637103158245,39.315230571153485,37.46045117761832
1.5,190,120,0.019818000000000023,0.00021079018003699208,-0.00021079018003699208,883.1157551389391,9.417298801734955,-9.417298801734955,52986.94530833635,565.037928104098,-565.037928104098,1941094.2558,29315.422819486103,-29315.422819486103,3532.302617459322,3570.123482101367,3494.88241621434,23.548986270206896,24.16387014359165,22.94974898718626
1.5,190,160,0.015058000000000016,0.00019807195662192026,-0.00019807195662192026,1162.3332495449608,15.235121466749211,-15.235121466749211,69739.99497269766,914.1072880049521,-914.1072880049521,1636109.4531999999,21242.56956838811,-21242.56956838811,4649.012729801278,4710.461804867216,4588.365272280046,15.081529815321744,15.469012210668273,14.703753444164654
1.5,190,200,0.012584999999999935,0.00011051018052648228,-0.00011051018052648228,1390.6296957490113,12.156711801304805,-12.156711801304805,83437.78174494067,729.4027080782981,-729.4027080782981,1440005.6017999998,13491.968987219767,-13491.968987219767,5562.348241312092,5611.296819884033,5513.826651976529,11.094660857085843,11.293961120724951,10.898877569878833
1.5,190,240,0.010721000000000069,0.00013672051784577863,-0.00013672051784577863,1632.5250619530293,21.03991140376362,-21.03991140376362,97951.50371718177,1262.3946842258154,-1262.3946842258154,1227590.0028,17615.85707267048,-17615.85707267048,6529.669436458644,6613.920891258681,6446.4912191152725,8.056552919610528,8.278463185983732,7.840591120388234
1.5,210,10,0.240917,0.004002896763595053,-0.004002896763595053,72.65526355741332,1.214336020404691,-1.214336020404691,4359.3158134447995,72.86016122428144,-72.86016122428144,1676843.284,28250.883984354095,-28250.883984354095,290.5887111310832,295.4717123337157,285.78640699605353,247.27916006711067,255.70636753610896,239.12968453889212
1.5,210,20,0.11714600000000001,0.0011475811518146335,-0.0011475811518146335,149.39778887899746,1.4742119053335025,-1.4742119053335025,8963.867332739846,88.45271432001007,-88.45271432001007,1684505.7881999998,15697.011822151868,-15697.011822151868,597.5679932313151,603.4721988813131,591.7215527019342,120.80732177862218,123.14111330684321,118.51776066826025
1.5,210,40,0.057897999999999915,0.0009924754405022053,-0.0009924754405022053,302.32628351446334,5.148274758119248,-5.148274758119248,18139.5770108678,308.8964854871569,-308.8964854871569,1884948.7034000002,31715.215120367593,-31715.215120367593,1209.1642519348184,1230.000799630058,1188.6806810181195,66.80183663766071,69.0991829314914,64.58087040752788
1.5,210,80,0.02902,0.0005286775955154471,-0.0005286775955154471,603.1939883672245,11.089343472441055,-11.089343472441055,36191.63930203347,665.3606083464608,-665.3606083464608,1974128.8096,38945.338267182364,-38945.338267182364,2412.4517567694297,2457.008593300055,2368.7029400752144,35.064838662175305,36.427035735644026,33.75358125012819
1.5,210,120,0.01966600000000005,0.00016964669168590253,-0.00016964669168590253,889.9136833742061,7.68157616083085,-7.68157616083085,53394.821002452365,460.89456964984964,-460.89456964984964,1789627.4949999999,15921.023155147683,-15921.023155147683,3559.548689432999,3590.3974912826543,3528.964941404785,21.546519438994245,21.922447932160463,21.177037408030223
1.5,210,160,0.01502699999999999,0.00039136939072957524,-0.00039136939072957524,1165.2074924955118,30.577425160533878,-30.577425160533878,69912.4495497307,1834.6455096320392,-1834.6455096320392,1529203.0112,39078.395556338786,-39078.395556338786,4659.5524797940425,4782.991055692522,4539.299584538162,14.061450384667346,14.808777290167352,13.351837430342435
1.5,210,200,0.012161,0.0001893541655206558,-0.0001893541655206558,1439.307455209882,22.565089317984818,-22.565089317984818,86358.4473125929,1353.905359079093,-1353.905359079093,1303927.7974,26159.485591637687,-26159.485591637687,5756.666389856117,5847.316856215298,5667.421270129111,9.705888736573197,10.056841053320584,9.367183558661688
1.5,210,240,0.01065700000000005,0.00017676255259532934,-0.00017676255259532934,1642.4750247812385,27.27140983234299,-27.27140983234299,98548.5014868743,1636.2845899405777,-1636.2845899405777,1165648.9014,18994.860363079413,-18994.860363079413,6569.176087880609,6679.108626696761,6461.0529466601565,7.603858164165907,7.854570502020719,7.361148386901322
1.5,230,10,0.24478,0.005612468262716478,-0.005612468262716478,71.52247361797293,1.6195859483572868,-1.6195859483572868,4291.348417078376,97.17515690143696,-97.17515690143696,1510289.554,32650.83667365982,-32650.83667365982,286.0307260928899,292.6235163159853,279.586471037005,226.25082293989135,236.4784335519795,216.46555295591597
1.5,230,20,0.11960700000000002,0.0014049048010453349,-0.0014049048010453349,146.32880624209355,1.7346576734427925,-1.7346576734427925,8779.728374525614,104.07946040656766,-104.07946040656766,1499898.0134,17111.23362789384,-17111.23362789384,585.2825252364023,592.229885903961,578.4166630230657,109.82383306991954,112.40205520839918,107.30474890167561
1.5,230,40,0.05762200000000002,0.00038804961023046513,-0.00038804961023046513,303.7144732227943,2.046742694982532,-2.046742694982532,18222.86839336766,122.80456169895247,-122.80456169895247,1669368.7602,8889.645548297265,-8889.645548297265,1214.835834387624,1223.0474617463262,1206.6793404771215,58.89154946876135,59.58190423072302,58.2091936068603
1.5,230,80,0.02916799999999995,0.000291238733687717,-0.000291238733687717,600.0201758199579,5.959488934847572,-5.959488934847572,36001.21054919747,357.569336090855,-357.569336090855,1804323.6283999998,16156.448670365,-16156.448670365,2399.985663136411,2424.0056789689593,2376.2036670270018,32.219224228049534,32.82020482412458,31.629248367587625
1.5,230,120,0.01922899999999994,0.000267076767990071,-0.000267076767990071,910.2259198554917,12.797745570857893,-12.797745570857893,54613.555191329506,767.8647342514748,-767.8647342514748,1619115.4152000002,24762.622597365153,-24762.622597365153,3640.6181260612943,3691.8510390386355,3590.096187428364,19.058328421221823,19.61855114967096,18.51410328113059
1.5,230,160,0.01521100000000004,0.00043171750022453337,-0.00043171750022453337,1151.2293787767735,32.867006698739246,-32.867006698739246,69073.76272660641,1972.0204019243492,-1972.0204019243492,1459682.7446,50494.647273952156,-50494.647273952156,4603.421992978471,4736.363696082624,4474.211738208586,13.58290294596582,14.466237047444741,12.753506792017864
1.5,230,200,0.012571999999999939,9.884331034529112e-05,-9.884331034529112e-05,1392.0514841168183,11.018347861455565,-11.018347861455565,83523.0890470091,661.1008716873304,-661.1008716873304,1280244.321,14459.09781619356,-14459.09781619356,5568.067021311568,5612.1654431977095,5524.315109312303,9.853472106886331,10.033495847325229,9.676678401882217
1.5,230,240,0.010848000000000057,0.00021420200746030658,-0.00021420200746030658,1613.702532533719,31.77840612487438,-31.77840612487438,96822.15195202315,1906.7043674924623,-1906.7043674924623,1137033.254,29480.938915671642,-29480.938915671642,6453.807064711221,6582.340730710212,6327.783281438001,7.548558597008034,7.896675155753069,7.21578838797123
2.0,190,10,0.305824,0.018581788934330327,-0.018581788934330327,57.38088329475031,3.2606950333438602,-3.2606950333438602,4590.470663580025,260.8556026675089,-260.8556026675089,1163255.6512,76033.71790799583,-76033.71790799583,171.91014698473077,182.3194509909255,162.0951493419244,386.0341641612835,436.0942139809739,341.720598719529
2.0,190,20,0.15210700000000008,0.004204311180205317,-0.004204311180205317,115.12180461264461,3.2207084819451963,-3.2207084819451963,9209.74436901157,257.65667855561526,-257.65667855561526,1191305.0607999999,33328.172506118404,-33328.172506118404,345.25814416456404,354.99560762212184,335.7877775176468,197.10782917679452,208.4470213400673,186.38547134432207
2.0,190,40,0.07349999999999994,0.0016483438658240687,-0.0016483438658240687,238.19008347116014,5.2868664362499755,-5.2868664362499755,19055.20667769281,422.9493148999984,-422.9493148999984,1346220.8747999999,33383.630313413036,-33383.630313413036,714.4284580283445,730.5485372645741,698.6640799417679,107.64990716230072,112.82169420101621,102.71519670148318
2.0,190,80,0.036846000000000025,0.0007351989526652968,-0.0007351989526652968,475.10475214106884,9.708184845702666,-9.708184845702666,38008.38017128551,776.6547876562126,-776.6547876562126,1538353.2693999999,32675.208044000246,-32675.208044000246,1425.079952070403,1454.149517701316,1396.591509381583,61.67356449375669,64.2971473747764,59.1570343734677
2.0,190,120,0.02484999999999995,0.0004714207250428727,-0.0004714207250428727,704.4290255000551,13.420746158963627,-13.420746158963627,56354.32204000441,1073.6596927170933,-1073.6596927170933,1544474.4854000001,23776.240906865038,-23776.240906865038,2112.9811088331608,2153.5389238551124,2073.1871232183,41.764366819780136,43.22057358670713,40.35722321819475
2.0,190,160,0.018466999999999966,0.00020977964629581211,-0.00020977964629581211,947.7343216971688,10.783750465621448,-10.783750465621448,75818.7457357735,862.7000372497233,-862.7000372497233,1396261.6247999999,18418.4940580072,-18418.4940580072,2843.055884316635,2875.5638305069506,2810.9154370335955,28.061645568908876,28.723603158515488,27.414943302529636
2.0,190,200,0.015511000000000007,0.000499604843851619,-0.000499604843851619,1129.179991777409,36.81011820737451,-36.81011820737451,90334.39934219272,2944.809456589956,-2944.809456589956,1305579.5414,60328.46487059123,-60328.46487059123,3386.111358124726,3497.6552403164956,3278.124726948149,22.013584412928424,23.8130545927823,20.350093971228965
2.0,190,240,0.012964999999999938,0.0007242237223399443,-0.0007242237223399443,1353.3209568267662,79.1360975763636,-79.1360975763636,108265.6765461413,6330.887806109087,-6330.887806109087,1144803.5476,83012.76580626689,-83012.76580626689,4054.578935632942,4293.115403945012,3829.296163380966,16.098963463355087,18.366768268255104,14.111171917075893
2.0,210,10,0.312296,0.014039482896460145,-0.014039482896460145,56.13102677514257,2.627483904840918,-2.627483904840918,4490.482142011406,210.1987123872737,-210.1987123872737,1059754.647,52336.87486980075,-52336.87486980075,168.24944249134398,176.14886419655195,160.704271513561,359.5651680515043,395.92721330037966,326.5426213020113
2.0,210,20,0.15152099999999996,0.002635378056370668,-0.002635378056370668,115.5233871042345,2.001358114537449,-2.001358114537449,9241.87096833876,160.10864916299607,-160.10864916299607,1027512.7962000001,20461.383260730894,-20461.383260730894,346.52844593669676,352.59638308084357,340.56493374683794,169.41110971111303,175.80793981644203,163.2470303873424
2.0,210,40,0.07400200000000004,0.0009047554918319171,-0.0009047554918319171,236.50851501088127,2.9057495403310916,-2.9057495403310916,18920.681200870506,232.45996322648608,-232.45996322648608,1186832.5546,13247.603770192583,-13247.603770192583,709.4828444491558,718.2319685470737,700.8402975795331,95.58457270924367,97.84059979084994,93.3805655273909
2.0,210,80,0.037174,0.0008829949037224829,-0.0008829949037224829,470.97233712943626,11.223462313965054,-11.223462313965054,37677.78697035489,897.8769851172026,-897.8769851172026,1396069.9096000001,32073.363385133,-32073.363385133,1412.5968217977065,1446.6065912001443,1379.3866232128241,56.4623978814003,59.16275995237887,53.88528826382738
2.0,210,120,0.024914000000000103,0.000633999211355971,-0.000633999211355971,702.7802290490083,17.879010265687512,-17.879010265687512,56222.41832392067,1430.320821254998,-1430.320821254998,1412019.5568,41202.92253670331,-41202.92253670331,2107.7947917797005,2162.117384961475,2054.8370385231387,38.26711302534154,40.415079649831405,36.23330578541549
2.0,210,160,0.018811000000000043,0.0007780536613884954,-0.0007780536613884954,931.5461378361149,37.48213489008544,-37.48213489008544,74523.69102688921,2998.5707912068324,-2998.5707912068324,1316924.6870000002,61447.39169323522,-61447.39169323522,2792.795788696403,2909.085394458946,2681.154816636455,26.922282730166195,29.364460680080146,24.683215377243112
2.0,210,200,0.015362999999999927,0.00035462303929666253,-0.00035462303929666253,1139.5833608238322,26.158899429302288,-26.158899429302288,91166.66886590657,2092.71195434418,-2092.71195434418,1213475.6088,37496.33014446645,-37496.33014446645,3418.026962970686,3497.616469449225,3340.248544013271,20.279357557040196,21.38587052273376,19.23009598740023
2.0,210,240,0.01326900000000002,0.0006795163721353229,-0.0006795163721353229,1321.713657818273,69.60566714297639,-69.60566714297639,105737.09262546184,5568.453371438109,-5568.453371438109,1117601.1674,75142.9802159021,-75142.9802159021,3960.8235928807017,4172.033426228515,3760.3062898041853,16.093993955779712,18.143727313562465,14.275823097002709
2.0,230,10,0.308816,0.009535527253382496,-0.009535527253382496,56.71187084934072,1.774930769058781,-1.774930769058781,4536.949667947258,141.99446152470244,-141.99446152470244,932797.6414000001,28359.457975605077,-28359.457975605077,170.06957014102392,175.43928847366809,164.86420424746444,313.2991006788571,333.1021342846252,294.67336406289473
2.0,230,20,0.156665,0.0023875798415968446,-0.0023875798415968446,111.72414480454877,1.7084358485151971,-1.7084358485151971,8937.931584363901,136.6748678812156,-136.6748678812156,921404.8892000001,14874.597747861317,-14874.597747861317,335.14115459001357,340.29684389927485,330.06357688457757,157.08667221919728,162.09144685207053,152.23642621576312
2.0,230,40,0.074932,0.0013731469331430292,-0.0013731469331430292,233.60652392435404,4.191313882576543,-4.191313882576543,18688.521913948323,335.30511060612326,-335.30511060612326,1038789.1688000001,19610.827787681545,-19610.827787681545,700.7280508508404,713.5504864647947,688.1360332075732,84.69908772497303,87.86211783166657,81.64992648125201
2.0,230,80,0.036839000000000066,0.0007032282701939556,-0.0007032282701939556,475.17549538161313,8.870219241550037,-8.870219241550037,38014.03963052905,709.6175393240022,-709.6175393240022,1235373.3095999998,22469.975079923664,-22469.975079923664,1425.3248012401905,1452.4878363762416,1398.6697431483003,49.52102886710122,51.380710139204886,47.72865718305976
2.0,230,120,0.024878000000000046,0.0007574430671673474,-0.0007574430671673474,703.9587499977439,21.601895775648316,-21.601895775648316,56316.69999981951,1728.151662051865,-1728.151662051865,1282798.9262,43918.66724882606,-43918.66724882606,2111.085040196236,2176.613509508477,2047.529351201515,34.70646649311598,37.03333418266512,32.525799877927625
2.0,230,160,0.018866000000000004,0.0007691098751153941,-0.0007691098751153941,928.8222649372374,37.65516141216665,-37.65516141216665,74305.781194979,3012.4129129733305,-3012.4129129733305,1221776.1369999999,50125.573081285744,-50125.573081285744,2784.6281273535897,2900.194543038229,2673.6667808241405,25.054878257590897,27.183926314915695,23.092577475030133
2.0,230,200,0.015610000000000035,0.0003844964239105782,-0.0003844964239105782,1121.6369429685244,28.456877749803184,-28.456877749803184,89730.95543748196,2276.5502199842613,-2276.5502199842613,1151796.6806,32598.983205761335,-32598.983205761335,3364.061366436422,3449.2253855133054,3281.0001122805525,19.55834605566945,20.633191959406247,18.53949215351208
2.0,230,240,0.013190999999999998,0.0005430170347235972,-0.0005430170347235972,1328.476019089871,55.132136325554406,-55.132136325554406,106278.08152718967,4410.5709060443505,-4410.5709060443505,1037267.743,48416.70472962489,-48416.70472962489,3982.698931381236,4150.74542735868,3821.4559422207035,14.869698477795287,16.221834455059664,13.630266874754287
