元ファイル,キャビティ厚み[mm],射出速度[mm/s],CH03_立ち上がり時間(s),CH03_立ち上がり圧力(MPa),CH04_立ち上がり時間(s),CH04_立ち上がり圧力(MPa),立ち上がり時間差(s),先行列圧力@後発列立ち上がり時(MPa)
001_190℃_020_0.5mm.csv,0.5,20,1.480965,0.300052787,1.55557,0.300028903,0.074605,12.60449592
002_190℃_020_0.5mm.csv,0.5,20,1.48122,0.300039548,1.55725,0.300234615,0.07603,12.74079056
003_190℃_020_0.5mm.csv,0.5,20,1.48093,0.300048789,1.556785,0.300223623,0.075855,12.72583919
004_190℃_020_0.5mm.csv,0.5,20,1.48152,0.300047345,1.55619,0.300199575,0.07467,12.66270612
005_190℃_020_0.5mm.csv,0.5,20,1.4816,0.300131256,1.556995,0.300021467,0.075395,12.73429686
011_190℃_040_0.5mm.csv,0.5,40,1.39161,0.300174867,1.43496,0.300071611,0.04335,10.35735742
012_190℃_040_0.5mm.csv,0.5,40,1.392105,0.300194394,1.435515,0.300042763,0.04341,10.44648178
013_190℃_040_0.5mm.csv,0.5,40,1.38914,0.300200645,1.43284,0.300275493,0.0437,10.41402673
014_190℃_040_0.5mm.csv,0.5,40,1.389745,0.30017848,1.4329,0.300055504,0.043155,10.40948794
015_190℃_040_0.5mm.csv,0.5,40,1.396825,0.300217373,1.440625,0.300214894,0.0438,10.38810226
021_190℃_080_0.5mm.csv,0.5,80,1.19663,0.300278856,1.217645,0.300028398,0.021015,6.14061055
022_190℃_080_0.5mm.csv,0.5,80,1.20097,0.300123716,1.22198,0.300315399,0.02101,6.178550795
023_190℃_080_0.5mm.csv,0.5,80,1.196945,0.300213585,1.217885,0.300168014,0.02094,6.138694946
024_190℃_080_0.5mm.csv,0.5,80,1.19939,0.300192612,1.2204,0.300222092,0.02101,6.226926259
025_190℃_080_0.5mm.csv,0.5,80,1.1936,0.300255045,1.214305,0.300077299,0.020705,6.072976936
031_190℃_120_0.5mm.csv,0.5,120,1.140035,0.300004481,1.153155,0.300275038,0.01312,3.753596403
032_190℃_120_0.5mm.csv,0.5,120,1.14072,0.30005488,1.155385,0.300241757,0.014665,4.150327689
033_190℃_120_0.5mm.csv,0.5,120,1.13972,0.300171341,1.15396,0.300249719,0.01424,4.054634264
034_190℃_120_0.5mm.csv,0.5,120,1.139685,0.300060846,1.15368,0.300272959,0.013995,3.991313026
035_190℃_120_0.5mm.csv,0.5,120,1.139165,0.300100878,1.15378,0.30031612,0.014615,4.164453011
041_190℃_160_0.5mm.csv,0.5,160,1.11083,0.300061927,1.121955,0.300379041,0.011125,2.955107171
042_190℃_160_0.5mm.csv,0.5,160,1.10831,0.300188192,1.11986,0.300171107,0.01155,3.242949404
043_190℃_160_0.5mm.csv,0.5,160,1.10889,0.300076044,1.120285,0.300105686,0.011395,3.150907267
044_190℃_160_0.5mm.csv,0.5,160,1.10592,0.300254246,1.117175,0.300337787,0.011255,3.039957783
045_190℃_160_0.5mm.csv,0.5,160,1.10825,0.300004041,1.11959,0.300126272,0.01134,3.112600505
051_190℃_200_0.5mm.csv,0.5,200,1.0895,0.300005178,1.099,0.300151587,0.0095,2.504834191
052_190℃_200_0.5mm.csv,0.5,200,1.089845,0.300386232,1.09886,0.300238764,0.009015,2.321655004
053_190℃_200_0.5mm.csv,0.5,200,1.089995,0.300262059,1.09921,0.300034532,0.009215,2.403174438
054_190℃_200_0.5mm.csv,0.5,200,1.08794,0.300271613,1.09724,0.300115697,0.0093,2.414714421
055_190℃_200_0.5mm.csv,0.5,200,1.089175,0.300144652,1.0987,0.30019796,0.009525,2.467555606
061_190℃_240_0.5mm.csv,0.5,240,1.07571,0.300087816,1.084095,0.300222483,0.008385,2.14398096
062_190℃_240_0.5mm.csv,0.5,240,1.075245,0.300279147,1.0838,0.300291621,0.008555,2.199556045
063_190℃_240_0.5mm.csv,0.5,240,1.074715,0.300349268,1.08339,0.300195135,0.008675,2.160233254
064_190℃_240_0.5mm.csv,0.5,240,1.0754,0.300283579,1.08378,0.300375095,0.00838,2.11659794
065_190℃_240_0.5mm.csv,0.5,240,1.0748,0.300261992,1.083575,0.300062212,0.008775,2.228274029
001_210℃_020_0.5mm.csv,0.5,20,1.4778,0.300019299,1.58061,0.300151548,0.10281,13.7029291
002_210℃_020_0.5mm.csv,0.5,20,1.477935,0.300091873,1.58053,0.300041866,0.102595,13.59809621
003_210℃_020_0.5mm.csv,0.5,20,1.47801,0.300053931,1.58079,0.300131155,0.10278,13.64710462
004_210℃_020_0.5mm.csv,0.5,20,1.478815,0.300028399,1.58047,0.30009118,0.101655,13.56039801
005_210℃_020_0.5mm.csv,0.5,20,1.47814,0.300080872,1.58142,0.300079606,0.10328,13.68006167
011_210℃_040_0.5mm.csv,0.5,40,1.36621,0.300070214,1.41232,0.300165122,0.04611,9.782222159
012_210℃_040_0.5mm.csv,0.5,40,1.36595,0.300041919,1.412025,0.300118227,0.046075,9.780588034
013_210℃_040_0.5mm.csv,0.5,40,1.369075,0.30006551,1.41505,0.300151843,0.045975,9.78717035
014_210℃_040_0.5mm.csv,0.5,40,1.372305,0.300104767,1.41781,0.300171785,0.045505,9.763134692
015_210℃_040_0.5mm.csv,0.5,40,1.372885,0.300218185,1.41898,0.300070867,0.046095,9.827838154
021_210℃_080_0.5mm.csv,0.5,80,1.19393,0.300103688,1.2154,0.300060826,0.02147,5.997574528
022_210℃_080_0.5mm.csv,0.5,80,1.195595,0.30004754,1.21657,0.300052709,0.020975,5.909288969
023_210℃_080_0.5mm.csv,0.5,80,1.192985,0.300281428,1.213915,0.300277293,0.02093,5.827908678
024_210℃_080_0.5mm.csv,0.5,80,1.193085,0.300071829,1.2146,0.300072823,0.021515,5.970096965
025_210℃_080_0.5mm.csv,0.5,80,1.19212,0.300285788,1.213305,0.300082959,0.021185,5.825971364
031_210℃_120_0.5mm.csv,0.5,120,1.13738,0.300170266,1.151545,0.300391174,0.014165,3.906050772
032_210℃_120_0.5mm.csv,0.5,120,1.13435,0.300312892,1.14819,0.300110684,0.01384,3.805866623
033_210℃_120_0.5mm.csv,0.5,120,1.13438,0.300256431,1.14817,0.300286606,0.01379,3.754018381
034_210℃_120_0.5mm.csv,0.5,120,1.13333,0.300252833,1.147415,0.300065674,0.014085,3.745254883
035_210℃_120_0.5mm.csv,0.5,120,1.13382,0.300125056,1.147595,0.300034172,0.013775,3.689303841
041_210℃_160_0.5mm.csv,0.5,160,1.107135,0.300237116,1.117955,0.300220692,0.01082,2.820074011
042_210℃_160_0.5mm.csv,0.5,160,1.10516,0.300221736,1.11575,0.300118649,0.01059,2.746604943
043_210℃_160_0.5mm.csv,0.5,160,1.104825,0.300037654,1.11559,0.300222402,0.010765,2.768060616
044_210℃_160_0.5mm.csv,0.5,160,1.105055,0.300119483,1.115985,0.300188342,0.01093,2.80571262
045_210℃_160_0.5mm.csv,0.5,160,1.10503,0.300364114,1.11586,0.300206078,0.01083,2.853837718
051_210℃_200_0.5mm.csv,0.5,200,1.090175,0.300258866,1.09913,0.300252948,0.008955,2.237774272
052_210℃_200_0.5mm.csv,0.5,200,1.087645,0.300360914,1.096555,0.300326467,0.00891,2.225990549
053_210℃_200_0.5mm.csv,0.5,200,1.08717,0.300410315,1.09559,0.300300672,0.00842,2.179721411
054_210℃_200_0.5mm.csv,0.5,200,1.087435,0.300415857,1.09603,0.300095906,0.008595,2.220536479
055_210℃_200_0.5mm.csv,0.5,200,1.08711,0.300038019,1.096,0.300295972,0.00889,2.273511152
061_210℃_240_0.5mm.csv,0.5,240,1.073315,0.300042303,1.08105,0.30030455,0.007735,1.978805017
062_210℃_240_0.5mm.csv,0.5,240,1.07528,0.300059995,1.08359,0.30024032,0.00831,2.021981932
063_210℃_240_0.5mm.csv,0.5,240,1.072795,0.300057439,1.08078,0.300170559,0.007985,1.973969402
064_210℃_240_0.5mm.csv,0.5,240,1.07324,0.30033355,1.08136,0.300203381,0.00812,2.029337539
065_210℃_240_0.5mm.csv,0.5,240,1.07492,0.300211448,1.082945,0.300384923,0.008025,1.994336848
001_230℃_020_0.5mm.csv,0.5,20,1.47943,0.30000483,1.58411,0.300063923,0.10468,12.76083981
002_230℃_020_0.5mm.csv,0.5,20,1.47928,0.300105719,1.5847,0.300029148,0.10542,12.82297205
003_230℃_020_0.5mm.csv,0.5,20,1.479485,0.300096898,1.584365,0.300158945,0.10488,12.74606848
004_230℃_020_0.5mm.csv,0.5,20,1.479105,0.300108659,1.58504,0.300072293,0.105935,12.76666002
005_230℃_020_0.5mm.csv,0.5,20,1.479245,0.300119021,1.58496,0.300051214,0.105715,12.68695881
011_230℃_040_0.5mm.csv,0.5,40,1.360215,0.300111895,1.405845,0.30002327,0.04563,9.077742594
012_230℃_040_0.5mm.csv,0.5,40,1.362185,0.30015724,1.40811,0.30018322,0.045925,9.161259181
013_230℃_040_0.5mm.csv,0.5,40,1.366075,0.300046471,1.41187,0.300134625,0.045795,9.156024891
014_230℃_040_0.5mm.csv,0.5,40,1.361305,0.300071573,1.40654,0.300157922,0.045235,9.021599554
015_230℃_040_0.5mm.csv,0.5,40,1.36246,0.300010069,1.408685,0.300177554,0.046225,9.118415366
021_230℃_080_0.5mm.csv,0.5,80,1.19128,0.300083482,1.212275,0.300220768,0.020995,5.532765507
022_230℃_080_0.5mm.csv,0.5,80,1.189705,0.300045593,1.21105,0.300090623,0.021345,5.608752561
023_230℃_080_0.5mm.csv,0.5,80,1.19067,0.300172503,1.21212,0.300299636,0.02145,5.606314022
024_230℃_080_0.5mm.csv,0.5,80,1.191385,0.300299988,1.21248,0.300232477,0.021095,5.587427329
025_230℃_080_0.5mm.csv,0.5,80,1.186525,0.300146072,1.20773,0.300183209,0.021205,5.559927432
031_230℃_120_0.5mm.csv,0.5,120,1.132635,0.300049818,1.146385,0.300302649,0.01375,3.556185385
032_230℃_120_0.5mm.csv,0.5,120,1.132235,0.300251906,1.146385,0.300287095,0.01415,3.709574106
033_230℃_120_0.5mm.csv,0.5,120,1.13197,0.30028897,1.145845,0.300246523,0.013875,3.614559957
034_230℃_120_0.5mm.csv,0.5,120,1.1315,0.300060775,1.14549,0.300318272,0.01399,3.615010977
035_230℃_120_0.5mm.csv,0.5,120,1.13269,0.300032528,1.146815,0.300250001,0.014125,3.696900225
041_230℃_160_0.5mm.csv,0.5,160,1.10693,0.300185664,1.117515,0.300059817,0.010585,2.703480482
042_230℃_160_0.5mm.csv,0.5,160,1.10381,0.300233086,1.114515,0.300155498,0.010705,2.732354773
043_230℃_160_0.5mm.csv,0.5,160,1.10315,0.300306547,1.11411,0.300408333,0.01096,2.76396548
044_230℃_160_0.5mm.csv,0.5,160,1.102745,0.300238636,1.113245,0.300279589,0.0105,2.677326152
045_230℃_160_0.5mm.csv,0.5,160,1.103735,0.300119093,1.11446,0.300161754,0.010725,2.715117657
051_230℃_200_0.5mm.csv,0.5,200,1.08512,0.300301768,1.09389,0.300425478,0.00877,2.214856273
052_230℃_200_0.5mm.csv,0.5,200,1.087215,0.300053609,1.09623,0.300051345,0.009015,2.238408777
053_230℃_200_0.5mm.csv,0.5,200,1.086375,0.300354128,1.09545,0.300201843,0.009075,2.245042187
054_230℃_200_0.5mm.csv,0.5,200,1.086645,0.300348177,1.09558,0.300119018,0.008935,2.203970957
055_230℃_200_0.5mm.csv,0.5,200,1.0852,0.300132254,1.094465,0.300265708,0.009265,2.236172816
061_230℃_240_0.5mm.csv,0.5,240,1.07403,0.300135924,1.081915,0.300287998,0.007885,1.906757104
062_230℃_240_0.5mm.csv,0.5,240,1.074695,0.300208143,1.08251,0.300093401,0.007815,1.931643512
063_230℃_240_0.5mm.csv,0.5,240,1.075465,0.300158119,1.083615,0.300091433,0.00815,1.987857447
064_230℃_240_0.5mm.csv,0.5,240,1.07365,0.300258171,1.081665,0.300105906,0.008015,1.951120535
065_230℃_240_0.5mm.csv,0.5,240,1.07438,0.300075842,1.082495,0.300127035,0.008115,1.973702393
001_190℃_010_1.0mm.csv,1,10,1.423575,0.300044314,1.63751,0.300055524,0.213935,4.407993938
002_190℃_010_1.0mm.csv,1,10,1.42391,0.300043555,1.63473,0.300031822,0.21082,4.346004036
003_190℃_010_1.0mm.csv,1,10,1.424015,0.300021251,1.63494,0.3000312,0.210925,4.353185343
004_190℃_010_1.0mm.csv,1,10,1.42443,0.300059015,1.63531,0.300050835,0.21088,4.354788936
005_190℃_010_1.0mm.csv,1,10,1.423935,0.300031328,1.63323,0.300026972,0.209295,4.30880416
011_190℃_020_1.0mm.csv,1,20,1.465185,0.30005817,1.559805,0.300025376,0.09462,4.086547074
012_190℃_020_1.0mm.csv,1,20,1.465235,0.300073154,1.560215,0.300098431,0.09498,4.106584713
013_190℃_020_1.0mm.csv,1,20,1.465345,0.300116319,1.560455,0.300023263,0.09511,4.121982212
014_190℃_020_1.0mm.csv,1,20,1.46515,0.300003135,1.560175,0.300099659,0.095025,4.103170074
015_190℃_020_1.0mm.csv,1,20,1.465105,0.300008808,1.55995,0.300062805,0.094845,4.093043208
021_190℃_040_1.0mm.csv,1,40,1.481555,0.300143464,1.526925,0.300050392,0.04537,4.021337555
022_190℃_040_1.0mm.csv,1,40,1.481485,0.300058246,1.5271,0.300072321,0.045615,4.038041281
023_190℃_040_1.0mm.csv,1,40,1.48145,0.30001186,1.527175,0.300154457,0.045725,4.044426621
024_190℃_040_1.0mm.csv,1,40,1.48159,0.300125343,1.52697,0.300002719,0.04538,4.023682395
025_190℃_040_1.0mm.csv,1,40,1.48147,0.300022029,1.527185,0.300122604,0.045715,4.047051951
031_190℃_080_1.0mm.csv,1,80,1.487725,0.300041298,1.51057,0.30010324,0.022845,3.444853107
032_190℃_080_1.0mm.csv,1,80,1.48796,0.30000218,1.510655,0.300125258,0.022695,3.468223502
033_190℃_080_1.0mm.csv,1,80,1.487915,0.300206734,1.510125,0.300179648,0.02221,3.358166576
034_190℃_080_1.0mm.csv,1,80,1.48778,0.300196482,1.510145,0.300218339,0.022365,3.357671729
035_190℃_080_1.0mm.csv,1,80,1.487825,0.300140468,1.510085,0.300196058,0.02226,3.347271957
041_190℃_120_1.0mm.csv,1,120,1.48968,0.300090439,1.50482,0.300177073,0.01514,2.570914425
042_190℃_120_1.0mm.csv,1,120,1.489745,0.300025468,1.505245,0.300182863,0.0155,2.682125198
043_190℃_120_1.0mm.csv,1,120,1.48976,0.300181844,1.5054,0.300328125,0.01564,2.72261431
044_190℃_120_1.0mm.csv,1,120,1.489685,0.300007728,1.504855,0.300230099,0.01517,2.579351706
045_190℃_120_1.0mm.csv,1,120,1.489735,0.300134247,1.5049,0.300294782,0.015165,2.591678853
051_190℃_160_1.0mm.csv,1,160,1.49078,0.300301241,1.5024,0.300161738,0.01162,2.071195204
052_190℃_160_1.0mm.csv,1,160,1.490665,0.300215361,1.50256,0.300083226,0.011895,2.110950572
053_190℃_160_1.0mm.csv,1,160,1.490635,0.300198262,1.502655,0.300253355,0.01202,2.135137935
054_190℃_160_1.0mm.csv,1,160,1.49076,0.300112658,1.502415,0.30003231,0.011655,2.075148729
055_190℃_160_1.0mm.csv,1,160,1.490635,0.300297535,1.502675,0.300132378,0.01204,2.142010933
061_190℃_200_1.0mm.csv,1,200,1.49126,0.300156461,1.50123,0.300054218,0.00997,1.800964095
062_190℃_200_1.0mm.csv,1,200,1.49136,0.300181743,1.50099,0.300142576,0.00963,1.740015016
063_190℃_200_1.0mm.csv,1,200,1.491235,0.300080416,1.501045,0.300271035,0.00981,1.753080785
064_190℃_200_1.0mm.csv,1,200,1.491335,0.300085739,1.50126,0.300352976,0.009925,1.808915386
065_190℃_200_1.0mm.csv,1,200,1.491305,0.300187394,1.50121,0.300234126,0.009905,1.7970818
071_190℃_240_1.0mm.csv,1,240,1.491665,0.300188696,1.50038,0.300204989,0.008715,1.593654151
072_190℃_240_1.0mm.csv,1,240,1.491595,0.300283401,1.5006,0.300267748,0.009005,1.647386962
073_190℃_240_1.0mm.csv,1,240,1.491535,0.30020804,1.500255,0.300086464,0.00872,1.562166889
074_190℃_240_1.0mm.csv,1,240,1.49155,0.300168697,1.50056,0.300058103,0.00901,1.637440375
075_190℃_240_1.0mm.csv,1,240,1.491625,0.300035913,1.50026,0.300178881,0.008635,1.562923104
001_210℃_010_1.0mm.csv,1,10,1.41992,0.300055991,1.62206,0.300038208,0.20214,3.931667337
002_210℃_010_1.0mm.csv,1,10,1.420055,0.30004228,1.619485,0.300038912,0.19943,3.876874832
003_210℃_010_1.0mm.csv,1,10,1.420055,0.300055563,1.621595,0.300042371,0.20154,3.921373032
004_210℃_010_1.0mm.csv,1,10,1.42,0.300017804,1.619385,0.300006059,0.199385,3.87577752
005_210℃_010_1.0mm.csv,1,10,1.42009,0.300056757,1.61874,0.300010044,0.19865,3.857333444
011_210℃_020_1.0mm.csv,1,20,1.46213,0.300010621,1.555485,0.300029418,0.093355,3.692246512
012_210℃_020_1.0mm.csv,1,20,1.46228,0.300069692,1.55461,0.300086381,0.09233,3.659783448
013_210℃_020_1.0mm.csv,1,20,1.46207,0.300052866,1.55541,0.300101369,0.09334,3.691622574
014_210℃_020_1.0mm.csv,1,20,1.46218,0.300040961,1.55504,0.300003483,0.09286,3.677453072
015_210℃_020_1.0mm.csv,1,20,1.461965,0.300065114,1.555805,0.300063539,0.09384,3.705552495
021_210℃_040_1.0mm.csv,1,40,1.4801,0.300117426,1.52579,0.300090675,0.04569,3.680345666
022_210℃_040_1.0mm.csv,1,40,1.480305,0.300015983,1.52595,0.300164155,0.045645,3.700152982
023_210℃_040_1.0mm.csv,1,40,1.480485,0.300062121,1.525915,0.30014275,0.04543,3.697205639
024_210℃_040_1.0mm.csv,1,40,1.48045,0.300145067,1.525875,0.300190358,0.045425,3.695675148
025_210℃_040_1.0mm.csv,1,40,1.48048,0.300046538,1.525535,0.300070786,0.045055,3.665165017
031_210℃_080_1.0mm.csv,1,80,1.487185,0.300011312,1.509895,0.300243504,0.02271,3.164981547
032_210℃_080_1.0mm.csv,1,80,1.48725,0.300087771,1.509775,0.300011846,0.022525,3.146622352
033_210℃_080_1.0mm.csv,1,80,1.487125,0.300151295,1.50997,0.300211564,0.022845,3.181511015
034_210℃_080_1.0mm.csv,1,80,1.48734,0.30022873,1.50932,0.300165294,0.02198,3.063846682
035_210℃_080_1.0mm.csv,1,80,1.48723,0.300166775,1.509605,0.300229186,0.022375,3.113289942
041_210℃_120_1.0mm.csv,1,120,1.489415,0.300173674,1.504475,0.300113733,0.01506,2.431497766
042_210℃_120_1.0mm.csv,1,120,1.489385,0.300128703,1.50504,0.300182034,0.015655,2.565919466
043_210℃_120_1.0mm.csv,1,120,1.489345,0.300053867,1.504665,0.300271016,0.01532,2.476681037
044_210℃_120_1.0mm.csv,1,120,1.489455,0.300052953,1.504885,0.300179945,0.01543,2.532642435
045_210℃_120_1.0mm.csv,1,120,1.48931,0.300049952,1.50485,0.300300376,0.01554,2.519647985
051_210℃_160_1.0mm.csv,1,160,1.49029,0.300165136,1.50245,0.300030874,0.01216,2.056464351
052_210℃_160_1.0mm.csv,1,160,1.49034,0.300158691,1.502255,0.300083719,0.011915,2.009292366
053_210℃_160_1.0mm.csv,1,160,1.49043,0.300028885,1.502235,0.300298053,0.011805,2.005148458
054_210℃_160_1.0mm.csv,1,160,1.490295,0.300133678,1.502445,0.300021759,0.01215,2.056350362
055_210℃_160_1.0mm.csv,1,160,1.490555,0.300285604,1.502265,0.300040757,0.01171,2.015142081
061_210℃_200_1.0mm.csv,1,200,1.490995,0.300161371,1.50105,0.300186722,0.010055,1.747462461
062_210℃_200_1.0mm.csv,1,200,1.490955,0.300159787,1.501015,0.300299675,0.01006,1.737404736
063_210℃_200_1.0mm.csv,1,200,1.491145,0.30006749,1.50134,0.300269847,0.010195,1.820522999
064_210℃_200_1.0mm.csv,1,200,1.491015,0.300238981,1.50094,0.300240544,0.009925,1.719519237
065_210℃_200_1.0mm.csv,1,200,1.49097,0.300032459,1.500975,0.300302866,0.010005,1.727980162
071_210℃_240_1.0mm.csv,1,240,1.49136,0.300185636,1.50035,0.300183558,0.00899,1.582722107
072_210℃_240_1.0mm.csv,1,240,1.491435,0.300021335,1.50052,0.300272979,0.009085,1.624367996
073_210℃_240_1.0mm.csv,1,240,1.491475,0.300200193,1.50011,0.300332821,0.008635,1.525927686
074_210℃_240_1.0mm.csv,1,240,1.491515,0.300170071,1.499615,0.300268023,0.0081,1.411877723
075_210℃_240_1.0mm.csv,1,240,1.491485,0.300162093,1.50018,0.300026302,0.008695,1.542559595
001_230℃_010_1.0mm.csv,1,10,1.414705,0.300035387,1.609685,0.300009618,0.19498,3.57544647
002_230℃_010_1.0mm.csv,1,10,1.41491,0.300016734,1.60809,0.300042284,0.19318,3.53974476
003_230℃_010_1.0mm.csv,1,10,1.414215,0.300029432,1.610955,0.300040801,0.19674,3.590759805
004_230℃_010_1.0mm.csv,1,10,1.41415,0.300031229,1.610735,0.300035787,0.196585,3.586909612
005_230℃_010_1.0mm.csv,1,10,1.414815,0.300048229,1.60752,0.30003235,0.192705,3.528776797
011_230℃_020_1.0mm.csv,1,20,1.45873,0.300096609,1.55084,0.300003899,0.09211,3.344066951
012_230℃_020_1.0mm.csv,1,20,1.45886,0.300079489,1.550355,0.300060139,0.091495,3.326689127
013_230℃_020_1.0mm.csv,1,20,1.4589,0.300001896,1.552005,0.300001262,0.093105,3.39209638
014_230℃_020_1.0mm.csv,1,20,1.45905,0.300049975,1.550535,0.30005932,0.091485,3.336124523
015_230℃_020_1.0mm.csv,1,20,1.45871,0.30003174,1.551265,0.300016459,0.092555,3.361691165
021_230℃_040_1.0mm.csv,1,40,1.479245,0.300138459,1.52452,0.300045751,0.045275,3.391806458
022_230℃_040_1.0mm.csv,1,40,1.479125,0.300053235,1.52436,0.300005033,0.045235,3.375949059
023_230℃_040_1.0mm.csv,1,40,1.47915,0.300057018,1.52421,0.300085383,0.04506,3.367696104
024_230℃_040_1.0mm.csv,1,40,1.4793,0.300098564,1.52417,0.300140105,0.04487,3.364442634
025_230℃_040_1.0mm.csv,1,40,1.47927,0.300102843,1.52385,0.300060062,0.04458,3.334942492
031_230℃_080_1.0mm.csv,1,80,1.486725,0.300228509,1.50952,0.300029372,0.022795,2.987575774
032_230℃_080_1.0mm.csv,1,80,1.48663,0.300161963,1.50942,0.300071204,0.02279,2.969431617
033_230℃_080_1.0mm.csv,1,80,1.48684,0.300231025,1.508985,0.30003569,0.022145,2.899163033
034_230℃_080_1.0mm.csv,1,80,1.48686,0.30009238,1.509315,0.300107599,0.022455,2.956383624
035_230℃_080_1.0mm.csv,1,80,1.48686,0.300233366,1.509345,0.300218748,0.022485,2.961788843
041_230℃_120_1.0mm.csv,1,120,1.48909,0.300143228,1.504305,0.300177951,0.015215,2.347563704
042_230℃_120_1.0mm.csv,1,120,1.489115,0.300267977,1.504645,0.300290657,0.01553,2.424972091
043_230℃_120_1.0mm.csv,1,120,1.489145,0.300215998,1.50448,0.300191213,0.015335,2.388023376
044_230℃_120_1.0mm.csv,1,120,1.48885,0.300151777,1.504815,0.300011191,0.015965,2.456890578
045_230℃_120_1.0mm.csv,1,120,1.489045,0.300008093,1.504535,0.300170506,0.01549,2.397338344
051_230℃_160_1.0mm.csv,1,160,1.490245,0.300253081,1.50193,0.300067627,0.011685,1.915523388
052_230℃_160_1.0mm.csv,1,160,1.490195,0.300264972,1.501955,0.300248386,0.01176,1.921148232
053_230℃_160_1.0mm.csv,1,160,1.48998,0.300095445,1.50237,0.300092773,0.01239,2.015028858
054_230℃_160_1.0mm.csv,1,160,1.49022,0.300105564,1.502055,0.300044091,0.011835,1.944606705
055_230℃_160_1.0mm.csv,1,160,1.4901,0.300263614,1.501995,0.300104677,0.011895,1.929269389
061_230℃_200_1.0mm.csv,1,200,1.49091,0.300145261,1.500805,0.300190079,0.009895,1.682004551
062_230℃_200_1.0mm.csv,1,200,1.49092,0.300178535,1.500355,0.300313235,0.009435,1.579187487
063_230℃_200_1.0mm.csv,1,200,1.49092,0.300120319,1.50021,0.300199104,0.00929,1.546820614
064_230℃_200_1.0mm.csv,1,200,1.49085,0.300090576,1.50054,0.300132119,0.00969,1.620677923
065_230℃_200_1.0mm.csv,1,200,1.49075,0.300173872,1.500965,0.30007217,0.010215,1.718426924
071_230℃_240_1.0mm.csv,1,240,1.49121,0.300240838,1.50007,0.300165128,0.00886,1.515953526
072_230℃_240_1.0mm.csv,1,240,1.49119,0.300129452,1.500125,0.300110137,0.008935,1.529190808
073_230℃_240_1.0mm.csv,1,240,1.491145,0.300245212,1.49989,0.300084703,0.008745,1.475696087
074_230℃_240_1.0mm.csv,1,240,1.49125,0.300212881,1.499965,0.300180017,0.008715,1.492892556
075_230℃_240_1.0mm.csv,1,240,1.491145,0.300168696,1.500115,0.300228532,0.00897,1.526533955
021_190℃_010_1.5mm.csv,1.5,10,1.33557,0.300024766,1.57493,0.300005955,0.23936,2.172752461
022_190℃_010_1.5mm.csv,1.5,10,1.33471,0.300015056,1.578355,0.30001487,0.243645,2.205179799
023_190℃_010_1.5mm.csv,1.5,10,1.33432,0.300000115,1.58039,0.300010459,0.24607,2.220566253
024_190℃_010_1.5mm.csv,1.5,10,1.334515,0.300003851,1.58033,0.300021678,0.245815,2.22010517
025_190℃_010_1.5mm.csv,1.5,10,1.33519,0.300007557,1.576525,0.300000018,0.241335,2.186635305
031_190℃_020_1.5mm.csv,1.5,20,1.424295,0.300039795,1.541225,0.300006698,0.11693,2.241531484
032_190℃_020_1.5mm.csv,1.5,20,1.423255,0.300024061,1.540035,0.300037355,0.11678,2.214746442
033_190℃_020_1.5mm.csv,1.5,20,1.42321,0.300060629,1.54147,0.300056492,0.11826,2.24287776
034_190℃_020_1.5mm.csv,1.5,20,1.423425,0.30001621,1.540205,0.30005485,0.11678,2.219524854
035_190℃_020_1.5mm.csv,1.5,20,1.422925,0.300046391,1.539435,0.300036817,0.11651,2.206051805
041_190℃_040_1.5mm.csv,1.5,40,1.465685,0.300100055,1.522955,0.300011052,0.05727,2.392776969
042_190℃_040_1.5mm.csv,1.5,40,1.46567,0.300037316,1.52346,0.300095978,0.05779,2.412138198
043_190℃_040_1.5mm.csv,1.5,40,1.465545,0.300097362,1.52443,0.300129912,0.058885,2.451010073
044_190℃_040_1.5mm.csv,1.5,40,1.465525,0.300093425,1.52349,0.300062651,0.057965,2.413384552
045_190℃_040_1.5mm.csv,1.5,40,1.465505,0.300047201,1.52341,0.300090719,0.057905,2.411582816
051_190℃_080_1.5mm.csv,1.5,80,1.48174,0.300114663,1.510875,0.300020144,0.029135,2.466313076
052_190℃_080_1.5mm.csv,1.5,80,1.48187,0.300099122,1.51099,0.300180373,0.02912,2.476444491
053_190℃_080_1.5mm.csv,1.5,80,1.48175,0.300032937,1.510985,0.300201349,0.029235,2.476143516
054_190℃_080_1.5mm.csv,1.5,80,1.482055,0.30011688,1.51036,0.30019185,0.028305,2.421639608
055_190℃_080_1.5mm.csv,1.5,80,1.481885,0.300109921,1.510965,0.300000209,0.02908,2.477876348
061_190℃_120_1.5mm.csv,1.5,120,1.485805,0.300200898,1.505445,0.300194037,0.01964,2.217336241
062_190℃_120_1.5mm.csv,1.5,120,1.485795,0.300008903,1.505755,0.30000149,0.01996,2.262171782
063_190℃_120_1.5mm.csv,1.5,120,1.485795,0.300185522,1.50535,0.300088694,0.019555,2.204261416
064_190℃_120_1.5mm.csv,1.5,120,1.485795,0.30009369,1.50584,0.300192618,0.020045,2.272686819
065_190℃_120_1.5mm.csv,1.5,120,1.485785,0.300030885,1.505675,0.300048982,0.01989,2.249540842
071_190℃_160_1.5mm.csv,1.5,160,1.4877,0.300103826,1.502565,0.300009564,0.014865,1.903719415
072_190℃_160_1.5mm.csv,1.5,160,1.487585,0.300172381,1.502895,0.300234707,0.01531,1.957716602
073_190℃_160_1.5mm.csv,1.5,160,1.48762,0.300030397,1.50284,0.300117385,0.01522,1.949364838
074_190℃_160_1.5mm.csv,1.5,160,1.487805,0.300205985,1.5027,0.30011024,0.014895,1.927301809
075_190℃_160_1.5mm.csv,1.5,160,1.487795,0.300143912,1.502795,0.300102733,0.015,1.943019231
081_190℃_200_1.5mm.csv,1.5,200,1.48873,0.300216211,1.501485,0.300018898,0.012755,1.760575698
082_190℃_200_1.5mm.csv,1.5,200,1.48885,0.30008637,1.50131,0.300046151,0.01246,1.729109801
083_190℃_200_1.5mm.csv,1.5,200,1.48875,0.300055951,1.501315,0.300083062,0.012565,1.729531693
084_190℃_200_1.5mm.csv,1.5,200,1.48881,0.300232853,1.50134,0.300135341,0.01253,1.734525629
085_190℃_200_1.5mm.csv,1.5,200,1.48879,0.30024111,1.501405,0.300012158,0.012615,1.746580798
091_190℃_240_1.5mm.csv,1.5,240,1.489375,0.300032289,1.5002,0.300265039,0.010825,1.536575008
092_190℃_240_1.5mm.csv,1.5,240,1.48949,0.300072873,1.49999,0.300150131,0.0105,1.498351531
093_190℃_240_1.5mm.csv,1.5,240,1.48941,0.300263018,1.50024,0.300171736,0.01083,1.543870194
094_190℃_240_1.5mm.csv,1.5,240,1.48942,0.300244285,1.500185,0.300064678,0.010765,1.533913838
095_190℃_240_1.5mm.csv,1.5,240,1.489455,0.300104535,1.50014,0.300242793,0.010685,1.52613382
021_210℃_010_1.5mm.csv,1.5,10,1.31792,0.30002099,1.560085,0.300018704,0.242165,1.98704298
022_210℃_010_1.5mm.csv,1.5,10,1.31787,0.30002056,1.563895,0.300006067,0.246025,2.01380677
023_210℃_010_1.5mm.csv,1.5,10,1.31958,0.300016276,1.554465,0.300016442,0.234885,1.935683512
024_210℃_010_1.5mm.csv,1.5,10,1.31797,0.300006006,1.55878,0.300020245,0.24081,1.971681082
025_210℃_010_1.5mm.csv,1.5,10,1.31832,0.300016,1.55902,0.300013949,0.2407,1.976077483
031_210℃_020_1.5mm.csv,1.5,20,1.413025,0.300051166,1.53065,0.300022055,0.117625,1.98803528
032_210℃_020_1.5mm.csv,1.5,20,1.41319,0.300022867,1.531565,0.300019157,0.118375,2.002716031
033_210℃_020_1.5mm.csv,1.5,20,1.41339,0.300030553,1.5308,0.300025306,0.11741,1.990124841
034_210℃_020_1.5mm.csv,1.5,20,1.41362,0.300029153,1.52891,0.300045779,0.11529,1.959981994
035_210℃_020_1.5mm.csv,1.5,20,1.413445,0.300032993,1.530475,0.300057833,0.11703,1.981840925
041_210℃_040_1.5mm.csv,1.5,40,1.46177,0.300092711,1.52115,0.300110361,0.05938,2.229332367
042_210℃_040_1.5mm.csv,1.5,40,1.46188,0.300079214,1.519305,0.300039295,0.057425,2.165670351
043_210℃_040_1.5mm.csv,1.5,40,1.46208,0.300047657,1.51881,0.300085618,0.05673,2.147793333
044_210℃_040_1.5mm.csv,1.5,40,1.46205,0.300086855,1.520295,0.300043015,0.058245,2.201806
045_210℃_040_1.5mm.csv,1.5,40,1.46201,0.300068013,1.51972,0.300119005,0.05771,2.18053876
051_210℃_080_1.5mm.csv,1.5,80,1.48069,0.300144091,1.50986,0.300029892,0.02917,2.289753199
052_210℃_080_1.5mm.csv,1.5,80,1.48057,0.300112788,1.510205,0.300178075,0.029635,2.314190402
053_210℃_080_1.5mm.csv,1.5,80,1.48067,0.300135511,1.509895,0.300120982,0.029225,2.292762362
054_210℃_080_1.5mm.csv,1.5,80,1.48066,0.30012162,1.509515,0.300052273,0.028855,2.261196783
055_210℃_080_1.5mm.csv,1.5,80,1.480705,0.300033198,1.50892,0.300053429,0.028215,2.213175953
061_210℃_120_1.5mm.csv,1.5,120,1.485225,0.300149571,1.504885,0.300072218,0.01966,2.091438829
062_210℃_120_1.5mm.csv,1.5,120,1.485225,0.300096605,1.504995,0.300095457,0.01977,2.105227906
063_210℃_120_1.5mm.csv,1.5,120,1.48524,0.300073953,1.50468,0.30016349,0.01944,2.065461928
064_210℃_120_1.5mm.csv,1.5,120,1.485245,0.300150653,1.504825,0.300237097,0.01958,2.08464677
065_210℃_120_1.5mm.csv,1.5,120,1.485095,0.300074778,1.504975,0.300121031,0.01988,2.102051335
071_210℃_160_1.5mm.csv,1.5,160,1.487335,0.300179798,1.50203,0.300238041,0.014695,1.798123611
072_210℃_160_1.5mm.csv,1.5,160,1.487365,0.300232968,1.5019,0.30011577,0.014535,1.77916715
073_210℃_160_1.5mm.csv,1.5,160,1.487075,0.300208371,1.50248,0.300205767,0.015405,1.865704891
074_210℃_160_1.5mm.csv,1.5,160,1.48712,0.300037239,1.502465,0.300216798,0.015345,1.863728273
075_210℃_160_1.5mm.csv,1.5,160,1.48715,0.300039442,1.502305,0.300041879,0.015155,1.840109386
081_210℃_200_1.5mm.csv,1.5,200,1.4885,0.300216481,1.500785,0.300237249,0.012285,1.628854389
082_210℃_200_1.5mm.csv,1.5,200,1.488515,0.300229563,1.500395,0.300102911,0.01188,1.564575988
083_210℃_200_1.5mm.csv,1.5,200,1.48843,0.300123935,1.50061,0.300263459,0.01218,1.599971477
084_210℃_200_1.5mm.csv,1.5,200,1.48852,0.30008296,1.50061,0.300258188,0.01209,1.600021853
085_210℃_200_1.5mm.csv,1.5,200,1.488405,0.300039599,1.500775,0.300205271,0.01237,1.627282358
091_210℃_240_1.5mm.csv,1.5,240,1.48925,0.300253915,1.49974,0.300065764,0.01049,1.455593313
092_210℃_240_1.5mm.csv,1.5,240,1.4891,0.300233873,1.49977,0.300003061,0.01067,1.460994576
093_210℃_240_1.5mm.csv,1.5,240,1.4892,0.300215629,1.499665,0.300239648,0.010465,1.442812902
094_210℃_240_1.5mm.csv,1.5,240,1.489055,0.300028752,1.499875,0.300101537,0.01082,1.478756353
095_210℃_240_1.5mm.csv,1.5,240,1.489105,0.300025958,1.499945,0.300270254,0.01084,1.490767627
021_230℃_010_1.5mm.csv,1.5,10,1.298105,0.300005303,1.53902,0.300012043,0.240915,1.784945135
022_230℃_010_1.5mm.csv,1.5,10,1.297195,0.300002892,1.54476,0.300007227,0.247565,1.823046752
023_230℃_010_1.5mm.csv,1.5,10,1.29915,0.30000031,1.538575,0.300018322,0.239425,1.779119235
024_230℃_010_1.5mm.csv,1.5,10,1.296425,0.300001687,1.549615,0.300005234,0.25319,1.859824387
025_230℃_010_1.5mm.csv,1.5,10,1.298655,0.300011528,1.54146,0.300008913,0.242805,1.804564
031_230℃_020_1.5mm.csv,1.5,20,1.401395,0.300022731,1.5225,0.300031541,0.121105,1.815542852
032_230℃_020_1.5mm.csv,1.5,20,1.402025,0.300012661,1.51934,0.300019244,0.117315,1.770709962
033_230℃_020_1.5mm.csv,1.5,20,1.401625,0.300001616,1.52164,0.300028726,0.120015,1.803234219
034_230℃_020_1.5mm.csv,1.5,20,1.401715,0.300036811,1.521795,0.300011688,0.12008,1.807343206
035_230℃_020_1.5mm.csv,1.5,20,1.40183,0.300023571,1.52135,0.300029086,0.11952,1.802780113
041_230℃_040_1.5mm.csv,1.5,40,1.457475,0.300054012,1.515255,0.300098687,0.05778,1.967968625
042_230℃_040_1.5mm.csv,1.5,40,1.457945,0.300111581,1.51502,0.300034947,0.057075,1.959278825
043_230℃_040_1.5mm.csv,1.5,40,1.457635,0.300059811,1.515165,0.300013725,0.05753,1.9635013
044_230℃_040_1.5mm.csv,1.5,40,1.457875,0.30004573,1.51546,0.300056915,0.057585,1.974747044
045_230℃_040_1.5mm.csv,1.5,40,1.45753,0.300003149,1.51567,0.300036011,0.05814,1.981588292
051_230℃_080_1.5mm.csv,1.5,80,1.47919,0.300014794,1.50854,0.300132825,0.02935,2.114439042
052_230℃_080_1.5mm.csv,1.5,80,1.479115,0.300072051,1.508705,0.300115477,0.02959,2.125336531
053_230℃_080_1.5mm.csv,1.5,80,1.479235,0.300009489,1.508265,0.300000373,0.02903,2.094011365
054_230℃_080_1.5mm.csv,1.5,80,1.479205,0.300015623,1.508125,0.300118804,0.02892,2.084414261
055_230℃_080_1.5mm.csv,1.5,80,1.479445,0.300045044,1.508395,0.300038253,0.02895,2.103822675
061_230℃_120_1.5mm.csv,1.5,120,1.484535,0.300040149,1.50378,0.300037854,0.019245,1.918600647
062_230℃_120_1.5mm.csv,1.5,120,1.48464,0.300142175,1.503955,0.300007006,0.019315,1.938496657
063_230℃_120_1.5mm.csv,1.5,120,1.48457,0.300001404,1.503865,0.300169277,0.019295,1.929146563
064_230℃_120_1.5mm.csv,1.5,120,1.484625,0.300055414,1.50341,0.300101517,0.018785,1.87687112
065_230℃_120_1.5mm.csv,1.5,120,1.48441,0.300160603,1.503915,0.300067661,0.019505,1.932845404
071_230℃_160_1.5mm.csv,1.5,160,1.486715,0.30009808,1.50156,0.300210228,0.014845,1.714029286
072_230℃_160_1.5mm.csv,1.5,160,1.486795,0.300191451,1.501475,0.300043846,0.01468,1.701948685
073_230℃_160_1.5mm.csv,1.5,160,1.486665,0.300179691,1.502005,0.300002406,0.01534,1.776385374
074_230℃_160_1.5mm.csv,1.5,160,1.48663,0.300126345,1.50232,0.300174752,0.01569,1.822020094
075_230℃_160_1.5mm.csv,1.5,160,1.486565,0.300047641,1.502065,0.300072304,0.0155,1.78453382
081_230℃_200_1.5mm.csv,1.5,200,1.48805,0.300152086,1.500605,0.300245248,0.012555,1.593966662
082_230℃_200_1.5mm.csv,1.5,200,1.4879,0.300243787,1.500525,0.300182535,0.012625,1.581729287
083_230℃_200_1.5mm.csv,1.5,200,1.48795,0.300068873,1.50036,0.300261484,0.01241,1.555992499
084_230℃_200_1.5mm.csv,1.5,200,1.487955,0.300011232,1.50056,0.300045023,0.012605,1.586682382
085_230℃_200_1.5mm.csv,1.5,200,1.487875,0.300233295,1.50054,0.300006874,0.012665,1.583591939
091_230℃_240_1.5mm.csv,1.5,240,1.488665,0.300065906,1.499625,0.3001195,0.01096,1.438963778
092_230℃_240_1.5mm.csv,1.5,240,1.48874,0.300222895,1.499875,0.300099541,0.011135,1.47943755
093_230℃_240_1.5mm.csv,1.5,240,1.488805,0.300238027,1.49967,0.300185759,0.010865,1.446344754
094_230℃_240_1.5mm.csv,1.5,240,1.48878,0.300228242,1.49939,0.300109954,0.01061,1.400958922
095_230℃_240_1.5mm.csv,1.5,240,1.48884,0.300231878,1.49951,0.300282468,0.01067,1.420258488
021_190℃_010_2.0mm.csv,2,10,1.18756,0.300018173,1.49202,0.30000205,0.30446,1.465682
022_190℃_010_2.0mm.csv,2,10,1.18622,0.300034169,1.47992,0.300047956,0.2937,1.413767939
023_190℃_010_2.0mm.csv,2,10,1.18302,0.300025084,1.52112,0.300019651,0.3381,1.593786414
024_190℃_010_2.0mm.csv,2,10,1.18654,0.300056107,1.48032,0.300041278,0.29378,1.412823901
025_190℃_010_2.0mm.csv,2,10,1.185,0.300017115,1.48408,0.30001664,0.29908,1.430345577
031_190℃_020_2.0mm.csv,2,20,1.347235,0.300031903,1.495745,0.300007214,0.14851,1.463758884
032_190℃_020_2.0mm.csv,2,20,1.347295,0.300024687,1.49391,0.300005805,0.146615,1.447147531
033_190℃_020_2.0mm.csv,2,20,1.346935,0.300009867,1.501875,0.300022123,0.15494,1.516295626
034_190℃_020_2.0mm.csv,2,20,1.346695,0.300005577,1.502,0.30001549,0.155305,1.51764043
035_190℃_020_2.0mm.csv,2,20,1.34617,0.300015044,1.501335,0.300029224,0.155165,1.511762689
041_190℃_040_2.0mm.csv,2,40,1.434425,0.300006744,1.510265,0.300059093,0.07584,1.695658497
042_190℃_040_2.0mm.csv,2,40,1.43414,0.30008087,1.506865,0.300006957,0.072725,1.62985288
043_190℃_040_2.0mm.csv,2,40,1.43423,0.300071733,1.506155,0.300030019,0.071925,1.615948265
044_190℃_040_2.0mm.csv,2,40,1.434155,0.300021278,1.508735,0.300074572,0.07458,1.665311514
045_190℃_040_2.0mm.csv,2,40,1.434135,0.300006603,1.506565,0.300038362,0.07243,1.624542221
051_190℃_080_2.0mm.csv,2,80,1.47061,0.300009636,1.50783,0.300147752,0.03722,1.851118188
052_190℃_080_2.0mm.csv,2,80,1.470705,0.300056827,1.507805,0.300084788,0.0371,1.848157597
053_190℃_080_2.0mm.csv,2,80,1.47076,0.300094531,1.506325,0.300074114,0.035565,1.781165639
054_190℃_080_2.0mm.csv,2,80,1.470875,0.300015518,1.50782,0.300150756,0.036945,1.847959422
055_190℃_080_2.0mm.csv,2,80,1.470745,0.300008389,1.508145,0.300132724,0.0374,1.863955635
061_190℃_120_2.0mm.csv,2,120,1.47995,0.300176768,1.50436,0.300083252,0.02441,1.823116192
062_190℃_120_2.0mm.csv,2,120,1.48002,0.300150171,1.504315,0.300054302,0.024295,1.818607017
063_190℃_120_2.0mm.csv,2,120,1.47973,0.300157077,1.50494,0.300129566,0.02521,1.865661424
064_190℃_120_2.0mm.csv,2,120,1.47967,0.300058532,1.50467,0.300126863,0.025,1.844713112
065_190℃_120_2.0mm.csv,2,120,1.47967,0.300098454,1.505005,0.300133589,0.025335,1.870802254
071_190℃_160_2.0mm.csv,2,160,1.48337,0.300186407,1.501925,0.300104359,0.018555,1.691268382
072_190℃_160_2.0mm.csv,2,160,1.483695,0.300164615,1.5019,0.300152688,0.018205,1.689526016
073_190℃_160_2.0mm.csv,2,160,1.483435,0.300051214,1.501735,0.300056537,0.0183,1.672394873
074_190℃_160_2.0mm.csv,2,160,1.483535,0.300079567,1.50209,0.300148541,0.018555,1.70859974
075_190℃_160_2.0mm.csv,2,160,1.483485,0.300008781,1.502205,0.300197511,0.01872,1.720178749
081_190℃_200_2.0mm.csv,2,200,1.48541,0.300158617,1.500265,0.300006993,0.014855,1.531303909
082_190℃_200_2.0mm.csv,2,200,1.485255,0.300037161,1.501145,0.300137782,0.01589,1.636762698
083_190℃_200_2.0mm.csv,2,200,1.48536,0.300165347,1.50108,0.300114357,0.01572,1.628928743
084_190℃_200_2.0mm.csv,2,200,1.485485,0.300159497,1.501465,0.300072235,0.01598,1.676218914
085_190℃_200_2.0mm.csv,2,200,1.485355,0.30019605,1.500465,0.30010323,0.01511,1.55511804
091_190℃_240_2.0mm.csv,2,240,1.486625,0.30009742,1.49963,0.300159023,0.013005,1.451596406
092_190℃_240_2.0mm.csv,2,240,1.48655,0.300205282,1.500225,0.300190173,0.013675,1.530265435
093_190℃_240_2.0mm.csv,2,240,1.48659,0.30006756,1.499505,0.300140419,0.012915,1.435547036
094_190℃_240_2.0mm.csv,2,240,1.486525,0.300169133,1.49996,0.300042499,0.013435,1.495126063
095_190℃_240_2.0mm.csv,2,240,1.486745,0.300197159,1.49854,0.300100981,0.011795,1.312115893
021_210℃_010_2.0mm.csv,2,10,1.15142,0.300018876,1.47714,0.300022383,0.32572,1.411217366
022_210℃_010_2.0mm.csv,2,10,1.15206,0.300032279,1.46236,0.30002278,0.3103,1.352441422
023_210℃_010_2.0mm.csv,2,10,1.1513,0.300000756,1.471,0.300040784,0.3197,1.388028483
024_210℃_010_2.0mm.csv,2,10,1.15312,0.300009715,1.44236,0.300032851,0.28924,1.274408975
025_210℃_010_2.0mm.csv,2,10,1.15134,0.300017978,1.46786,0.300026154,0.31652,1.372821941
031_210℃_020_2.0mm.csv,2,20,1.32667,0.300003057,1.475085,0.300020319,0.148415,1.306694307
032_210℃_020_2.0mm.csv,2,20,1.32583,0.300005321,1.479105,0.300014806,0.153275,1.337634164
033_210℃_020_2.0mm.csv,2,20,1.32653,0.300020261,1.481605,0.300002924,0.155075,1.358126736
034_210℃_020_2.0mm.csv,2,20,1.325845,0.300002412,1.476235,0.300005704,0.15039,1.316226844
035_210℃_020_2.0mm.csv,2,20,1.32617,0.300002167,1.47662,0.300003033,0.15045,1.318928716
041_210℃_040_2.0mm.csv,2,40,1.42496,0.300004145,1.49993,0.300066721,0.07497,1.498866432
042_210℃_040_2.0mm.csv,2,40,1.42509,0.300053658,1.499465,0.300012434,0.074375,1.491052745
043_210℃_040_2.0mm.csv,2,40,1.425395,0.300014435,1.4999,0.300057238,0.074505,1.498347679
044_210℃_040_2.0mm.csv,2,40,1.42518,0.300064001,1.49861,0.300033474,0.07343,1.476791889
045_210℃_040_2.0mm.csv,2,40,1.425445,0.300056577,1.498175,0.300043376,0.07273,1.469317271
051_210℃_080_2.0mm.csv,2,80,1.467695,0.300084068,1.505035,0.30001672,0.03734,1.700324369
052_210℃_080_2.0mm.csv,2,80,1.46771,0.300025012,1.506095,0.30015197,0.038385,1.742504914
053_210℃_080_2.0mm.csv,2,80,1.46792,0.300037526,1.503825,0.300044851,0.035905,1.652354759
054_210℃_080_2.0mm.csv,2,80,1.467745,0.300130076,1.50493,0.300036603,0.037185,1.695635859
055_210℃_080_2.0mm.csv,2,80,1.467755,0.300045603,1.50481,0.300128742,0.037055,1.689908533
061_210℃_120_2.0mm.csv,2,120,1.478305,0.300145953,1.503455,0.300002502,0.02515,1.729033441
062_210℃_120_2.0mm.csv,2,120,1.478165,0.300107429,1.50391,0.300057854,0.025745,1.759679451
063_210℃_120_2.0mm.csv,2,120,1.47823,0.300101864,1.502385,0.300083437,0.024155,1.658670856
064_210℃_120_2.0mm.csv,2,120,1.47831,0.300132552,1.502725,0.300169536,0.024415,1.680928643
065_210℃_120_2.0mm.csv,2,120,1.4784,0.30006384,1.503505,0.300008339,0.025105,1.732107061
071_210℃_160_2.0mm.csv,2,160,1.482555,0.300064641,1.50051,0.300000392,0.017955,1.546552487
072_210℃_160_2.0mm.csv,2,160,1.482495,0.300016145,1.501215,0.300099023,0.01872,1.610683079
073_210℃_160_2.0mm.csv,2,160,1.482535,0.300100308,1.501315,0.300081609,0.01878,1.62016903
074_210℃_160_2.0mm.csv,2,160,1.482275,0.300030383,1.50235,0.300019109,0.020075,1.714529329
075_210℃_160_2.0mm.csv,2,160,1.482495,0.300085772,1.50102,0.300201777,0.018525,1.59309142
081_210℃_200_2.0mm.csv,2,200,1.48479,0.300100234,1.50068,0.300181141,0.01589,1.57525667
082_210℃_200_2.0mm.csv,2,200,1.484855,0.300001302,1.49976,0.300220467,0.014905,1.473786029
083_210℃_200_2.0mm.csv,2,200,1.48482,0.300193951,1.500085,0.300112281,0.015265,1.50982504
084_210℃_200_2.0mm.csv,2,200,1.484665,0.300088553,1.49999,0.300091771,0.015325,1.499050087
085_210℃_200_2.0mm.csv,2,200,1.48466,0.300183486,1.50009,0.300038634,0.01543,1.510104512
091_210℃_240_2.0mm.csv,2,240,1.486215,0.300163564,1.49849,0.300020919,0.012275,1.31629969
092_210℃_240_2.0mm.csv,2,240,1.485955,0.300005217,1.499665,0.30025798,0.01371,1.458973684
093_210℃_240_2.0mm.csv,2,240,1.48605,0.300146795,1.499985,0.300179868,0.013935,1.498346284
094_210℃_240_2.0mm.csv,2,240,1.48607,0.300057851,1.49961,0.300044747,0.01354,1.451802679
095_210℃_240_2.0mm.csv,2,240,1.48599,0.300061177,1.498875,0.300052427,0.012885,1.363139441
021_230℃_010_2.0mm.csv,2,10,1.11706,0.3000112,1.4279,0.300003288,0.31084,1.240699585
022_230℃_010_2.0mm.csv,2,10,1.11952,0.300046601,1.42904,0.300013068,0.30952,1.247847039
023_230℃_010_2.0mm.csv,2,10,1.11494,0.300018841,1.42354,0.300033632,0.3086,1.230268293
024_230℃_010_2.0mm.csv,2,10,1.11654,0.300037598,1.41076,0.30002727,0.29422,1.185798189
025_230℃_010_2.0mm.csv,2,10,1.1124,0.300024584,1.4333,0.300006465,0.3209,1.259458824
031_230℃_020_2.0mm.csv,2,20,1.30343,0.300019234,1.461085,0.30002279,0.157655,1.229759503
032_230℃_020_2.0mm.csv,2,20,1.302275,0.300020148,1.460435,0.300006544,0.15816,1.227808613
033_230℃_020_2.0mm.csv,2,20,1.30311,0.300014096,1.462355,0.300006322,0.159245,1.238137851
034_230℃_020_2.0mm.csv,2,20,1.30388,0.300013433,1.457785,0.300019149,0.153905,1.205411431
035_230℃_020_2.0mm.csv,2,20,1.303145,0.300014405,1.457505,0.300011154,0.15436,1.205973007
041_230℃_040_2.0mm.csv,2,40,1.414645,0.300060173,1.489085,0.300043407,0.07444,1.337298195
042_230℃_040_2.0mm.csv,2,40,1.414295,0.300031957,1.488545,0.300051175,0.07425,1.330724292
043_230℃_040_2.0mm.csv,2,40,1.414025,0.300029941,1.488775,0.300012534,0.07475,1.332551842
044_230℃_040_2.0mm.csv,2,40,1.41408,0.300040656,1.491405,0.300035832,0.077325,1.372315735
045_230℃_040_2.0mm.csv,2,40,1.414065,0.300057586,1.48796,0.300021377,0.073895,1.321220105
051_230℃_080_2.0mm.csv,2,80,1.46416,0.300084993,1.500965,0.300079013,0.036805,1.534220274
052_230℃_080_2.0mm.csv,2,80,1.464045,0.300105537,1.50211,0.300037667,0.038065,1.574599243
053_230℃_080_2.0mm.csv,2,80,1.46416,0.300009896,1.500615,0.300073162,0.036455,1.521605191
054_230℃_080_2.0mm.csv,2,80,1.464225,0.300025555,1.50066,0.300071964,0.036435,1.523473847
055_230℃_080_2.0mm.csv,2,80,1.46422,0.300090751,1.500655,0.300027562,0.036435,1.523257361
061_230℃_120_2.0mm.csv,2,120,1.47648,0.300109856,1.5012,0.300127514,0.02472,1.571507448
062_230℃_120_2.0mm.csv,2,120,1.476515,0.300144419,1.502255,0.300125737,0.02574,1.634488009
063_230℃_120_2.0mm.csv,2,120,1.4765,0.300159188,1.50196,0.300151658,0.02546,1.616635627
064_230℃_120_2.0mm.csv,2,120,1.47657,0.300071318,1.50038,0.300105225,0.02381,1.522901
065_230℃_120_2.0mm.csv,2,120,1.4765,0.300037055,1.50116,0.300021705,0.02466,1.568994386
071_230℃_160_2.0mm.csv,2,160,1.48159,0.300033587,1.50029,0.300046134,0.0187,1.524253532
072_230℃_160_2.0mm.csv,2,160,1.48153,0.300173699,1.499895,0.300106431,0.018365,1.491564194
073_230℃_160_2.0mm.csv,2,160,1.48148,0.300001106,1.499455,0.300150847,0.017975,1.455196566
074_230℃_160_2.0mm.csv,2,160,1.48127,0.300061572,1.500715,0.300039498,0.019445,1.559225153
075_230℃_160_2.0mm.csv,2,160,1.48111,0.300085033,1.500955,0.300103652,0.019845,1.579087802
081_230℃_200_2.0mm.csv,2,200,1.48382,0.300030797,1.49947,0.300020043,0.01565,1.446761865
082_230℃_200_2.0mm.csv,2,200,1.48386,0.30019537,1.499635,0.300038162,0.015775,1.463241944
083_230℃_200_2.0mm.csv,2,200,1.484045,0.300168809,1.498985,0.30019216,0.01494,1.39776478
084_230℃_200_2.0mm.csv,2,200,1.48395,0.300198922,1.49974,0.300006802,0.01579,1.473618419
085_230℃_200_2.0mm.csv,2,200,1.483885,0.300168826,1.49978,0.300016845,0.015895,1.477870407
091_230℃_240_2.0mm.csv,2,240,1.485665,0.300157445,1.49807,0.300123064,0.012405,1.279433696
092_230℃_240_2.0mm.csv,2,240,1.485315,0.300106202,1.499245,0.300121103,0.01393,1.413076073
093_230℃_240_2.0mm.csv,2,240,1.485335,0.300182161,1.498505,0.300184261,0.01317,1.329805711
094_230℃_240_2.0mm.csv,2,240,1.4853,0.300021433,1.498445,0.300069436,0.013145,1.322813216
095_230℃_240_2.0mm.csv,2,240,1.48531,0.30008296,1.498615,0.300044869,0.013305,1.341752752
