キャビ厚,温度,射出速度[mm/s],時間差ΔT34(s)_平均,時間差ΔT34(s)_標準偏差上,時間差ΔT34(s)_標準偏差下,流速V34(mm/s)_平均,流速V34(mm/s)_標準偏差上,流速V34(mm/s)_標準偏差下,流量Q34(mm³/s)_平均,流量Q34(mm³/s)_標準偏差上,流量Q34(mm³/s)_標準偏差下,圧力差ΔP34(Pa)_平均,圧力差ΔP34(Pa)_標準偏差上,圧力差ΔP34(Pa)_標準偏差下,せん断速度γ34(1/s)_幾何平均,せん断速度γ34(1/s)_幾何標準偏差上,せん断速度γ34(1/s)_幾何標準偏差下,樹脂粘度η34(Pa・s)_幾何平均,樹脂粘度η34(Pa・s)_幾何標準偏差上,樹脂粘度η34(Pa・s)_幾何標準偏差下,CH03_最大圧力(MPa)_平均,CH03_最大圧力(MPa)_標準偏差上,CH03_最大圧力(MPa)_標準偏差下,CH03_最大圧力時間(s)_平均,CH03_最大圧力時間(s)_標準偏差上,CH03_最大圧力時間(s)_標準偏差下,CH04_最大圧力(MPa)_平均,CH04_最大圧力(MPa)_標準偏差上,CH04_最大圧力(MPa)_標準偏差下,CH04_最大圧力時間(s)_平均,CH04_最大圧力時間(s)_標準偏差上,CH04_最大圧力時間(s)_標準偏差下,最大圧力差(MPa)_平均,最大圧力差(MPa)_標準偏差上,最大圧力差(MPa)_標準偏差下,先行列圧力@後発列最大時(MPa)_平均,先行列圧力@後発列最大時(MPa)_標準偏差上,先行列圧力@後発列最大時(MPa)_標準偏差下
0.5,190,280,0.008773333333333374,0.000132884661768387,-0.000132884661768387,1994.9865973129865,30.280138965468748,-30.280138965468748,39899.73194625973,605.602779309379,-605.602779309379,1986630.392,76707.56309049243,-76707.56309049243,23938.003341929067,24303.73422438658,23577.77610253925,1.1849884932096122,1.250639965235149,1.1227833493831822,44.49420527,1.0327959987827464,-1.0327959987827464,1.55788,0.0017391161548327202,-0.0017391161548327202,33.670055579999996,1.0021292650428313,-1.0021292650428313,1.5631283333333332,0.0015433108349691249,-0.0015433108349691249,10.824149686666667,0.05897931254485888,-0.05897931254485888,44.106382599999996,1.0953545030970087,-1.0953545030970087
0.5,190,320,0.008271666666666677,0.0004921720566359772,-0.0004921720566359772,2120.5824024050244,124.25428151308259,-124.25428151308259,42411.64804810049,2485.085630261658,-2485.085630261658,1824683.9579999999,219307.37041935642,-219307.37041935642,25417.56369727858,26964.349433758816,23959.507938150713,1.0206182972254334,1.220573991023326,0.8534195520240577,43.65763178666666,2.008269239741717,-2.008269239741717,1.5555700000000001,0.001773238562630453,-0.001773238562630453,32.87343928,1.5213407230897467,-1.5213407230897467,1.5614516666666667,0.001937306979632668,-0.001937306979632668,10.784192506666665,0.4928374388868662,-0.4928374388868662,43.19709353,1.9998831019813927,-1.9998831019813927
0.5,210,280,0.00817000000000001,0.000153215534460482,-0.000153215534460482,2142.4901693808597,40.57742066875526,-40.57742066875526,42849.8033876172,811.5484133751079,-811.5484133751079,1778055.289,59789.813261552335,-59789.813261552335,25706.828010243524,26195.93134164505,25226.85671028872,0.9877176888250824,1.0410955445573227,0.937076561241826,41.99101441333334,0.36263543838900686,-0.36263543838900686,1.5512133333333333,0.0013555656875760518,-0.0013555656875760518,31.456409216666668,0.4035573138366149,-0.4035573138366149,1.5568383333333333,0.0015639879581803788,-0.0015639879581803788,10.534605196666666,0.04100812420498792,-0.04100812420498792,41.504301129999995,0.3759382948682095,-0.3759382948682095
0.5,210,320,0.008095000000000038,0.00016255768207023137,-0.00016255768207023137,2162.4155890620523,43.86997911244722,-43.86997911244722,43248.31178124104,877.3995822489478,-877.3995822489478,1754145.093333333,64812.555304730246,-64812.555304730246,25945.45102703051,26474.4986513406,25426.975515623268,0.9653963908040587,1.0224103338219668,0.9115617874220265,42.305523990000005,0.28685337267548794,-0.28685337267548794,1.551445,0.0008601744009211419,-0.0008601744009211419,31.649161806666665,0.27295685724021385,-0.27295685724021385,1.5571633333333335,0.0012006907734022655,-0.0012006907734022655,10.656362183333334,0.04958721650530975,-0.04958721650530975,41.80269473333333,0.2719624123337126,-0.2719624123337126
0.5,230,280,0.008298333333333444,0.00012964695651397114,-0.00012964695651397114,2109.203290380758,33.22857737245024,-33.22857737245024,42184.06580761517,664.5715474490067,-664.5715474490067,1773514.563,43940.26415689306,-43940.26415689306,25308.357085907177,25708.558470871107,24914.38557760897,1.0008838650138518,1.0417859220565446,0.9615876832617573,41.00744399,0.1985352451144807,-0.1985352451144807,1.5528133333333332,0.001093873088311942,-0.001093873088311942,30.849134356666667,0.13041415687784375,-0.13041415687784375,1.55816,0.001080867706983628,-0.001080867706983628,10.158309635333334,0.18274618176059804,-0.18274618176059804,40.59996507333333,0.1809037778287625,-0.1809037778287625
0.5,230,320,0.0077866666666666084,5.965176722726282e-05,-5.965176722726282e-05,2247.5197235689784,17.273185889082136,-17.273185889082136,44950.39447137957,345.46371778164325,-345.46371778164325,1600457.5703333335,9748.512493013508,-9748.512493013508,26969.706809693816,27177.445864213078,26763.555671676648,0.8477436421109213,0.8585308193895143,0.837092002417016,41.00898125333333,0.29701653867115985,-0.29701653867115985,1.552665,0.0007960527620704343,-0.0007960527620704343,30.797761873333332,0.28893174179724757,-0.28893174179724757,1.5582683333333334,0.0009352317003466503,-0.0009352317003466503,10.211219380000001,0.012643335023153438,-0.012643335023153438,40.5612792,0.2954155038790018,-0.2954155038790018
1.0,190,280,0.00864333333333341,7.522189397591257e-05,-7.522189397591257e-05,2024.7841939211266,17.64233734161842,-17.64233734161842,80991.36775684507,705.693493664736,-705.693493664736,1273698.9153333332,29397.929379712943,-29397.929379712943,12148.397963782514,12254.649639229505,12043.067523855727,2.995039395536003,3.091798291996698,2.901308602192036,23.242445083333337,0.13762183725174568,-0.13762183725174568,1.5596633333333332,0.00016064972248119636,-0.00016064972248119636,18.062695373333334,0.11953865466137469,-0.11953865466137469,1.5618283333333334,0.0001486887128645985,-0.0001486887128645985,5.179749709,0.01850471713091389,-0.01850471713091389,23.18800810666667,0.1382297369643302,-0.1382297369643302
1.0,190,320,0.008331666666666626,0.00034588051886947865,-0.00034588051886947865,2102.7872552459335,85.53801673057401,-85.53801673057401,84111.49020983733,3421.5206692229667,-3421.5206692229667,1214091.3660000002,86440.0755664031,-86440.0755664031,12609.668156029851,13138.814937626335,12101.8319962667,2.7463821776320065,3.06937056006088,2.4573817067774035,23.405331293333333,0.06822051986829182,-0.06822051986829182,1.5599016666666667,9.504384952918046e-05,-9.504384952918046e-05,18.213684580000002,0.048018711263218446,-0.048018711263218446,1.5620200000000002,8.261355820922464e-05,-8.261355820922464e-05,5.191646713666667,0.0206199133161572,-0.0206199133161572,23.351328086666665,0.06870518918570148,-0.06870518918570148
1.0,210,280,0.008341666666666617,0.00015118972628230004,-0.00015118972628230004,2098.3646582047118,38.282890684446805,-38.282890684446805,83934.58632818848,1531.31562737787,-1531.31562737787,1169528.4086666666,26380.180431901805,-26380.180431901805,12588.79715163188,12819.821813812823,12361.935760618893,2.653902486753224,2.7630002072988944,2.549112515659334,22.733788713333336,0.12185458983565445,-0.12185458983565445,1.5608816666666667,0.00018817102150247178,-0.00018817102150247178,17.850156403333333,0.10944645001455622,-0.10944645001455622,1.5629799999999998,0.00017585505395063992,-0.00017585505395063992,4.883632311333334,0.017562107892499974,-0.017562107892499974,22.68572218,0.12237979399023068,-0.12237979399023068
1.0,210,320,0.008071666666666625,0.00025526130402653903,-0.00025526130402653903,2169.499314752665,67.43365777320007,-67.43365777320007,86779.97259010661,2697.346310927995,-2697.346310927995,1135791.8046666665,50520.49716100468,-50520.49716100468,13012.754726827538,13427.280692671597,12611.025974379987,2.4921793222107085,2.687164533581412,2.311342568136963,22.914232246666668,0.07501925591508946,-0.07501925591508946,1.5610783333333333,0.00010866615541803954,-0.00010866615541803954,18.013914936666666,0.08538124377216574,-0.08538124377216574,1.5630983333333333,9.543758868140198e-05,-9.543758868140198e-05,4.900317309666667,0.010601309423769762,-0.010601309423769762,22.86769311,0.0755606342444848,-0.0755606342444848
1.0,230,280,0.008303333333333255,6.806859285548645e-05,-6.806859285548645e-05,2107.681393506877,17.214417597055945,-17.214417597055945,84307.2557402751,688.576703882245,-688.576703882245,1120793.733,15665.758571140903,-15665.758571140903,12645.806468469333,12749.707664823238,12542.751994164873,2.5321118652135213,2.5885820303745106,2.476873602119336,21.076687773333333,0.13432555624053794,-0.13432555624053794,1.5604433333333334,0.0001775058684475325,-0.0001775058684475325,16.549604400000003,0.12534635851073414,-0.12534635851073414,1.5625483333333332,0.00016250641013004595,-0.00016250641013004595,4.527083373666667,0.014217189884732816,-0.014217189884732816,21.03168787,0.1348806161044224,-0.1348806161044224
1.0,230,320,0.008395000000000005,0.00028844410203709986,-0.00028844410203709986,2086.195020568424,70.76967681305831,-70.76967681305831,83447.80082273694,2830.7870725223274,-2830.7870725223274,1152916.3526666667,47120.68065253906,-47120.68065253906,12512.327282223558,12946.95927686266,12092.285969977467,2.631185130892104,2.835408764318444,2.441670943586801,21.1206549,0.07083235762250513,-0.07083235762250513,1.5604933333333335,0.00010774197572597105,-0.00010774197572597105,16.56735089333333,0.04121066824365257,-0.04121066824365257,1.5625283333333335,0.00010610529361614064,-0.00010610529361614064,4.553304007,0.02962206198484781,-0.02962206198484781,21.076957566666668,0.07067708183401714,-0.07067708183401714
1.5,190,3,0.8908066666666666,0.01663865779843244,-0.01663865779843244,19.64973099387193,0.37064979173667,-0.37064979173667,1178.983859632316,22.238987504200146,-22.238987504200146,2524613.4173333333,64313.18583696367,-64313.18583696367,78.5896625022648,80.07884739899934,77.12817120663335,1376.4416091179808,1438.9221537115106,1316.6740802651807,27.58808818,0.1720559448209416,-0.1720559448209416,5.462953333333334,0.03203124932520314,-0.03203124932520314,19.920912623333333,0.16521081937253043,-0.16521081937253043,5.793379999999999,0.04014685043686457,-0.04014685043686457,7.667175553666667,0.11579449859646235,-0.11579449859646235,26.985444496666663,0.2110529980105051,-0.2110529980105051
1.5,190,5,0.4937133333333333,0.004180063795366492,-0.004180063795366492,35.44735596925417,0.29865815805082924,-0.29865815805082924,2126.84135815525,17.919489483049535,-17.919489483049535,2092402.1446666664,8597.610329015853,-8597.610329015853,141.7860578319431,142.9886672829397,140.59356295519288,632.4590380114076,640.4448708390913,624.5727821010443,28.221866950000003,0.09104719697546618,-0.09104719697546618,3.427606666666667,0.0001331665623695654,-0.0001331665623695654,21.099996106666666,0.10435151819138262,-0.10435151819138262,3.4304666666666663,5.033222956834554e-05,-5.033222956834554e-05,7.121870844666667,0.031241946778957506,-0.031241946778957506,28.209263306666667,0.09040172892628492,-0.09040172892628492
1.5,190,280,0.00963166666666663,0.0003252819289990095,-0.0003252819289990095,1818.2899623982146,60.70623111967602,-60.70623111967602,109097.39774389286,3642.3738671805627,-3642.3738671805627,1083918.834,43825.80845224903,-43825.80845224903,7270.436563600417,7518.757628858312,7030.316767022089,6.385944593135255,6.874438578185811,5.93216273340469,12.773627386666666,0.0054553233779157115,-0.0054553233779157115,1.5603883333333333,7.973915809278026e-05,-7.973915809278026e-05,10.020857840333333,0.01874736496709958,-0.01874736496709958,1.5625916666666668,6.934214687560029e-05,-6.934214687560029e-05,2.7527695443333333,0.02389562056993959,-0.02389562056993959,12.746791033333333,0.005456261619242897,-0.005456261619242897
1.5,190,320,0.009208333333333337,9.87842767515518e-05,-9.87842767515518e-05,1900.5978922697732,20.33134613232516,-20.33134613232516,114035.8735361864,1219.8807679395109,-1219.8807679395109,1043485.1933333334,31068.215261873356,-31068.215261873356,7602.101031098091,7683.977741996895,7521.096758409379,5.880959409455802,6.123257373500839,5.648249202351122,12.785846456666667,0.06072595032080776,-0.06072595032080776,1.5597383333333334,0.00017785762095947849,-0.00017785762095947849,10.020884805,0.05328169445694318,-0.05328169445694318,1.5619016666666667,0.00016653327995743938,-0.00016653327995743938,2.7649616506666668,0.011835189362199195,-0.011835189362199195,12.758829676666666,0.060822969707901124,-0.060822969707901124
1.5,210,3,0.9005733333333333,0.018767347530573797,-0.018767347530573797,19.43773182867433,0.4078782677536341,-0.4078782677536341,1166.2639097204599,24.472696065218155,-24.472696065218155,2398560.7723333333,48703.75603528334,-48703.75603528334,77.73956772331344,79.38244274833507,76.13069314290392,1322.1233989092416,1377.7293159759138,1268.7617674050318,29.309688973333333,0.521850315377655,-0.521850315377655,6.325873333333334,0.019366634538125486,-0.019366634538125486,22.403020206666667,0.374465730915196,-0.374465730915196,6.3294,0.01947491720136434,-0.01947491720136434,6.906668768,0.17351670438192177,-0.17351670438192177,29.30264739333333,0.5212438244968527,-0.5212438244968527
1.5,210,5,0.50028,0.012837305013124831,-0.012837305013124831,34.99575326308229,0.8969497823477647,-0.8969497823477647,2099.7451957849376,53.81698694086595,-53.81698694086595,1940611.1620000002,66039.66676209737,-66039.66676209737,139.9523370659313,143.58816998041303,136.40856801007965,594.036261644004,630.5215489021066,559.662204666015,23.083394466666665,0.04939444819077874,-0.04939444819077874,4.179106666666667,0.004911225237487158,-0.004911225237487158,18.123284713333334,0.02879558775340792,-0.02879558775340792,4.181453333333334,0.004982261869204474,-0.004982261869204474,4.960109755333334,0.047364136537262465,-0.047364136537262465,23.07655505,0.04901376385306065,-0.04901376385306065
1.5,210,280,0.00994333333333334,0.0001765172323977098,-0.0001765172323977098,1760.3445165594856,31.377733357639016,-31.377733357639016,105620.67099356913,1882.6640014583377,-1882.6640014583377,1089413.342,23413.76108265989,-23413.76108265989,7040.634348379694,7167.002866982266,6916.493958158006,6.630359453172176,6.896239892682137,6.374729876337254,11.597851293333335,0.06030895691431312,-0.06030895691431312,1.559785,0.00016116761461294995,-0.00016116761461294995,9.057886824666667,0.05520525882943327,-0.05520525882943327,1.5619866666666666,0.00016002603954785456,-0.00016002603954785456,2.5399644696666663,0.012094972116458557,-0.012094972116458557,11.573490456666667,0.060322320550509415,-0.060322320550509415
1.5,210,320,0.00928000000000003,9.041570660004237e-05,-9.041570660004237e-05,1885.8950240885276,18.345922195203837,-18.345922195203837,113153.70144531166,1100.7553317122315,-1100.7553317122315,1016484.2956666667,16380.162010659787,-16380.162010659787,7543.341891816954,7617.139782565758,7470.258984491645,5.774610485987222,5.9185614434505025,5.634160696561578,11.489373506666666,0.014737106848137588,-0.014737106848137588,1.5589916666666668,4.536885862943066e-05,-4.536885862943066e-05,8.967656547333332,0.004667076454808346,-0.004667076454808346,1.5611233333333334,6.211548384530339e-05,-6.211548384530339e-05,2.521716961333333,0.01149884060398442,-0.01149884060398442,11.465626366666667,0.014257077107705612,-0.014257077107705612
1.5,230,3,0.8614799999999999,0.008157965432630846,-0.008157965432630846,20.315099628137986,0.19343566552406502,-0.19343566552406502,1218.9059776882793,11.606139931443787,-11.606139931443787,2083658.3949999998,14318.804507831377,-14318.804507831377,81.25795163977507,82.03324273077214,80.48998777681108,1098.9477026479735,1116.5819803603522,1081.591924639071,26.550857750000002,0.1290089742148495,-0.1290089742148495,6.2902,0.024460678649620454,-0.024460678649620454,21.17015635,0.12173492124007704,-0.12173492124007704,6.292926666666666,0.02449697396278416,-0.02449697396278416,5.380701399666666,0.007380992190638018,-0.007380992190638018,26.54458432,0.12884789230591465,-0.12884789230591465
1.5,230,5,0.5043666666666667,0.004481264702439841,-0.004481264702439841,34.698803910497624,0.3079746376333011,-0.3079746376333011,2081.928234629858,18.478478257998145,-18.478478257998145,1778036.5223333333,19814.95792873866,-19814.95792873866,138.7915684647933,140.02957972841247,137.5645025449495,549.0131778372775,559.9507845512452,538.2892171149397,19.249225633333335,0.030679223742586546,-0.030679223742586546,4.149286666666666,0.0043132509008095695,-0.0043132509008095695,15.517665749999999,0.025375422982723397,-0.025375422982723397,4.151726666666667,0.004623692608006489,-0.004623692608006489,3.7315598846666664,0.006181307656348296,-0.006181307656348296,19.24334727333333,0.03179009129622137,-0.03179009129622137
1.5,230,280,0.009846666666666707,0.00028558419657486085,-0.00028558419657486085,1778.2558229700235,51.96429666391331,-51.96429666391331,106695.34937820141,3117.857799834796,-3117.857799834796,1036236.281,44118.52685693997,-44118.52685693997,7111.008694562477,7321.095616048196,6906.95044923318,6.241495299240169,6.7032704337944615,5.811530946750942,10.465786933333334,0.081528314271298,-0.081528314271298,1.55874,0.00030899029110958867,-0.00030899029110958867,8.165242899,0.08396078823741106,-0.08396078823741106,1.56099,0.00030310889132449496,-0.00030310889132449496,2.3005440323333333,0.012403275193225436,-0.012403275193225436,10.442874556666666,0.08172942225137227,-0.08172942225137227
1.5,230,320,0.009238333333333385,0.0001692877235162798,-0.0001692877235162798,1894.7033702296364,34.56969146469858,-34.56969146469858,113682.2022137782,2074.181487881911,-2074.181487881911,950786.9073333334,22980.91922285219,-22980.91922285219,7577.970061036201,7717.813751705059,7440.660281970944,5.376123555483646,5.608934041071318,5.152976353828837,10.54407319,0.05188184046896198,-0.05188184046896198,1.5584833333333332,0.00020702254305589716,-0.00020702254305589716,8.243845544666668,0.06145002802380795,-0.06145002802380795,1.5606683333333333,0.00019367068268931744,-0.00019367068268931744,2.300227647333333,0.01441114060317712,-0.01441114060317712,10.521593399999999,0.052284653417801995,-0.052284653417801995
2.0,190,3,1.0529733333333333,0.01901963546794037,-0.01901963546794037,16.623234993613014,0.30153076327221906,-0.30153076327221906,1329.8587994890413,24.122461061777503,-24.122461061777503,1463395.3433333335,27780.69348519238,-27780.69348519238,49.86425079044086,50.77509926827378,48.96974191531727,1676.8024771478047,1740.2094500479477,1615.7058262679495,17.44521641333333,2.5424540071047512,-2.5424540071047512,6.296446666666667,0.9602485347728122,-0.9602485347728122,13.34171519,2.0072203646076865,-2.0072203646076865,6.299066666666666,0.9606988627729991,-0.9606988627729991,4.103501223666666,0.5357988166833688,-0.5357988166833688,17.440768173333336,2.540847881230581,-2.540847881230581
2.0,190,5,0.5295666666666667,0.18930377421840627,-0.18930377421840627,36.98479117679076,16.55032100204552,-16.55032100204552,2958.7832941432607,1324.0256801636415,-1324.0256801636415,1341253.6103333335,46936.65340744143,-46936.65340744143,104.43401648751342,157.980412636677,69.0368104354613,733.5867463515275,1101.0836557009284,488.7453479454701,12.273148336666667,1.2097607687533534,-1.2097607687533534,4.003686666666667,0.8679217117536199,-0.8679217117536199,9.631006557,0.8763584813668772,-0.8763584813668772,4.0054799999999995,0.8685582656333419,-0.8685582656333419,2.6421417823333333,0.33510263989596056,-0.33510263989596056,12.270980790000001,1.2086095179288812,-1.2086095179288812
2.0,190,280,0.01158999999999999,0.0003192569498069486,-0.0003192569498069486,1510.6809936800698,41.315913733367225,-41.315913733367225,120854.47949440556,3305.2730986693828,-3305.2730986693828,1072414.4370000002,31733.73603056297,-31733.73603056297,4530.907586569832,4657.005191940775,4408.224322696254,13.521148251957468,14.311675501645137,12.774286982009691,7.78803693,0.05142365529556752,-0.05142365529556752,1.5603449999999999,0.0001670329308848733,-0.0001670329308848733,6.022576484666668,0.04190605905106743,-0.04190605905106743,1.56288,0.0001653027525482308,-0.0001653027525482308,1.7654604456666665,0.019121093364028376,-0.019121093364028376,7.770026431333332,0.051370752805809126,-0.051370752805809126
2.0,190,320,0.010661666666666644,0.00014494251734167146,-0.00014494251734167146,1641.5978022703887,22.442706155223284,-22.442706155223284,131327.82418163112,1795.4164924178613,-1795.4164924178613,999003.143,21281.16845320967,-21281.16845320967,4924.487728528828,4992.0848125983775,4857.80596660348,11.590488688282095,12.00321713699457,11.191951832576096,7.788426605000001,0.04042546770705224,-0.04042546770705224,1.5594166666666667,0.00019211541669859251,-0.00019211541669859251,6.033851241666667,0.04220068131962279,-0.04220068131962279,1.5619033333333334,0.00018181950757081692,-0.00018181950757081692,1.7545753636666668,0.01023224891053283,-0.01023224891053283,7.770669722,0.040633193126354245,-0.040633193126354245
2.0,210,3,1.06606,0.009151786710801224,-0.009151786710801224,16.41639195184906,0.14076171275515761,-0.14076171275515761,1313.311356147925,11.26093702041257,-11.26093702041257,1358640.115,22573.733323973942,-22573.733323973942,49.247967939953845,49.672316156487014,48.827244909898944,1576.2966684626763,1616.2255488647202,1537.3542317480749,14.710467603333333,0.20076298522972652,-0.20076298522972652,6.815846666666666,0.024309194419670294,-0.024309194419670294,11.732823736666667,0.15515452486368544,-0.15515452486368544,6.81824,0.02468261736526364,-0.02468261736526364,2.9776438656666664,0.046002542421130915,-0.046002542421130915,14.707860310000001,0.19994026455139102,-0.19994026455139102
2.0,210,5,0.6332866666666668,0.011225566058481644,-0.011225566058481644,27.639431111638974,0.4921826260563698,-0.4921826260563698,2211.1544889311176,39.374610084509406,-39.374610084509406,1188931.285,24594.892174239514,-24594.892174239514,82.90955555057099,84.39580046411402,81.44948402398424,819.3169753647602,851.4823800748577,788.3666436665944,10.825898296666667,0.03335033606973752,-0.03335033606973752,4.441533333333333,0.01776433880934861,-0.01776433880934861,8.659281647333332,0.031314612589934746,-0.031314612589934746,4.44338,0.017100140350301447,-0.017100140350301447,2.166616647,0.00988242844999107,-0.00988242844999107,10.824088573333333,0.03433195988683069,-0.03433195988683069
2.0,210,280,0.011635000000000062,0.00019078784028340537,-0.00019078784028340537,1504.3515124053572,24.608310313659473,-24.608310313659473,120348.12099242858,1968.6648250927647,-1968.6648250927647,1020285.6579999999,16464.55288549739,-16464.55288549739,4512.651340840378,4587.170296711833,4439.342951489236,12.918570073028816,13.341615113504673,12.508939233513535,7.101844982333333,0.0844666762966218,-0.0844666762966218,1.5599399999999999,0.00047696960070852214,-0.00047696960070852214,5.5067998309999995,0.07403331401056522,-0.07403331401056522,1.5625016666666667,0.0004879634549157279,-0.0004879634549157279,1.5950451513333332,0.010946160845758132,-0.010946160845758132,7.085989770333334,0.08440343794512087,-0.08440343794512087
2.0,210,320,0.010973333333333354,9.07377172586921e-05,-9.07377172586921e-05,1594.8477833326826,13.164596236091562,-13.164596236091562,127587.82266661462,1053.1676988873317,-1053.1676988873317,991241.117,8504.736802506048,-8504.736802506048,4784.434556295731,4824.12616514364,4745.069519299182,11.838589923231984,12.0387746487235,11.641733935547215,7.116245635666666,0.02930652308456696,-0.02930652308456696,1.5589750000000002,0.00013937359864754504,-0.00013937359864754504,5.514117824333333,0.030289174617746578,-0.030289174617746578,1.5614766666666666,0.00017075811352124578,-0.00017075811352124578,1.6021278113333333,0.0037926425162388045,-0.0037926425162388045,7.100565235,0.028985071956001123,-0.028985071956001123
2.0,230,3,1.05196,0.02769182550862258,-0.02769182550862258,16.643415842040323,0.44459732383869627,-0.44459732383869627,1331.4732673632257,35.56778590709566,-35.56778590709566,1210461.1153333334,40898.17530908414,-40898.17530908414,49.91848543239785,51.26011664508645,48.6119687381432,1385.109779907303,1471.5812845081243,1303.7194224960024,11.7905268,0.0834286230744363,-0.0834286230744363,6.688533333333333,0.011015849188026044,-0.011015849188026044,9.604706569,0.02560286659980009,-0.02560286659980009,6.690886666666667,0.011873488675757292,-0.011873488675757292,2.1858202283333337,0.06274045442508698,-0.06274045442508698,11.78834661,0.0821957410906004,-0.0821957410906004
2.0,230,5,0.6245733333333333,0.0074314018417344545,-0.0074314018417344545,28.02177991098634,0.3343617035831521,-0.3343617035831521,2241.7423928789067,26.748936286652405,-26.748936286652405,1057179.083,14776.590370738308,-14776.590370738308,84.06135759262037,85.0689828200029,83.06566748618557,718.5978304994965,737.2069651200645,700.4584417002665,9.176201143,0.06358047215921038,-0.06358047215921038,4.3430333333333335,0.02238195999758187,-0.02238195999758187,7.427394330666666,0.06435760601727494,-0.06435760601727494,4.3448199999999995,0.02266593038019864,-0.02266593038019864,1.7488068123333333,0.008420835663102979,-0.008420835663102979,9.174890322000001,0.06283621411230873,-0.06283621411230873
2.0,230,280,0.01178833333333329,0.00012086493839543654,-0.00012086493839543654,1484.6228568240167,15.254167249838481,-15.254167249838481,118769.82854592135,1220.3333799870773,-1220.3333799870773,976539.6066666666,2109.71526149399,-2109.71526149399,4453.712059261735,4499.660332509011,4408.2329867226,12.529363298581314,12.685889062234319,12.374768839432626,6.403015179666667,0.07188738158576609,-0.07188738158576609,1.5587100000000003,0.00043078416869708026,-0.00043078416869708026,4.951282734333334,0.06629763231428673,-0.06629763231428673,1.5613416666666666,0.0004290202015445869,-0.0004290202015445869,1.4517324453333333,0.0067462204650494675,-0.0067462204650494675,6.388426033333334,0.07197110385901219,-0.07197110385901219
2.0,230,320,0.011053333333333285,0.0002901005572786174,-0.0002901005572786174,1583.969473426601,42.1036890967285,-42.1036890967285,126717.55787412809,3368.295127738282,-3368.295127738282,940346.5733333334,34751.35535722837,-34751.35535722837,4750.798617331987,4877.968765050751,4626.943834522214,11.305327416159532,12.049024437911893,10.607533302398881,6.378631586666667,0.061303878924802345,-0.061303878924802345,1.5575966666666667,0.0003268919291344878,-0.0003268919291344878,4.9226236089999995,0.04675005778571973,-0.04675005778571973,1.5601533333333333,0.0003212994449626778,-0.0003212994449626778,1.4560079769999998,0.02243180228734994,-0.02243180228734994,6.3640542049999995,0.06140406404903081,-0.06140406404903081
