元ファイル,キャビ厚,射出速度[mm/s],CH03_立ち上がり時間(s),CH03_立ち上がり圧力(MPa),CH04_立ち上がり時間(s),CH04_立ち上がり圧力(MPa),立ち上がり時間差(s),CH03圧力@CH04立ち上がり時(MPa),温度,時間差ΔT34(s),圧力差ΔP34(Pa),流速V34(mm/s),流路断面積(mm²),流量Q34(mm³/s),樹脂粘度η34(Pa・s),せん断速度γ34(1/s),時間差ΔT34(s)_平均,時間差ΔT34(s)_標準偏差上,時間差ΔT34(s)_標準偏差下,流速V34(mm/s)_平均,流速V34(mm/s)_標準偏差上,流速V34(mm/s)_標準偏差下,流量Q34(mm³/s)_平均,流量Q34(mm³/s)_標準偏差上,流量Q34(mm³/s)_標準偏差下,圧力差ΔP34(Pa)_平均,圧力差ΔP34(Pa)_標準偏差上,圧力差ΔP34(Pa)_標準偏差下,せん断速度γ34(1/s)_幾何平均,せん断速度γ34(1/s)_幾何標準偏差上,せん断速度γ34(1/s)_幾何標準偏差下,樹脂粘度η34(Pa・s)_幾何平均,樹脂粘度η34(Pa・s)_幾何標準偏差上,樹脂粘度η34(Pa・s)_幾何標準偏差下,時間差ΔT34(s)_中央値からのずれ(%),流速V34(mm/s)_中央値からのずれ(%),流量Q34(mm³/s)_中央値からのずれ(%),圧力差ΔP34(Pa)_中央値からのずれ(%),せん断速度γ34(1/s)_中央値からのずれ(%),樹脂粘度η34(Pa・s)_中央値からのずれ(%),外れ値判定
071_190℃_280_0.5mm.csv,0.5,280,1.066415,0.300330261,1.074765,0.300001819,0.00835,2.077875433,190,0.00835000000000008,1777873.614,2095.808383233513,20.0,41916.167664670254,1.0098805902653158,25149.700598802152,0.008196666666666705,0.00016041612554026254,-0.00016041612554026254,2135.5609330194825,41.90400945241696,-41.90400945241696,42711.218660389655,838.0801890483409,-838.0801890483409,1768953.3499999999,46661.94828179793,-46661.94828179793,25623.447936406334,26130.55400801793,25126.18308621646,0.9860059078927956,1.028870940229094,0.9449267273337695,1.7052375152256776,-1.6766467065871606,-1.6766467065871606,0.0,-1.676646706587161,0.0,
072_190℃_280_0.5mm.csv,0.5,280,1.067865,0.300034918,1.075895,0.300094633,0.00803,2.018569821,190,0.008029999999999982,1718475.1879999998,2179.32752179328,20.0,43586.5504358656,0.9387316843292496,26151.930261519363,0.008196666666666705,0.00016041612554026254,-0.00016041612554026254,2135.5609330194825,41.90400945241696,-41.90400945241696,42711.218660389655,838.0801890483409,-838.0801890483409,1768953.3499999999,46661.94828179793,-46661.94828179793,25623.447936406334,26130.55400801793,25126.18308621646,0.9860059078927956,1.028870940229094,0.9449267273337695,-2.1924482338619717,2.2415940224168023,2.241594022416811,-3.3409813572946256,2.2415940224168165,-7.045279077734727,
073_190℃_280_0.5mm.csv,0.5,280,1.066145,0.300388896,1.074355,0.300418402,0.00821,2.11092965,190,0.00821000000000005,1810511.2480000001,2131.5468940316555,20.0,42630.93788063311,1.0111766902095303,25578.562728379864,0.008196666666666705,0.00016041612554026254,-0.00016041612554026254,2135.5609330194825,41.90400945241696,-41.90400945241696,42711.218660389655,838.0801890483409,-838.0801890483409,1768953.3499999999,46661.94828179793,-46661.94828179793,25623.447936406334,26130.55400801793,25126.18308621646,0.9860059078927956,1.028870940229094,0.9449267273337695,0.0,0.0,0.0,1.8357679501508188,0.0,0.12834190068688342,
081_190℃_320_0.5mm.csv,0.5,320,1.05983,0.300138182,1.07357,0.30027019,0.01374,5.230423372,190,0.013739999999999863,4930153.182,1273.6535662299982,20.0,25473.071324599965,4.608183994604035,15283.84279475998,0.01299166666666666,0.0009855497619771188,-0.0009855497619771188,1352.4060054257527,106.58046368233384,-106.58046368233384,27048.120108515053,2131.6092736466753,-2131.6092736466753,4372231.724333334,673204.4433236322,-673204.4433236322,16196.096597654972,17499.571193295746,14989.712725136134,3.8245545583608376,4.8488623600570495,3.0166287437588895,2.8443113772441904,-2.765647743812429,-2.7656477438124223,8.068982518850794,-2.765647743812429,11.14280088390649,
082_190℃_320_0.5mm.csv,0.5,320,1.060085,0.300081213,1.073445,0.300066504,0.01336,4.862109254,190,0.013360000000000039,4562042.75,1309.8802395209543,20.0,26197.604790419085,4.146183070748311,15718.562874251453,0.01299166666666666,0.0009855497619771188,-0.0009855497619771188,1352.4060054257527,106.58046368233384,-106.58046368233384,27048.120108515053,2131.6092736466753,-2131.6092736466753,4372231.724333334,673204.4433236322,-673204.4433236322,16196.096597654972,17499.571193295746,14989.712725136134,3.8245545583608376,4.8488623600570495,3.0166287437588895,0.0,0.0,0.0,0.0,0.0,0.0,
083_190℃_320_0.5mm.csv,0.5,320,1.05955,0.300244163,1.071425,0.300283808,0.011875,3.924783049,190,0.01187500000000008,3624499.241,1473.6842105263058,20.0,29473.684210526117,2.927954318835053,17684.21052631567,0.01299166666666666,0.0009855497619771188,-0.0009855497619771188,1352.4060054257527,106.58046368233384,-106.58046368233384,27048.120108515053,2131.6092736466753,-2131.6092736466753,4372231.724333334,673204.4433236322,-673204.4433236322,16196.096597654972,17499.571193295746,14989.712725136134,3.8245545583608376,4.8488623600570495,3.0166287437588895,-11.115269461077503,12.5052631578943,12.505263157894303,-20.550958427559674,12.505263157894294,-29.381933482579907,時間差・流速・流量・圧力差・せん断速度・樹脂粘度
071_210℃_280_0.5mm.csv,0.5,280,1.065695,0.300071119,1.073335,0.300018459,0.00764,1.899183552,210,0.007639999999999869,1599165.0929999999,2290.5759162304057,20.0,45811.518324608114,0.8311307013959041,27486.910994764872,0.0077733333333332615,0.0001154700538379766,-0.0001154700538379766,2251.620543505381,33.73634239376267,-33.73634239376267,45032.410870107626,674.7268478752565,-674.7268478752565,1622591.394,26973.073109795576,-26973.073109795576,27017.436127677902,27423.543104827175,26617.343066245456,0.8578811533629926,0.8835760758720633,0.8329334546196804,-2.551020408163034,2.6178010471201807,2.6178010471201807,-1.0741768236409488,2.6178010471201945,-3.5977947618158943,
072_210℃_280_0.5mm.csv,0.5,280,1.065255,0.300133141,1.073095,0.300412761,0.00784,1.952492372,210,0.007839999999999847,1652079.611,2232.1428571429005,20.0,44642.85714285801,0.8811091258666495,26785.714285714806,0.0077733333333332615,0.0001154700538379766,-0.0001154700538379766,2251.620543505381,33.73634239376267,-33.73634239376267,45032.410870107626,674.7268478752565,-674.7268478752565,1622591.394,26973.073109795576,-26973.073109795576,27017.436127677902,27423.543104827175,26617.343066245456,0.8578811533629926,0.8835760758720633,0.8329334546196804,0.0,0.0,0.0,2.1991639177519624,0.0,2.1991639177490447,
073_210℃_280_0.5mm.csv,0.5,280,1.06615,0.300174283,1.07399,0.300309047,0.00784,1.916838525,210,0.00784000000000007,1616529.478,2232.1428571428373,20.0,44642.857142856745,0.862149054933341,26785.714285714046,0.0077733333333332615,0.0001154700538379766,-0.0001154700538379766,2251.620543505381,33.73634239376267,-33.73634239376267,45032.410870107626,674.7268478752565,-674.7268478752565,1622591.394,26973.073109795576,-26973.073109795576,27017.436127677902,27423.543104827175,26617.343066245456,0.8578811533629926,0.8835760758720633,0.8329334546196804,2.832201593431577e-12,-2.8318027034401344e-12,-2.835877239704077e-12,0.0,-2.8385935972133723e-12,0.0,
081_210℃_320_0.5mm.csv,0.5,320,1.058445,0.300334289,1.066025,0.30040612,0.00758,1.89293341,210,0.00757999999999992,1592527.29,2308.7071240105784,20.0,46174.142480211565,0.8211807386530526,27704.48548812694,0.007544999999999987,0.00010688779163214858,-0.00010688779163214858,2319.7291541881,33.0697442862427,-33.0697442862427,46394.583083761994,661.3948857248567,-661.3948857248567,1585129.294,25699.69919337213,-25699.69919337213,27834.871937087737,28233.27747169948,27442.088384201932,0.8134656212514942,0.8386364950646042,0.7890502271870525,0.0,0.0,0.0,0.0,0.0,0.0,
082_210℃_320_0.5mm.csv,0.5,320,1.05922,0.300030473,1.066645,0.30036866,0.007425,1.85691067,210,0.007425000000000015,1556542.01,2356.902356902352,20.0,47138.04713804704,0.7862125458673486,28282.82828282822,0.007544999999999987,0.00010688779163214858,-0.00010688779163214858,2319.7291541881,33.0697442862427,-33.0697442862427,46394.583083761994,661.3948857248567,-661.3948857248567,1585129.294,25699.69919337213,-25699.69919337213,27834.871937087737,28233.27747169948,27442.088384201932,0.8134656212514942,0.8386364950646042,0.7890502271870525,-2.044854881265262,2.087542087540804,2.087542087540808,-2.2596334911158746,2.0875420875407973,-4.258282146639349,
083_210℃_320_0.5mm.csv,0.5,320,1.05923,0.300150379,1.06686,0.300348084,0.00763,1.906666666,210,0.007630000000000026,1606318.5820000002,2293.5779816513686,20.0,45871.55963302737,0.8337558354190505,27522.935779816424,0.007544999999999987,0.00010688779163214858,-0.00010688779163214858,2319.7291541881,33.0697442862427,-33.0697442862427,46394.583083761994,661.3948857248567,-661.3948857248567,1585129.294,25699.69919337213,-25699.69919337213,27834.871937087737,28233.27747169948,27442.088384201932,0.8134656212514942,0.8386364950646042,0.7890502271870525,0.6596306068615573,-0.655307994758905,-0.655307994758909,0.8660003559499524,-0.6553079947588986,1.5313433662148814,
071_230℃_280_0.5mm.csv,0.5,280,1.06581,0.300126991,1.073535,0.300061012,0.007725,1.913896683,230,0.007724999999999982,1613835.6709999999,2265.372168284795,20.0,45307.4433656959,0.8480871128214265,27184.466019417545,0.007956666666666687,0.0002850584735336666,-0.0002850584735336666,2201.2699490098785,77.73568293309931,-77.73568293309931,44025.39898019758,1554.7136586619833,-1554.7136586619833,1633227.436,45196.26198934966,-45196.26198934966,26404.151772358353,27360.435368687537,25481.291559257013,0.8834186810763567,0.9396922951347162,0.8305150208375454,-1.8424396442193256,1.877022653722481,1.8770226537224894,0.0,1.8770226537224945,-1.053193460207053,
072_230℃_280_0.5mm.csv,0.5,280,1.064645,0.300108295,1.07292,0.300361783,0.008275,1.98524546,230,0.008275000000000032,1684883.677,2114.8036253776354,20.0,42296.07250755271,0.9484634304200718,25377.643504531625,0.007956666666666687,0.0002850584735336666,-0.0002850584735336666,2201.2699490098785,77.73568293309931,-77.73568293309931,44025.39898019758,1554.7136586619833,-1554.7136586619833,1633227.436,45196.26198934966,-45196.26198934966,26404.151772358353,27360.435368687537,25481.291559257013,0.8834186810763567,0.9396922951347162,0.8305150208375454,5.146124523506816,-4.89425981873096,-4.894259818730956,4.402431255963982,-4.8942598187309665,10.657768690329997,
073_230℃_280_0.5mm.csv,0.5,280,1.065925,0.300326856,1.073795,0.300242902,0.00787,1.901205862,230,0.007870000000000044,1600962.9600000002,2223.634053367205,20.0,44472.6810673441,0.8571141833469436,26683.608640406463,0.007956666666666687,0.0002850584735336666,-0.0002850584735336666,2201.2699490098785,77.73568293309931,-77.73568293309931,44025.39898019758,1554.7136586619833,-1554.7136586619833,1633227.436,45196.26198934966,-45196.26198934966,26404.151772358353,27360.435368687537,25481.291559257013,0.8834186810763567,0.9396922951347162,0.8305150208375454,0.0,0.0,0.0,-0.7976469495201572,0.0,0.0,
081_230℃_320_0.5mm.csv,0.5,320,1.05957,0.300170437,1.06686,0.300330848,0.00729,1.79808368,230,0.007290000000000019,1497752.832,2400.548696844987,20.0,48010.97393689974,0.7427631391346957,28806.584362139845,0.007503333333333344,0.00019585283590834872,-0.00019585283590834872,2333.36527411463,61.40901609295427,-61.40901609295427,46667.305482292606,1228.1803218590876,-1228.1803218590876,1505266.0089999998,17808.840461810905,-17808.840461810905,27993.953865397863,28737.445007446964,27269.698221778155,0.7681230377010516,0.7955024226331864,0.7416859889553745,-3.379721669978756,3.4979423868298145,3.497942386829822,0.0,3.497942386829828,-3.03609051118429,
082_230℃_320_0.5mm.csv,0.5,320,1.06043,0.300249011,1.067975,0.300028401,0.007545,1.792473335,230,0.007544999999999913,1492444.934,2319.416832339324,20.0,46388.33664678648,0.7660202059203993,27833.00198807189,0.007503333333333344,0.00019585283590834872,-0.00019585283590834872,2333.36527411463,61.40901609295427,-61.40901609295427,46667.305482292606,1228.1803218590876,-1228.1803218590876,1505266.0089999998,17808.840461810905,-17808.840461810905,27993.953865397863,28737.445007446964,27269.698221778155,0.7681230377010516,0.7955024226331864,0.7416859889553745,0.0,0.0,0.0,-0.35439078375249866,0.0,0.0,
083_230℃_320_0.5mm.csv,0.5,320,1.0589,0.300143093,1.066575,0.300282242,0.007675,1.825882503,230,0.007675000000000098,1525600.2610000002,2280.13029315958,20.0,45602.6058631916,0.7965293879710986,27361.56351791496,0.007503333333333344,0.00019585283590834872,-0.00019585283590834872,2333.36527411463,61.40901609295427,-61.40901609295427,46667.305482292606,1228.1803218590876,-1228.1803218590876,1505266.0089999998,17808.840461810905,-17808.840461810905,27993.953865397863,28737.445007446964,27269.698221778155,0.7681230377010516,0.7955024226331864,0.7416859889553745,1.722995361168814,-1.693811074920946,-1.693811074920946,1.8592806773608048,-1.693811074920946,3.982816878053691,
081_190℃_280_1.0mm.csv,1.0,280,1.491695,0.300318598,1.50007,0.300279785,0.008375,1.517649195,190,0.008375000000000021,1217369.41,2089.552238805965,40.0,83582.0895522386,2.774277226870755,12537.31343283579,0.00856333333333333,0.00016540354691883176,-0.00016540354691883176,2044.110180085125,39.874332403185406,-39.874332403185406,81764.407203405,1594.9732961274124,-1594.9732961274124,1252470.4726666668,30415.37458950519,-30415.37458950519,12263.115565557859,12503.49623908967,12027.356228898763,2.9175105776055097,3.047713272588387,2.792870329042143,-2.9548088064877946,3.044776119401713,3.04477611940172,-4.069008547738633,3.044776119401717,-7.052368606985866,
082_190℃_280_1.0mm.csv,1.0,280,1.49166,0.300270189,1.50029,0.300318993,0.00863,1.571355655,190,0.008629999999999916,1271036.6620000002,2027.8099652375633,40.0,81112.39860950253,2.9847745287237815,12166.85979142538,0.00856333333333333,0.00016540354691883176,-0.00016540354691883176,2044.110180085125,39.874332403185406,-39.874332403185406,81764.407203405,1594.9732961274124,-1594.9732961274124,1252470.4726666668,30415.37458950519,-30415.37458950519,12263.115565557859,12503.49623908967,12027.356228898763,2.9175105776055097,3.047713272588387,2.792870329042143,0.0,0.0,0.0,0.16007150847732582,0.0,0.0,
083_190℃_280_1.0mm.csv,1.0,280,1.4916,0.300156356,1.500285,0.300277513,0.008685,1.569282859,190,0.008685000000000054,1269005.3460000001,2014.9683362118471,40.0,80598.73344847388,2.9989963074857333,12089.810017271082,0.00856333333333333,0.00016540354691883176,-0.00016540354691883176,2044.110180085125,39.874332403185406,-39.874332403185406,81764.407203405,1594.9732961274124,-1594.9732961274124,1252470.4726666668,30415.37458950519,-30415.37458950519,12263.115565557859,12503.49623908967,12027.356228898763,2.9175105776055097,3.047713272588387,2.792870329042143,0.6373117033619793,-0.633275762811027,-0.6332757628110294,0.0,-0.6332757628110383,0.4764774901785545,
091_190℃_320_1.0mm.csv,1.0,320,1.491705,0.30007951,1.500065,0.300308318,0.00836,1.516205722,190,0.008359999999999923,1215897.404,2093.3014354067177,40.0,83732.05741626871,2.7659598088271857,12559.808612440307,0.008053333333333393,0.00027736858750274,-0.00027736858750274,2174.7118513170294,73.98684532875791,-73.98684532875791,86988.47405268117,2959.4738131503177,-2959.4738131503177,1162150.8523333333,53958.27318718176,-53958.27318718176,13043.195138619929,13497.489002716064,12604.191741877676,2.5438877692197055,2.756128388128951,2.3479911205365926,4.761904761902509,-4.545454545452497,-4.545454545452492,4.586862551818662,-4.54545454545249,9.56718933999814,
092_190℃_320_1.0mm.csv,1.0,320,1.49179,0.300000346,1.49961,0.300027933,0.00782,1.408011254,190,0.00782000000000016,1107983.321,2237.8516624040462,40.0,89514.06649616185,2.357667910263994,13427.109974424277,0.008053333333333393,0.00027736858750274,-0.00027736858750274,2174.7118513170294,73.98684532875791,-73.98684532875791,86988.47405268117,2959.4738131503177,-2959.4738131503177,1162150.8523333333,53958.27318718176,-53958.27318718176,13043.195138619929,13497.489002716064,12604.191741877676,2.5438877692197055,2.756128388128951,2.3479911205365926,-2.005012531327519,2.0460358056257664,2.0460358056257624,-4.695495753246492,2.0460358056257593,-6.606363006313465,
093_190℃_320_1.0mm.csv,1.0,320,1.491865,0.300103386,1.499845,0.300278522,0.00798,1.462850354,190,0.007980000000000098,1162571.832,2192.982456140324,40.0,87719.29824561295,2.5244416923428883,13157.894736841943,0.008053333333333393,0.00027736858750274,-0.00027736858750274,2174.7118513170294,73.98684532875791,-73.98684532875791,86988.47405268117,2959.4738131503177,-2959.4738131503177,1162150.8523333333,53958.27318718176,-53958.27318718176,13043.195138619929,13497.489002716064,12604.191741877676,2.5438877692197055,2.756128388128951,2.3479911205365926,0.0,0.0,0.0,0.0,0.0,0.0,
081_210℃_280_1.0mm.csv,1.0,280,1.491625,0.30008253,1.5002,0.300379929,0.008575,1.54860047,210,0.008575,1248220.541,2040.8163265306125,40.0,81632.6530612245,2.912514595666666,12244.897959183674,0.008214999999999936,0.0003218695387886678,-0.0003218695387886678,2132.396975833228,82.22278963243326,-82.22278963243326,85295.87903332914,3288.9115852973378,-3288.9115852973378,1160444.83,76714.02071867259,-76714.02071867259,12787.972297264118,13294.939012382223,12300.337393295973,2.589021100029231,2.872078086196017,2.3338607291400404,5.66851509550381,-5.364431486881939,-5.364431486881947,10.767619599464457,-5.364431486881953,17.04649883739034,圧力差・樹脂粘度
082_210℃_280_1.0mm.csv,1.0,280,1.49157,0.300057271,1.499685,0.300169592,0.008115,1.427051749,210,0.008114999999999872,1126882.1570000001,2156.5003080715064,40.0,86260.01232286026,2.4883397834162873,12939.00184842904,0.008214999999999936,0.0003218695387886678,-0.0003218695387886678,2132.396975833228,82.22278963243326,-82.22278963243326,85295.87903332914,3288.9115852973378,-3288.9115852973378,1160444.83,76714.02071867259,-76714.02071867259,12787.972297264118,13294.939012382223,12300.337393295973,2.589021100029231,2.872078086196017,2.3338607291400404,0.0,0.0,0.0,0.0,0.0,0.0,
083_210℃_280_1.0mm.csv,1.0,280,1.49164,0.300282343,1.499595,0.300033395,0.007955,1.406265187,210,0.007954999999999934,1106231.792,2199.8742928975666,40.0,87994.97171590266,2.3945779334312727,13199.245757385399,0.008214999999999936,0.0003218695387886678,-0.0003218695387886678,2132.396975833228,82.22278963243326,-82.22278963243326,85295.87903332914,3288.9115852973378,-3288.9115852973378,1160444.83,76714.02071867259,-76714.02071867259,12787.972297264118,13294.939012382223,12300.337393295973,2.589021100029231,2.872078086196017,2.3338607291400404,-1.971657424521756,2.0113136392198467,2.0113136392198383,-1.8325221383375068,2.0113136392198325,-3.7680485040627056,
091_210℃_320_1.0mm.csv,1.0,320,1.491625,0.300195672,1.49977,0.300177546,0.008145,1.446225279,210,0.008145000000000069,1146047.733,2148.5573971761637,40.0,85942.29588704655,2.5400159959959394,12891.344383056983,0.007765000000000022,0.0003520298282816915,-0.0003520298282816915,2256.759319498014,101.16752586440603,-101.16752586440603,90270.37277992057,4046.701034576245,-4046.701034576245,1077941.857,65303.35849390833,-65303.35849390833,13531.416758164156,14155.572827483355,12934.78135534258,2.273289225857264,2.5260039841310293,2.0458573845743597,5.779220779221122,-5.463474524248296,-5.463474524248296,6.915453247338209,-5.463474524248296,13.094333337606795,
092_210℃_320_1.0mm.csv,1.0,320,1.49175,0.300300396,1.49945,0.300275331,0.0077,1.372194963,210,0.00770000000000004,1071919.6320000002,2272.7272727272607,40.0,90909.09090909043,2.2459268480000123,13636.363636363565,0.007765000000000022,0.0003520298282816915,-0.0003520298282816915,2256.759319498014,101.16752586440603,-101.16752586440603,90270.37277992057,4046.701034576245,-4046.701034576245,1077941.857,65303.35849390833,-65303.35849390833,13531.416758164156,14155.572827483355,12934.78135534258,2.273289225857264,2.5260039841310293,2.0458573845743597,0.0,0.0,0.0,0.0,0.0,0.0,
093_210℃_320_1.0mm.csv,1.0,320,1.491745,0.300208964,1.499195,0.300338313,0.00745,1.316196519,210,0.007449999999999957,1015858.2059999999,2348.993288590618,40.0,93959.73154362472,2.0593588121632527,14093.959731543708,0.007765000000000022,0.0003520298282816915,-0.0003520298282816915,2256.759319498014,101.16752586440603,-101.16752586440603,90270.37277992057,4046.701034576245,-4046.701034576245,1077941.857,65303.35849390833,-65303.35849390833,13531.416758164156,14155.572827483355,12934.78135534258,2.273289225857264,2.5260039841310293,2.0458573845743597,-3.2467532467543143,3.3557046979877296,3.3557046979877296,-5.230002728413534,3.3557046979877296,-8.306950691777768,
081_230℃_280_1.0mm.csv,1.0,280,1.49143,0.300258279,1.49932,0.300140145,0.00789,1.349531595,230,0.007889999999999953,1049391.45,2217.9974651457674,40.0,88719.89860583069,2.2529791946938644,13307.984790874605,0.008281666666666595,0.00034184548166286207,-0.00034184548166286207,2115.5589573849816,89.31595397103592,-89.31595397103592,84622.35829539926,3572.638158841442,-3572.638158841442,1114399.8613333332,57869.00502179107,-57869.00502179107,12685.922992579339,13226.900886656133,12167.070998166237,2.507575733342744,2.7552975836127684,2.282125929281514,-6.461173681090926,6.907477820025611,6.907477820025616,-7.4215239282375025,6.907477820025634,-13.403180058541276,
082_230℃_280_1.0mm.csv,1.0,280,1.491305,0.30024562,1.499825,0.300326864,0.00852,1.460619418,230,0.008519999999999861,1160292.554,2053.990610328672,40.0,82159.62441314688,2.689984370089752,12323.943661972033,0.008281666666666595,0.00034184548166286207,-0.00034184548166286207,2115.5589573849816,89.31595397103592,-89.31595397103592,84622.35829539926,3572.638158841442,-3572.638158841442,1114399.8613333332,57869.00502179107,-57869.00502179107,12685.922992579339,13226.900886656133,12167.070998166237,2.507575733342744,2.7552975836127684,2.282125929281514,1.007705986957807,-0.997652582158352,-0.9976525821583433,2.3622943056503845,-0.9976525821583374,3.3938052737557816,
083_230℃_280_1.0mm.csv,1.0,280,1.49127,0.300135163,1.499705,0.300181739,0.008435,1.433697319,230,0.00843499999999997,1133515.58,2074.688796680505,40.0,82987.5518672202,2.601688140761896,12448.13278008303,0.008281666666666595,0.00034184548166286207,-0.00034184548166286207,2115.5589573849816,89.31595397103592,-89.31595397103592,84622.35829539926,3572.638158841442,-3572.638158841442,1114399.8613333332,57869.00502179107,-57869.00502179107,12685.922992579339,13226.900886656133,12167.070998166237,2.507575733342744,2.7552975836127684,2.282125929281514,0.0,0.0,0.0,0.0,0.0,0.0,
091_230℃_320_1.0mm.csv,1.0,320,1.49141,0.300281343,1.49968,0.30028178,0.00827,1.428175015,230,0.00827,1127893.235,2116.0822249093108,40.0,84643.28899637243,2.5381434159047624,12696.493349455865,0.00819666666666663,7.023769168570249e-05,-7.023769168570249e-05,2135.1186289589095,18.274488022369717,-18.274488022369717,85404.74515835638,730.9795208947876,-730.9795208947876,1106967.5456666667,25314.660275076625,-25314.660275076625,12810.39870586737,12920.579490414211,12701.157492590717,2.468470927530896,2.546683039557155,2.3926608162140273,0.9768009768019633,-0.9673518742452248,-0.9673518742452333,1.2307853433422156,-0.9673518742452388,2.219608643400305,
092_230℃_320_1.0mm.csv,1.0,320,1.49143,0.300137334,1.49962,0.3002818,0.00819,1.41446187,230,0.00818999999999992,1114180.07,2136.7521367521576,40.0,85470.08547008631,2.48302987028569,12820.512820512948,0.00819666666666663,7.023769168570249e-05,-7.023769168570249e-05,2135.1186289589095,18.274488022369717,-18.274488022369717,85404.74515835638,730.9795208947876,-730.9795208947876,1106967.5456666667,25314.660275076625,-25314.660275076625,12810.39870586737,12920.579490414211,12701.157492590717,2.468470927530896,2.546683039557155,2.3926608162140273,0.0,0.0,0.0,0.0,0.0,0.0,
093_230℃_320_1.0mm.csv,1.0,320,1.49133,0.300314661,1.49946,0.300275226,0.00813,1.379104558,230,0.00812999999999997,1078829.3320000002,2152.5215252152598,40.0,86100.86100861039,2.386634685485707,12915.129151291558,0.00819666666666663,7.023769168570249e-05,-7.023769168570249e-05,2135.1186289589095,18.274488022369717,-18.274488022369717,85404.74515835638,730.9795208947876,-730.9795208947876,1106967.5456666667,25314.660275076625,-25314.660275076625,12810.39870586737,12920.579490414211,12701.157492590717,2.468470927530896,2.546683039557155,2.3926608162140273,-0.7326007326001168,0.7380073800731726,0.7380073800731597,-3.1728029383975516,0.7380073800731511,-3.8821596934269733,
001_190℃_003_1.5mm.csv,1.5,3,1.01058,0.300005901,1.98039,0.300007253,0.96981,3.120485323,190,0.9698100000000001,2820478.07,18.044771656303812,60.0,1082.6862993782288,1674.6905124898162,72.17908662521525,0.9554166666666667,0.01327289091845978,-0.01327289091845978,18.318963541882834,0.2535022898723405,-0.2535022898723405,1099.1378125129702,15.210137392340442,-15.210137392340442,2753062.8746666666,66329.29008015078,-66329.29008015078,73.27116460469934,74.29418993390588,72.26222625625306,1609.9866036881401,1672.098897626767,1550.1815519011552,1.7874010789479315,-1.7560140646106066,-1.7560140646106024,2.531709312752846,-1.7560140646106066,4.364362191272748,
002_190℃_003_1.5mm.csv,1.5,3,1.01065,0.300012844,1.96343,0.300001786,0.95278,3.050836712,190,0.95278,2750834.926,18.367304099582277,60.0,1102.0382459749367,1604.6574494658855,73.46921639832911,0.9554166666666667,0.01327289091845978,-0.01327289091845978,18.318963541882834,0.2535022898723405,-0.2535022898723405,1099.1378125129702,15.210137392340442,-15.210137392340442,2753062.8746666666,66329.29008015078,-66329.29008015078,73.27116460469934,74.29418993390588,72.26222625625306,1609.9866036881401,1672.098897626767,1550.1815519011552,0.0,0.0,0.0,0.0,0.0,0.0,
003_190℃_003_1.5mm.csv,1.5,3,1.00866,0.300004161,1.95232,0.300007344,0.94366,2.987882972,190,0.9436600000000002,2687875.628,18.544814869762412,60.0,1112.6888921857446,1552.922886807233,74.17925947904965,0.9554166666666667,0.01327289091845978,-0.01327289091845978,18.318963541882834,0.2535022898723405,-0.2535022898723405,1099.1378125129702,15.210137392340442,-15.210137392340442,2753062.8746666666,66329.29008015078,-66329.29008015078,73.27116460469934,74.29418993390588,72.26222625625306,1609.9866036881401,1672.098897626767,1550.1815519011552,-0.9571989336467804,0.9664497806413064,0.9664497806412962,-2.2887341368589253,0.9664497806413064,-3.224025331753672,
011_190℃_005_1.5mm.csv,1.5,5,1.19043,0.300003341,1.69234,0.300027108,0.50191,2.428903051,190,0.5019099999999999,2128875.9429999995,34.866808790420606,60.0,2092.0085274252365,654.1861987047731,139.46723516168245,0.5087433333333333,0.0059188625033307464,-0.0059188625033307464,34.40161043724419,0.40294042666636876,-0.40294042666636876,2064.0966262346515,24.176425599982082,-24.176425599982082,2155294.1293333336,22982.79536992355,-22982.79536992355,137.60017702400668,139.21590969355162,136.00319646451283,671.2653675545123,686.4258809053919,656.4396917606886,-1.9802753637340607,2.0202825207707242,2.020282520770731,-1.7284430693057988,2.0202825207707447,-3.7158585529413917,
012_190℃_005_1.5mm.csv,1.5,5,1.18782,0.300021518,1.70009,0.300012528,0.51227,2.466332071,190,0.51227,2166319.543,34.161672555488316,60.0,2049.700353329299,679.4329667097612,136.64669022195326,0.5087433333333333,0.0059188625033307464,-0.0059188625033307464,34.40161043724419,0.40294042666636876,-0.40294042666636876,2064.0966262346515,24.176425599982082,-24.176425599982082,2155294.1293333336,22982.79536992355,-22982.79536992355,137.60017702400668,139.21590969355162,136.00319646451283,671.2653675545123,686.4258809053919,656.4396917606886,0.04296455424272764,-0.04294610264115737,-0.04294610264114905,0.0,-0.04294610264115737,0.0,
013_190℃_005_1.5mm.csv,1.5,5,1.18834,0.30000829,1.70039,0.300012511,0.51205,2.470699413,190,0.5120500000000001,2170686.9020000002,34.17634996582364,60.0,2050.5809979494184,680.5103437770002,136.70539986329456,0.5087433333333333,0.0059188625033307464,-0.0059188625033307464,34.40161043724419,0.40294042666636876,-0.40294042666636876,2064.0966262346515,24.176425599982082,-24.176425599982082,2155294.1293333336,22982.79536992355,-22982.79536992355,137.60017702400668,139.21590969355162,136.00319646451283,671.2653675545123,686.4258809053919,656.4396917606886,0.0,0.0,0.0,0.20160271434158275,0.0,0.15857003119179594,
101_190℃_280_1.5mm.csv,1.5,280,1.4897,0.300002927,1.49965,0.300157114,0.00995,1.435751155,190,0.009949999999999903,1135594.041,1758.7939698492632,60.0,105527.6381909558,6.917853494663198,7035.175879397053,0.009793333333333246,0.0002670362022897064,-0.0002670362022897064,1787.8302167667534,49.52843637955979,-49.52843637955979,107269.8130060052,2971.706182773591,-2971.706182773591,1117832.8753333332,31775.46570148786,-31775.46570148786,7149.510454274392,7348.766434246316,6955.6571423434,6.698930713180721,7.085837475249615,6.33315015433869,0.05027652086508619,-0.050251256281744414,-0.050251256281748716,0.0,-0.05025125628175733,0.0,
102_190℃_280_1.5mm.csv,1.5,280,1.48971,0.300113251,1.499655,0.300079742,0.009945,1.436836458,190,0.00994499999999987,1136756.7159999998,1759.6782302664885,60.0,105580.69381598932,6.921456453440726,7038.712921065955,0.009793333333333246,0.0002670362022897064,-0.0002670362022897064,1787.8302167667534,49.52843637955979,-49.52843637955979,107269.8130060052,2971.706182773591,-2971.706182773591,1117832.8753333332,31775.46570148786,-31775.46570148786,7149.510454274392,7348.766434246316,6955.6571423434,6.698930713180721,7.085837475249615,6.33315015433869,0.0,0.0,0.0,0.10238473944227168,0.0,0.05208203354273101,
103_190℃_280_1.5mm.csv,1.5,280,1.48987,0.300208886,1.499355,0.300130741,0.009485,1.38127861,190,0.009484999999999966,1081147.869,1845.0184501845085,60.0,110701.10701107052,6.278380124978549,7380.073800738034,0.009793333333333246,0.0002670362022897064,-0.0002670362022897064,1787.8302167667534,49.52843637955979,-49.52843637955979,107269.8130060052,2971.706182773591,-2971.706182773591,1117832.8753333332,31775.46570148786,-31775.46570148786,7149.510454274392,7348.766434246316,6955.6571423434,6.698930713180721,7.085837475249615,6.33315015433869,-4.625439919556671,4.849762783341132,4.849762783341131,-4.794510188874796,4.849762783341117,-9.243811974017282,
111_190℃_320_1.5mm.csv,1.5,320,1.4902,0.300225363,1.49907,0.300163853,0.00887,1.326413449,190,0.008869999999999933,1026249.596,1972.9425028185042,60.0,118376.55016911025,5.573163622359141,7891.770011274018,0.008998333333333367,0.00020942381271806576,-0.00020942381271806576,1945.497867292951,44.68199507899932,-44.68199507899932,116729.87203757705,2680.919704739968,-2680.919704739968,1031018.5129999999,29519.25323251173,-29519.25323251173,7780.610930320546,7962.612589357674,7602.769288303025,5.67750853389325,5.971606302658881,5.397894891041013,-0.16882386044004744,0.1691093573855614,0.16910935738556676,0.0,0.16910935738556138,0.0,
112_190℃_320_1.5mm.csv,1.5,320,1.49006,0.300246582,1.498945,0.300197634,0.008885,1.304371692,190,0.008885000000000032,1004174.0579999998,1969.6117051209833,60.0,118176.702307259,5.462501942038795,7878.446820483934,0.008998333333333367,0.00020942381271806576,-0.00020942381271806576,1945.497867292951,44.68199507899932,-44.68199507899932,116729.87203757705,2680.919704739968,-2680.919704739968,1031018.5129999999,29519.25323251173,-29519.25323251173,7780.610930320546,7962.612589357674,7602.769288303025,5.67750853389325,5.971606302658881,5.397894891041013,0.0,0.0,0.0,-2.1510885934614463,0.0,-1.985616928173063,
113_190℃_320_1.5mm.csv,1.5,320,1.49003,0.30011451,1.49927,0.300314739,0.00924,1.362946624,190,0.009240000000000137,1062631.885,1893.9393939393658,60.0,113636.36363636194,6.011460378000089,7575.757575757462,0.008998333333333367,0.00020942381271806576,-0.00020942381271806576,1945.497867292951,44.68199507899932,-44.68199507899932,116729.87203757705,2680.919704739968,-2680.919704739968,1031018.5129999999,29519.25323251173,-29519.25323251173,7780.610930320546,7962.612589357674,7602.769288303025,5.67750853389325,5.971606302658881,5.397894891041013,3.9954980303894647,-3.841991341992422,-3.8419913419924225,3.5451696294748154,-3.8419913419924443,7.864415713232097,
001_210℃_003_1.5mm.csv,1.5,3,0.99557,0.300001039,1.89564,0.300003696,0.90007,2.724540936,210,0.90007,2424537.2399999998,19.44293221638317,60.0,1166.5759329829903,1336.0734083306936,77.77172886553268,0.8894666666666667,0.024937265955459753,-0.024937265955459753,19.68518069635603,0.5601418712685461,-0.5601418712685461,1181.110841781362,33.60851227611277,-33.60851227611277,2392356.8836666667,70265.79859509408,-70265.79859509408,78.71967798888072,80.97515328525792,76.5270265169259,1302.0858165296072,1379.641827858498,1228.8895852333237,0.0,0.0,0.0,0.0,0.0,0.0,
002_210℃_003_1.5mm.csv,1.5,3,0.99402,0.300000228,1.90137,0.300008804,0.90735,2.74077823,210,0.90735,2440769.426,19.2869344795283,60.0,1157.2160687716978,1355.8972277639386,77.14773791811318,0.8894666666666667,0.024937265955459753,-0.024937265955459753,19.68518069635603,0.5601418712685461,-0.5601418712685461,1181.110841781362,33.60851227611277,-33.60851227611277,2392356.8836666667,70265.79859509408,-70265.79859509408,78.71967798888072,80.97515328525792,76.5270265169259,1302.0858165296072,1379.641827858498,1228.8895852333237,0.8088259802015347,-0.8023364743483669,-0.8023364743483814,0.669496254056309,-0.8023364743483851,1.4837372938971338,
003_210℃_003_1.5mm.csv,1.5,3,1.00078,0.300007235,1.86176,0.300010287,0.86098,2.611774272,210,0.8609800000000001,2311763.985,20.325675393156633,60.0,1219.540523589398,1218.6015647787551,81.30270157262653,0.8894666666666667,0.024937265955459753,-0.024937265955459753,19.68518069635603,0.5601418712685461,-0.5601418712685461,1181.110841781362,33.60851227611277,-33.60851227611277,2392356.8836666667,70265.79859509408,-70265.79859509408,78.71967798888072,80.97515328525792,76.5270265169259,1302.0858165296072,1379.641827858498,1228.8895852333237,-4.342995544790956,4.54017514924852,4.540175149248511,-4.6513311133962985,4.54017514924852,-8.792319555158967,
011_210℃_005_1.5mm.csv,1.5,5,1.1685,0.300009631,1.66778,0.300013799,0.49928,2.25006268,210,0.49927999999999995,1950048.881,35.05047268066016,60.0,2103.0283608396094,596.094125697355,140.20189072264063,0.5055233333333333,0.005406906077724465,-0.005406906077724465,34.620247721621645,0.3725871253426641,-0.3725871253426641,2077.214863297299,22.35522752055975,-22.35522752055975,1972071.7876666666,19185.01872974605,-19185.01872974605,138.47566639324617,139.96938365918498,136.9978896938244,610.3215728613915,622.9327635216749,597.9656940729237,-1.838271435031353,1.8726966832238356,1.8726966832238245,-1.562772262817211,1.8726966832238356,-3.3780146569012413,
012_210℃_005_1.5mm.csv,1.5,5,1.16653,0.300023322,1.67516,0.300012227,0.50863,2.285171192,210,0.5086299999999999,1985158.9649999999,34.40614985352811,60.0,2064.368991211687,618.1906557354794,137.62459941411245,0.5055233333333333,0.005406906077724465,-0.005406906077724465,34.620247721621645,0.3725871253426641,-0.3725871253426641,2077.214863297299,22.35522752055975,-22.35522752055975,1972071.7876666666,19185.01872974605,-19185.01872974605,138.47566639324617,139.96938365918498,136.9978896938244,610.3215728613915,622.9327635216749,597.9656940729237,0.0,0.0,0.0,0.2095624556885444,0.0,0.20365224675981813,
013_210℃_005_1.5mm.csv,1.5,5,1.16508,0.300021841,1.67374,0.300023119,0.50866,2.281030636,210,0.5086600000000001,1981007.517,34.40412063067667,60.0,2064.2472378406005,616.9342552636041,137.61648252270672,0.5055233333333333,0.005406906077724465,-0.005406906077724465,34.620247721621645,0.3725871253426641,-0.3725871253426641,2077.214863297299,22.35522752055975,-22.35522752055975,1972071.7876666666,19185.01872974605,-19185.01872974605,138.47566639324617,139.96938365918498,136.9978896938244,610.3215728613915,622.9327635216749,597.9656940729237,0.005898197117786316,-0.00589784925101874,-0.005897849251020115,0.0,-0.005897849250998087,0.0,
101_210℃_280_1.5mm.csv,1.5,280,1.489595,0.300003077,1.499205,0.300145381,0.00961,1.359692376,210,0.009609999999999896,1059546.9949999999,1821.0197710718198,60.0,109261.18626430919,6.234028544050953,7284.079084287278,0.00974500000000004,0.0001375681649220987,-0.0001375681649220987,1796.031160040721,25.3372341573219,-25.3372341573219,107761.86960244324,1520.2340494393086,-1520.2340494393086,1068645.4996666666,8617.76081105873,-8617.76081105873,7183.64783910764,7285.745241105218,7082.981159589328,6.375326308885567,6.518017856407181,6.235758545032956,-1.334702258728793,1.3527575442267097,1.352757544226713,-0.9496035323108678,1.352757544226697,-2.271631411244937,
102_210℃_280_1.5mm.csv,1.5,280,1.48952,0.300182902,1.49926,0.300048924,0.00974,1.369753875,210,0.009740000000000082,1069704.9510000001,1796.7145790554264,60.0,107802.87474332558,6.378934422085769,7186.8583162217055,0.00974500000000004,0.0001375681649220987,-0.0001375681649220987,1796.031160040721,25.3372341573219,-25.3372341573219,107761.86960244324,1520.2340494393086,-1520.2340494393086,1068645.4996666666,8617.76081105873,-8617.76081105873,7183.64783910764,7285.745241105218,7082.981159589328,6.375326308885567,6.518017856407181,6.235758545032956,0.0,0.0,0.0,0.0,0.0,0.0,
103_210℃_280_1.5mm.csv,1.5,280,1.489415,0.300101482,1.4993,0.300297008,0.009885,1.376981561,210,0.009885000000000144,1076684.553,1770.3591299949162,60.0,106221.54779969498,6.5161388610643804,7081.436519979665,0.00974500000000004,0.0001375681649220987,-0.0001375681649220987,1796.031160040721,25.3372341573219,-25.3372341573219,107761.86960244324,1520.2340494393086,-1520.2340494393086,1068645.4996666666,8617.76081105873,-8617.76081105873,7183.64783910764,7285.745241105218,7082.981159589328,6.375326308885567,6.518017856407181,6.235758545032956,1.4887063655037014,-1.466868993424979,-1.466868993424969,0.652479171333662,-1.466868993424979,2.1508990357945796,
111_210℃_320_1.5mm.csv,1.5,320,1.489725,0.300041931,1.499205,0.300202678,0.00948,1.357495385,210,0.009479999999999933,1057292.707,1845.9915611814477,60.0,110759.49367088686,6.136613181036691,7383.9662447257915,0.009189999999999957,0.0002529327973988105,-0.0002529327973988105,1905.1917709266788,51.66893979836867,-51.66893979836867,114311.50625560072,3100.136387902119,-3100.136387902119,1014849.02,40280.78507091326,-40280.78507091326,7618.8801048097985,7829.933560630995,7413.515530109897,5.705665696195473,6.095697582183439,5.340589915728877,4.462809917355274,-4.272151898734089,-4.272151898734081,4.671806503945804,-4.272151898734077,9.343110265278806,
112_210℃_320_1.5mm.csv,1.5,320,1.48986,0.300207328,1.498935,0.300179636,0.009075,1.310282301,210,0.009074999999999944,1010102.665,1928.3746556473948,60.0,115702.47933884368,5.612254092780579,7713.498622589579,0.009189999999999957,0.0002529327973988105,-0.0002529327973988105,1905.1917709266788,51.66893979836867,-51.66893979836867,114311.50625560072,3100.136387902119,-3100.136387902119,1014849.02,40280.78507091326,-40280.78507091326,7618.8801048097985,7829.933560630995,7413.515530109897,5.705665696195473,6.095697582183439,5.340589915728877,0.0,0.0,0.0,0.0,0.0,0.0,
113_210℃_320_1.5mm.csv,1.5,320,1.489725,0.300192757,1.49874,0.300176026,0.009015,1.277327714,210,0.009014999999999995,977151.688,1941.2090959511934,60.0,116472.54575707161,5.3932790616244874,7764.836383804774,0.009189999999999957,0.0002529327973988105,-0.0002529327973988105,1905.1917709266788,51.66893979836867,-51.66893979836867,114311.50625560072,3100.136387902119,-3100.136387902119,1014849.02,40280.78507091326,-40280.78507091326,7618.8801048097985,7829.933560630995,7413.515530109897,5.705665696195473,6.095697582183439,5.340589915728877,-0.6611570247928303,0.665557404325552,0.665557404325563,-3.2621413784706794,0.6655574043255637,-3.90173052638108,
001_230℃_003_1.5mm.csv,1.5,3,0.97017,0.300010257,1.83958,0.300005846,0.86941,2.459121915,230,0.86941,2159116.069,20.12859295384226,60.0,1207.7155772305357,1149.2798580914023,80.51437181536905,0.8647466666666667,0.00429607184918196,-0.00429607184918196,20.237473254405685,0.10039615242795721,-0.10039615242795721,1214.2483952643413,6.023769145677436,-6.023769145677436,2139803.856,17032.843267876182,-17032.843267876182,80.94922830862863,81.35209786644623,80.54835383003912,1132.8575890319032,1147.0675310287413,1118.8236806565317,0.6401352039635175,-0.6360635373414149,-0.6360635373414079,1.206725622154145,-0.6360635373414149,2.1634043580530995,
002_230℃_003_1.5mm.csv,1.5,3,0.97283,0.300007905,1.83378,0.300008281,0.86095,2.433380402,230,0.86095,2133372.121,20.326383645972474,60.0,1219.5830187583483,1124.5265679030306,81.3055345838899,0.8647466666666667,0.00429607184918196,-0.00429607184918196,20.237473254405685,0.10039615242795721,-0.10039615242795721,1214.2483952643413,6.023769145677436,-6.023769145677436,2139803.856,17032.843267876182,-17032.843267876182,80.94922830862863,81.35209786644623,80.54835383003912,1132.8575890319032,1147.0675310287413,1118.8236806565317,-0.3391674769643918,0.34032173761542905,0.3403217376154267,0.0,0.34032173761542905,-0.03699998811418856,
003_230℃_003_1.5mm.csv,1.5,3,0.96946,0.300002612,1.83334,0.300006673,0.86388,2.426930051,230,0.86388,2126923.378,20.257443163402325,60.0,1215.4465898041394,1124.9427966040655,81.0297726536093,0.8647466666666667,0.00429607184918196,-0.00429607184918196,20.237473254405685,0.10039615242795721,-0.10039615242795721,1214.2483952643413,6.023769145677436,-6.023769145677436,2139803.856,17032.843267876182,-17032.843267876182,80.94922830862863,81.35209786644623,80.54835383003912,1132.8575890319032,1147.0675310287413,1118.8236806565317,0.0,0.0,0.0,-0.3022793321671885,0.0,0.0,
011_230℃_005_1.5mm.csv,1.5,5,1.14163,0.300001004,1.639,0.300021973,0.49737,2.069025628,230,0.4973700000000001,1769003.6549999998,35.18507348653919,60.0,2111.1044091923513,538.6832742167448,140.74029394615675,0.49938,0.002754686915059544,-0.002754686915059544,35.04416278002093,0.1927675365390022,-0.1927675365390022,2102.6497668012557,11.566052192340232,-11.566052192340232,1777558.4173333335,10537.026825633639,-10537.026825633639,140.1752346492531,140.94951841928128,139.40520428401302,543.4639318823918,549.7035956665378,537.2950942752001,-0.17661816357245763,0.17693065524654258,0.1769306552465453,-0.3009235410709478,0.17693065524654258,-0.47701021901141893,
012_230℃_005_1.5mm.csv,1.5,5,1.14315,0.300016909,1.6414,0.300015259,0.49825,2.07435833,230,0.49824999999999986,1774343.071,35.122930255895646,60.0,2107.3758153537387,541.2651643627039,140.49172102358258,0.49938,0.002754686915059544,-0.002754686915059544,35.04416278002093,0.1927675365390022,-0.1927675365390022,2102.6497668012557,11.566052192340232,-11.566052192340232,1777558.4173333335,10537.026825633639,-10537.026825633639,140.1752346492531,140.94951841928128,139.40520428401302,543.4639318823918,549.7035956665378,537.2950942752001,0.0,0.0,0.0,0.0,0.0,0.0,
013_230℃_005_1.5mm.csv,1.5,5,1.14146,0.300002287,1.64398,0.300009381,0.50252,2.089337907,230,0.5025200000000001,1789328.526,34.82448459762795,60.0,2089.469075857677,550.5143087054204,139.2979383905118,0.49938,0.002754686915059544,-0.002754686915059544,35.04416278002093,0.1927675365390022,-0.1927675365390022,2102.6497668012557,11.566052192340232,-11.566052192340232,1777558.4173333335,10537.026825633639,-10537.026825633639,140.1752346492531,140.94951841928128,139.40520428401302,543.4639318823918,549.7035956665378,537.2950942752001,0.8569994982438975,-0.8497174241821672,-0.8497174241821618,0.8445635596026217,-0.8497174241821672,1.7088009633146444,
101_230℃_280_1.5mm.csv,1.5,280,1.48924,0.300219111,1.499005,0.300018573,0.009765,1.333060868,230,0.009765000000000024,1033042.295,1792.1146953404975,60.0,107526.88172042985,6.176117149392873,7168.45878136199,0.009911666666666763,0.0005888618966560328,-0.0005888618966560328,1769.6784544102773,103.11065715616495,-103.11065715616495,106180.70726461662,6186.639429369898,-6186.639429369898,1047625.4376666667,79521.7634822543,-79521.7634822543,7070.597417187952,7499.312472490892,6666.390821736179,6.337936781944737,7.247455558145607,5.542557981853441,0.0,0.0,0.0,0.0,0.0,0.0,
102_230℃_280_1.5mm.csv,1.5,280,1.48905,0.300099779,1.49961,0.300314353,0.01056,1.433743844,230,0.010560000000000125,1133429.4910000002,1657.1969696969502,60.0,99431.81818181701,7.327968627526618,6628.787878787801,0.009911666666666763,0.0005888618966560328,-0.0005888618966560328,1769.6784544102773,103.11065715616495,-103.11065715616495,106180.70726461662,6186.639429369898,-6186.639429369898,1047625.4376666667,79521.7634822543,-79521.7634822543,7070.597417187952,7499.312472490892,6666.390821736179,6.337936781944737,7.247455558145607,5.542557981853441,8.141321044547867,-7.528409090909959,-7.52840909090996,9.717626905101703,-7.528409090909959,18.650091153905244,
103_230℃_280_1.5mm.csv,1.5,280,1.489245,0.300103375,1.498655,0.300141794,0.00941,1.276546321,230,0.00941000000000014,976404.5270000001,1859.7236981933836,60.0,111583.42189160302,5.625285672900084,7438.894792773534,0.009911666666666763,0.0005888618966560328,-0.0005888618966560328,1769.6784544102773,103.11065715616495,-103.11065715616495,106180.70726461662,6186.639429369898,-6186.639429369898,1047625.4376666667,79521.7634822543,-79521.7634822543,7070.597417187952,7499.312472490892,6666.390821736179,6.337936781944737,7.247455558145607,5.542557981853441,-3.635432667689527,3.772582359191052,3.7725823591910554,-5.482618502081749,3.772582359191052,-8.918734265701824,
111_230℃_320_1.5mm.csv,1.5,320,1.489535,0.300176995,1.498255,0.300114495,0.00872,1.209217791,230,0.008719999999999839,909103.296,2006.880733944991,60.0,120412.84403669946,4.853498412930523,8027.522935779964,0.009183333333333247,0.0004082074635934434,-0.0004082074635934434,1908.1962562582887,86.73659080387695,-86.73659080387695,114491.77537549734,5204.195448232602,-5204.195448232602,961191.7973333333,46447.613556792174,-46447.613556792174,7627.60477851397,7978.423782043075,7292.211625578832,5.396372507438466,5.927071709500042,4.9131911450239745,-6.638115631692412,7.110091743120142,7.110091743120134,-6.870329730051774,7.110091743120142,-13.052384929984798,
112_230℃_320_1.5mm.csv,1.5,320,1.489325,0.300077951,1.498815,0.300267321,0.00949,1.298570068,230,0.009489999999999998,998302.7470000001,1844.04636459431,60.0,110642.7818756586,5.80034269532449,7376.18545837724,0.009183333333333247,0.0004082074635934434,-0.0004082074635934434,1908.1962562582887,86.73659080387695,-86.73659080387695,114491.77537549734,5204.195448232602,-5204.195448232602,961191.7973333333,46447.613556792174,-46447.613556792174,7627.60477851397,7978.423782043075,7292.211625578832,5.396372507438466,5.927071709500042,4.9131911450239745,1.6059957173457822,-1.5806111696532608,-1.5806111696532616,2.26737276914851,-1.5806111696532608,3.9097823960631004,
113_230℃_320_1.5mm.csv,1.5,320,1.489335,0.300083438,1.498675,0.300139034,0.00934,1.276308383,230,0.009339999999999904,976169.3489999998,1873.6616702355652,60.0,112419.70021413392,5.582094930404023,7494.646680942261,0.009183333333333247,0.0004082074635934434,-0.0004082074635934434,1908.1962562582887,86.73659080387695,-86.73659080387695,114491.77537549734,5204.195448232602,-5204.195448232602,961191.7973333333,46447.613556792174,-46447.613556792174,7627.60477851397,7978.423782043075,7292.211625578832,5.396372507438466,5.927071709500042,4.9131911450239745,0.0,0.0,0.0,0.0,0.0,0.0,
001_190℃_003_2.0mm.csv,2.0,3,0.6226,0.30001313,1.66342,0.300018678,1.04082,1.75763004,190,1.0408199999999999,1457611.362,16.81366614784497,80.0,1345.0932918275976,1651.2773418196896,50.44099844353491,1.0576466666666666,0.044796452240476924,-0.044796452240476924,16.565585756801962,0.6877261249129705,-0.6877261249129705,1325.246860544157,55.01808999303769,-55.01808999303769,1477175.873,71384.73152722427,-71384.73152722427,49.66781729320078,51.795517186216145,47.62752084899086,1698.1840813708177,1857.6727500249613,1552.388155654702,0.0,0.0,0.0,0.0,0.0,0.0,
002_190℃_003_2.0mm.csv,2.0,3,0.61472,0.300008297,1.72314,0.300019981,1.10842,1.856322917,190,1.1084199999999997,1556302.936,15.788239115136864,80.0,1263.059129210949,1877.5916193971373,47.36471734541059,1.0576466666666666,0.044796452240476924,-0.044796452240476924,16.565585756801962,0.6877261249129705,-0.6877261249129705,1325.246860544157,55.01808999303769,-55.01808999303769,1477175.873,71384.73152722427,-71384.73152722427,49.66781729320078,51.795517186216145,47.62752084899086,1698.1840813708177,1857.6727500249613,1552.388155654702,6.494879037681818,-6.0987712239042855,-6.09877122390429,6.7707741976286835,-6.098771223904293,13.705406829361069,
003_190℃_003_2.0mm.csv,2.0,3,0.6159,0.300019916,1.6396,0.300002993,1.0237,1.717616314,190,1.0236999999999998,1417613.3210000002,17.094852007424052,80.0,1367.5881605939242,1579.5491229471565,51.284556022272156,1.0576466666666666,0.044796452240476924,-0.044796452240476924,16.565585756801962,0.6877261249129705,-0.6877261249129705,1325.246860544157,55.01808999303769,-55.01808999303769,1477175.873,71384.73152722427,-71384.73152722427,49.66781729320078,51.795517186216145,47.62752084899086,1698.1840813708177,1857.6727500249613,1552.388155654702,-1.6448569397206074,1.6723649506691456,1.6723649506691456,-2.7440813129446324,1.6723649506691456,-4.343802040757691,
011_190℃_005_2.0mm.csv,2.0,5,0.92418,0.30000943,1.51096,0.3000043,0.58678,1.526939463,190,0.5867800000000001,1226935.163,29.82378404171921,80.0,2385.902723337537,783.6092679674992,89.47135212515764,0.6186000000000001,0.037838461913772325,-0.037838461913772325,28.358911367975622,1.6982355583302506,-1.6982355583302506,2268.7129094380493,135.85884466642028,-135.85884466642028,1292813.5953333334,83791.69920268824,-83791.69920268824,84.97356796487297,90.27830542113294,79.9805359548836,868.1934078912782,983.2445321025137,766.6046124803509,-3.5821091721712905,3.715191383482751,3.7151913834827432,-2.961860952874898,3.715191383482747,-6.437873032186317,
012_190℃_005_2.0mm.csv,2.0,5,0.91792,0.300008615,1.57836,0.30000448,0.66044,1.68712563,190,0.66044,1387121.1500000001,26.497486524135425,80.0,2119.798921930834,997.1268487684356,79.49245957240626,0.6186000000000001,0.037838461913772325,-0.037838461913772325,28.358911367975622,1.6982355583302506,-1.6982355583302506,2268.7129094380493,135.85884466642028,-135.85884466642028,1292813.5953333334,83791.69920268824,-83791.69920268824,84.97356796487297,90.27830542113294,79.9805359548836,868.1934078912782,983.2445321025137,766.6046124803509,8.52147622333956,-7.852340863666625,-7.85234086366664,9.707227478741757,-7.85234086366665,19.055902783627783,
013_190℃_005_2.0mm.csv,2.0,5,0.91716,0.300021979,1.52574,0.300001923,0.60858,1.564386396,190,0.6085800000000001,1264384.473,28.755463538072227,80.0,2300.4370830457783,837.5282749152002,86.26639061421669,0.6186000000000001,0.037838461913772325,-0.037838461913772325,28.358911367975622,1.6982355583302506,-1.6982355583302506,2268.7129094380493,135.85884466642028,-135.85884466642028,1292813.5953333334,83791.69920268824,-83791.69920268824,84.97356796487297,90.27830542113294,79.9805359548836,868.1934078912782,983.2445321025137,766.6046124803509,0.0,0.0,0.0,0.0,0.0,0.0,
101_190℃_280_2.0mm.csv,2.0,280,1.48752,0.300171317,1.49894,0.300178161,0.01142,1.352229611,190,0.011419999999999986,1052051.45,1532.399299474608,80.0,122591.94395796863,13.076927955374133,4597.197898423824,0.011473333333333299,4.7258156262498784e-05,-4.7258156262498784e-05,1525.2932872175795,6.2946449153546125,-6.2946449153546125,122023.46297740638,503.5715932283734,-503.5715932283734,1042913.6386666666,11388.003013814705,-11388.003013814705,4575.853917708045,4594.758695522217,4557.026922134004,13.023293591897525,13.146975752130171,12.900774990269399,-0.6092254134030852,0.6129597197899683,0.6129597197899684,0.527224505004957,0.6129597197899883,0.0,
102_190℃_280_2.0mm.csv,2.0,280,1.487285,0.300165615,1.498775,0.300233251,0.01149,1.33038885,190,0.01149,1030155.5989999999,1523.0635335073978,80.0,121845.08268059182,12.883252062595917,4569.190600522193,0.011473333333333299,4.7258156262498784e-05,-4.7258156262498784e-05,1525.2932872175795,6.2946449153546125,-6.2946449153546125,122023.46297740638,503.5715932283734,-503.5715932283734,1042913.6386666666,11388.003013814705,-11388.003013814705,4575.853917708045,4594.758695522217,4557.026922134004,13.023293591897525,13.146975752130171,12.900774990269399,0.0,0.0,0.0,-1.5650012404233107,0.0,-1.4810503922568672,
103_190℃_280_2.0mm.csv,2.0,280,1.48739,0.300111232,1.4989,0.3001727,0.01151,1.346706567,190,0.01150999999999991,1046533.867,1520.417028670733,80.0,121633.36229365865,13.110862377327788,4561.251086012199,0.011473333333333299,4.7258156262498784e-05,-4.7258156262498784e-05,1525.2932872175795,6.2946449153546125,-6.2946449153546125,122023.46297740638,503.5715932283734,-503.5715932283734,1042913.6386666666,11388.003013814705,-11388.003013814705,4575.853917708045,4594.758695522217,4557.026922134004,13.023293591897525,13.146975752130171,12.900774990269399,0.17406440382862473,-0.17376194613301305,-0.17376194613301008,0.0,-0.17376194613299814,0.2594984240140958,
111_190℃_320_2.0mm.csv,2.0,320,1.48774,0.300202296,1.498745,0.300098928,0.011005,1.318776293,190,0.011004999999999932,1018677.3650000001,1590.186278964117,80.0,127214.90231712937,12.201953090421695,4770.558836892351,0.010746666666666682,0.00026259918760975686,-0.00026259918760975686,1629.06125664113,39.86489562383801,-39.86489562383801,130324.9005312904,3189.1916499070367,-3189.1916499070367,993181.9863333334,25153.796272483887,-25153.796272483887,4886.209180155633,5007.174905525227,4768.16580261496,11.61250486377026,12.20493646866647,11.04883008258886,2.32450023244872,-2.2716946842332044,-2.271694684233199,2.6391408752412175,-2.271694684233214,5.024987943469583,
112_190℃_320_2.0mm.csv,2.0,320,1.4878,0.300143484,1.498555,0.300072103,0.010755,1.292556409,190,0.01075500000000007,992484.306,1627.1501627150058,80.0,130172.01301720046,11.618142814726605,4881.4504881450175,0.010746666666666682,0.00026259918760975686,-0.00026259918760975686,1629.06125664113,39.86489562383801,-39.86489562383801,130324.9005312904,3189.1916499070367,-3189.1916499070367,993181.9863333334,25153.796272483887,-25153.796272483887,4886.209180155633,5007.174905525227,4768.16580261496,11.61250486377026,12.20493646866647,11.04883008258886,0.0,0.0,0.0,0.0,0.0,0.0,
113_190℃_320_2.0mm.csv,2.0,320,1.48791,0.300198185,1.49839,0.300256121,0.01048,1.268640409,190,0.010480000000000045,968384.2880000001,1669.8473282442676,80.0,133587.7862595414,11.046168531417734,5009.541984732803,0.010746666666666682,0.00026259918760975686,-0.00026259918760975686,1629.06125664113,39.86489562383801,-39.86489562383801,130324.9005312904,3189.1916499070367,-3189.1916499070367,993181.9863333334,25153.796272483887,-25153.796272483887,4886.209180155633,5007.174905525227,4768.16580261496,11.61250486377026,12.20493646866647,11.04883008258886,-2.5569502556952433,2.6240458015269374,2.6240458015269374,-2.428251797464687,2.6240458015269374,-4.923112862615729,
001_210℃_003_2.0mm.csv,2.0,3,0.54296,0.300006655,1.65014,0.300019093,1.10718,1.720757774,210,1.10718,1420738.681,15.805921349735362,80.0,1264.473707978829,1712.1234860730124,47.417764049206085,1.1394,0.03189512188407498,-0.03189512188407498,15.366997678511424,0.43070905600842146,-0.43070905600842146,1229.359814280914,34.456724480673685,-34.456724480673685,1466632.623,44655.18636300283,-44655.18636300283,46.0889311648182,47.39828833912769,44.81574441501116,1817.8253411782687,1927.347120750698,1714.527152609021,-2.8840587337508565,2.9697068227388512,2.9697068227388463,-3.2999903008590055,2.9697068227388432,-6.088875376125015,
002_210℃_003_2.0mm.csv,2.0,3,0.54388,0.300007496,1.71484,0.300022449,1.17096,1.809958743,210,1.17096,1509936.2939999998,14.945002391200383,80.0,1195.6001912960305,1924.4353772214856,44.83500717360114,1.1394,0.03189512188407498,-0.03189512188407498,15.366997678511424,0.43070905600842146,-0.43070905600842146,1229.359814280914,34.456724480673685,-34.456724480673685,1466632.623,44655.18636300283,-44655.18636300283,46.0889311648182,47.39828833912769,44.81574441501116,1817.8253411782687,1927.347120750698,1714.527152609021,2.710383664017677,-2.6388604222176553,-2.6388604222176713,2.7710839632478304,-2.6388604222176744,5.5565746343215965,
003_210℃_003_2.0mm.csv,2.0,3,0.5436,0.300003406,1.68366,0.300000713,1.14006,1.769223607,210,1.14006,1469222.894,15.350069294598528,80.0,1228.0055435678823,1823.1317034379758,46.050207883795586,1.1394,0.03189512188407498,-0.03189512188407498,15.366997678511424,0.43070905600842146,-0.43070905600842146,1229.359814280914,34.456724480673685,-34.456724480673685,1466632.623,44655.18636300283,-44655.18636300283,46.0889311648182,47.39828833912769,44.81574441501116,1817.8253411782687,1927.347120750698,1714.527152609021,0.0,0.0,0.0,0.0,0.0,0.0,
011_210℃_005_2.0mm.csv,2.0,5,0.86816,0.300002683,1.51412,0.300000564,0.64596,1.532897673,210,0.6459599999999999,1232897.109,27.091460771564808,80.0,2167.3168617251845,866.832344522057,81.2743823146944,0.6215866666666666,0.023876560332956775,-0.023876560332956775,28.181423292066825,1.0806306979628846,-1.0806306979628846,2254.513863365346,86.45045583703116,-86.45045583703116,1175027.8283333334,52902.10007096725,-52902.10007096725,84.50278440192295,87.80956683601865,81.32053065485363,794.0506358220001,862.6376170216602,730.9168992957223,4.093077220574925,-3.9321320205585084,-3.932132020558516,6.006968196824683,-3.9321320205585293,10.345915264311017,
012_210℃_005_2.0mm.csv,2.0,5,0.86074,0.30000382,1.4813,0.300014394,0.62056,1.463048419,210,0.6205600000000001,1163034.025,28.200335181126718,80.0,2256.0268144901374,785.5590689023131,84.60100554338015,0.6215866666666666,0.023876560332956775,-0.023876560332956775,28.181423292066825,1.0806306979628846,-1.0806306979628846,2254.513863365346,86.45045583703116,-86.45045583703116,1175027.8283333334,52902.10007096725,-52902.10007096725,84.50278440192295,87.80956683601865,81.32053065485363,794.0506358220001,862.6376170216602,730.9168992957223,0.0,0.0,0.0,0.0,0.0,0.0,
013_210℃_005_2.0mm.csv,2.0,5,0.86842,0.300001895,1.46666,0.300003291,0.59824,1.429155642,210,0.5982400000000001,1129152.351,29.252473923508955,80.0,2340.1979138807164,735.2425605031185,87.75742177052686,0.6215866666666666,0.023876560332956775,-0.023876560332956775,28.181423292066825,1.0806306979628846,-1.0806306979628846,2254.513863365346,86.45045583703116,-86.45045583703116,1175027.8283333334,52902.10007096725,-52902.10007096725,84.50278440192295,87.80956683601865,81.32053065485363,794.0506358220001,862.6376170216602,730.9168992957223,-3.5967513213871345,3.7309441027012626,3.7309441027012653,-2.9132143403972974,3.7309441027012586,-6.405184586501367,
101_210℃_280_2.0mm.csv,2.0,280,1.48699,0.300229785,1.49838,0.300032048,0.01139,1.287640127,210,0.011390000000000011,987608.0789999999,1536.4354697102706,80.0,122914.83757682165,12.243652810677563,4609.3064091308115,0.011481666666666687,0.00028382799955842833,-0.00028382799955842833,1524.783607277495,37.297784974100644,-37.297784974100644,121982.68858219961,2983.8227979280555,-2983.8227979280555,1006001.2633333333,41668.66700177472,-41668.66700177472,4573.432003476622,4687.29978816557,4462.3303897125015,12.562420834739711,13.412644454535236,11.766092642211236,0.0,0.0,0.0,0.0,0.0,0.0,
102_210℃_280_2.0mm.csv,2.0,280,1.487045,0.3001656,1.4983,0.300028628,0.011255,1.276722641,210,0.011255000000000015,976694.0130000002,1554.8645046645915,80.0,124389.16037316732,11.964833868097976,4664.593513993775,0.011481666666666687,0.00028382799955842833,-0.00028382799955842833,1524.783607277495,37.297784974100644,-37.297784974100644,121982.68858219961,2983.8227979280555,-2983.8227979280555,1006001.2633333333,41668.66700177472,-41668.66700177472,4573.432003476622,4687.29978816557,4462.3303897125015,12.562420834739711,13.412644454535236,11.766092642211236,-1.185250219490747,1.1994669035983774,1.1994669035983745,-1.10510092333902,1.1994669035983825,-2.277252931710314,
103_210℃_280_2.0mm.csv,2.0,280,1.487105,0.300046273,1.498905,0.300218685,0.0118,1.353920383,210,0.011800000000000033,1053701.698,1483.050847457623,80.0,118644.06779660983,13.533257182476229,4449.152542372869,0.011481666666666687,0.00028382799955842833,-0.00028382799955842833,1524.783607277495,37.297784974100644,-37.297784974100644,121982.68858219961,2983.8227979280555,-2983.8227979280555,1006001.2633333333,41668.66700177472,-41668.66700177472,4573.432003476622,4687.29978816557,4462.3303897125015,12.562420834739711,13.412644454535236,11.766092642211236,3.599648814749965,-3.4745762711866144,-3.4745762711866197,6.692292256957143,-3.4745762711866046,10.532840090614256,
111_210℃_320_2.0mm.csv,2.0,320,1.487345,0.300064761,1.498905,0.300258496,0.01156,1.349034065,210,0.011560000000000015,1048775.5690000001,1513.840830449825,80.0,121107.266435986,13.19602239743131,4541.522491349475,0.010851666666666704,0.0006161236347790226,-0.0006161236347790226,1616.0226800767869,88.96198075619394,-88.96198075619394,129281.81440614296,7116.958460495512,-7116.958460495512,962568.9146666666,75293.40015170281,-75293.40015170281,4843.066658752708,5121.7188410170065,4579.574824233158,11.334690713271211,12.942619415004506,9.926523329317252,9.521553765986868,-8.693771626296902,-8.6937716262969,12.864628906865255,-8.693771626296902,23.611095231014,圧力差・樹脂粘度
112_210℃_320_2.0mm.csv,2.0,320,1.48746,0.300064967,1.498015,0.300094432,0.010555,1.229327602,210,0.010555000000000092,929233.1699999998,1657.9819990525673,80.0,132638.5599242054,10.675435221061313,4973.945997157702,0.010851666666666704,0.0006161236347790226,-0.0006161236347790226,1616.0226800767869,88.96198075619394,-88.96198075619394,129281.81440614296,7116.958460495512,-7116.958460495512,962568.9146666666,75293.40015170281,-75293.40015170281,4843.066658752708,5121.7188410170065,4579.574824233158,11.334690713271211,12.942619415004506,9.926523329317252,0.0,0.0,0.0,0.0,0.0,0.0,
113_210℃_320_2.0mm.csv,2.0,320,1.48742,0.300054824,1.49786,0.300210624,0.01044,1.209908629,210,0.010440000000000005,909698.0050000001,1676.2452107279685,80.0,134099.61685823748,10.337139779265312,5028.735632183905,0.010851666666666704,0.0006161236347790226,-0.0006161236347790226,1616.0226800767869,88.96198075619394,-88.96198075619394,129281.81440614296,7116.958460495512,-7116.958460495512,962568.9146666666,75293.40015170281,-75293.40015170281,4843.066658752708,5121.7188410170065,4579.574824233158,11.334690713271211,12.942619415004506,9.926523329317252,-1.0895310279496566,1.101532567050635,1.1015325670506348,-2.102288815195834,1.101532567050635,-3.168914754206799,
001_230℃_003_2.0mm.csv,2.0,3,0.46618,0.300000878,1.56216,0.300015448,1.09598,1.588393705,230,1.09598,1288378.2570000002,15.96744466139893,80.0,1277.3955729119145,1536.9108050142697,47.9023339841968,1.1072866666666668,0.010086472789500452,-0.010086472789500452,15.805276518638022,0.14454378314993144,-0.14454378314993144,1264.422121491042,11.563502651994456,-11.563502651994456,1286231.2056666669,2498.634977403815,-2498.634977403815,47.41451113411321,47.84926081235113,46.98371151235514,1550.1337414483335,1561.7574593395402,1538.5965355931705,-1.3092965457623456,1.3266665450099455,1.32666654500995,0.12056821140710228,1.3266665450099682,-1.1903069297824942,
002_230℃_003_2.0mm.csv,2.0,3,0.45688,0.300009044,1.5674,0.300002662,1.11052,1.586829415,230,1.11052,1286826.753,15.75838346000072,80.0,1260.6706768000577,1555.4251382221064,47.27515038000216,1.1072866666666668,0.010086472789500452,-0.010086472789500452,15.805276518638022,0.14454378314993144,-0.14454378314993144,1264.422121491042,11.563502651994456,-11.563502651994456,1286231.2056666669,2498.634977403815,-2498.634977403815,47.41451113411321,47.84926081235113,46.98371151235514,1550.1337414483335,1561.7574593395402,1538.5965355931705,0.0,0.0,0.0,0.0,0.0,0.0,
003_230℃_003_2.0mm.csv,2.0,3,0.4501,0.300010655,1.56546,0.300008946,1.11536,1.583497553,230,1.1153600000000001,1283488.607,15.690001434514414,80.0,1255.2001147611531,1558.1516764119947,47.07000430354324,1.1072866666666668,0.010086472789500452,-0.010086472789500452,15.805276518638022,0.14454378314993144,-0.14454378314993144,1264.422121491042,11.563502651994456,-11.563502651994456,1286231.2056666669,2498.634977403815,-2498.634977403815,47.41451113411321,47.84926081235113,46.98371151235514,1550.1337414483335,1561.7574593395402,1538.5965355931705,0.4358318625508931,-0.4339406111031581,-0.43394061110316035,-0.25940912342843947,-0.4339406111031544,0.1752921515081591,
011_230℃_005_2.0mm.csv,2.0,5,0.8094,0.300019685,1.43832,0.300010253,0.62892,1.37947601,230,0.62892,1079465.7570000002,27.82547859823189,80.0,2226.038287858551,738.9361675019757,83.47643579469566,0.6206933333333332,0.012771786614774612,-0.012771786614774612,28.202331650679145,0.5871442736802306,-0.5871442736802306,2256.1865320543316,46.97154189441879,-46.97154189441879,1061538.4596666668,25163.078376333066,-25163.078376333066,84.59486550837484,86.36416719074707,82.86181066939928,716.9215545703735,749.5658286939542,685.6989682989621,0.27743231608151964,-0.27666475863385076,-0.2766647586338635,0.661001761353935,-0.2766647586338635,0.9402679099313218,
012_230℃_005_2.0mm.csv,2.0,5,0.8072,0.300009517,1.43438,0.300010545,0.62718,1.372387869,230,0.62718,1072377.324,27.90267546796773,80.0,2232.2140374374185,732.0529089157224,83.70802640390319,0.6206933333333332,0.012771786614774612,-0.012771786614774612,28.202331650679145,0.5871442736802306,-0.5871442736802306,2256.1865320543316,46.97154189441879,-46.97154189441879,1061538.4596666668,25163.078376333066,-25163.078376333066,84.59486550837484,86.36416719074707,82.86181066939928,716.9215545703735,749.5658286939542,685.6989682989621,0.0,0.0,0.0,0.0,0.0,0.0,
013_230℃_005_2.0mm.csv,2.0,5,0.80788,0.300017736,1.41386,0.300005961,0.60598,1.332778259,230,0.6059799999999999,1032772.2979999998,28.878840885837825,80.0,2310.307270867026,681.1856948484786,86.63652265751348,0.6206933333333332,0.012771786614774612,-0.012771786614774612,28.202331650679145,0.5871442736802306,-0.5871442736802306,2256.1865320543316,46.97154189441879,-46.97154189441879,1061538.4596666668,25163.078376333066,-25163.078376333066,84.59486550837484,86.36416719074707,82.86181066939928,716.9215545703735,749.5658286939542,685.6989682989621,-3.3802098281195367,3.498465295884381,3.498465295884378,-3.6931987569703764,3.498465295884385,-6.9485707177348015,
101_230℃_280_2.0mm.csv,2.0,280,1.4863,0.300015349,1.49835,0.30000162,0.01205,1.295427516,230,0.012050000000000116,995425.896,1452.2821576763345,80.0,116182.57261410676,13.055653928489923,4356.846473029003,0.012093333333333364,0.0003569780572154589,-0.0003569780572154589,1447.9151597239118,42.532054841239464,-42.532054841239464,115833.21277791297,3402.564387299152,-3402.564387299152,997967.9306666666,38472.23304843278,-38472.23304843278,4342.492023260773,4472.279783301935,4216.470767882266,13.125768860419322,14.04834017425489,12.263783908997736,0.0,0.0,0.0,0.0,0.0,0.0,
102_230℃_280_2.0mm.csv,2.0,280,1.4863,0.300115924,1.49806,0.300140168,0.01176,1.260969921,230,0.011759999999999993,960829.753,1488.095238095239,80.0,119047.61904761911,12.298620838399994,4464.2857142857165,0.012093333333333364,0.0003569780572154589,-0.0003569780572154589,1447.9151597239118,42.532054841239464,-42.532054841239464,115833.21277791297,3402.564387299152,-3402.564387299152,997967.9306666666,38472.23304843278,-38472.23304843278,4342.492023260773,4472.279783301935,4216.470767882266,13.125768860419322,14.04834017425489,12.263783908997736,-2.4066390041503793,2.465986394558878,2.4659863945588714,-3.475511651748301,2.4659863945588674,-5.798507636893913,
103_230℃_280_2.0mm.csv,2.0,280,1.48623,0.300093701,1.4987,0.300129037,0.01247,1.33777718,230,0.012469999999999981,1037648.1429999999,1403.3680834001625,80.0,112269.446672013,14.083779421180932,4210.1042502004875,0.012093333333333364,0.0003569780572154589,-0.0003569780572154589,1447.9151597239118,42.532054841239464,-42.532054841239464,115833.21277791297,3402.564387299152,-3402.564387299152,997967.9306666666,38472.23304843278,-38472.23304843278,4342.492023260773,4472.279783301935,4216.470767882266,13.125768860419322,14.04834017425489,12.263783908997736,3.485477178422082,-3.3680834001593016,-3.3680834001593016,4.241626340008335,-3.3680834001593016,7.874944436505348,
111_230℃_320_2.0mm.csv,2.0,320,1.48674,0.30004634,1.49837,0.300165887,0.01163,1.290136125,230,0.01163000000000003,989970.238,1504.7291487532207,80.0,120378.33190025765,12.53154162496874,4514.1874462596625,0.010934999999999992,0.000602515559965078,-0.000602515559965078,1603.5121917836038,85.65628548598855,-85.65628548598855,128280.97534268831,6852.5028388791,-6852.5028388791,920960.7666666666,60927.138554750265,-60927.138554750265,4805.863442471471,5073.9624711990555,4551.930283044787,10.934783085883726,12.318013713987188,9.706880014231263,9.561940650025695,-8.727429062770483,-8.727429062770497,10.20430761847972,-8.72742906277048,20.741978106730524,圧力差・樹脂粘度
112_230℃_320_2.0mm.csv,2.0,320,1.48688,0.300026283,1.49744,0.300015406,0.01056,1.174622983,230,0.010560000000000125,874607.5769999999,1657.1969696969502,80.0,132575.75757575603,10.05263239523277,4971.590909090851,0.010934999999999992,0.000602515559965078,-0.000602515559965078,1603.5121917836038,85.65628548598855,-85.65628548598855,128280.97534268831,6852.5028388791,-6852.5028388791,920960.7666666666,60927.138554750265,-60927.138554750265,4805.863442471471,5073.9624711990555,4551.930283044787,10.934783085883726,12.318013713987188,9.706880014231263,-0.5181347150230345,0.5208333333304376,0.5208333333304376,-2.637959444230099,0.5208333333304376,-3.1424259756043496,
113_230℃_320_2.0mm.csv,2.0,320,1.48703,0.300235933,1.497645,0.300155173,0.010615,1.198459658,230,0.010614999999999819,898304.485,1648.6104569006404,80.0,131888.83655205125,10.378777804924992,4945.8313707019215,0.010934999999999992,0.000602515559965078,-0.000602515559965078,1603.5121917836038,85.65628548598855,-85.65628548598855,128280.97534268831,6852.5028388791,-6852.5028388791,920960.7666666666,60927.138554750265,-60927.138554750265,4805.863442471471,5073.9624711990555,4551.930283044787,10.934783085883726,12.318013713987188,9.706880014231263,0.0,0.0,0.0,0.0,0.0,0.0,
