元ファイル,キャビティ厚み[mm],射出速度[mm/s],CH03_立ち上がり時間(s),CH03_立ち上がり圧力(MPa),CH04_立ち上がり時間(s),CH04_立ち上がり圧力(MPa),立ち上がり時間差(s),先行列圧力@後発列立ち上がり時(MPa),CH03_最大圧力(MPa),CH03_最大圧力時間(s),CH04_最大圧力(MPa),CH04_最大圧力時間(s),最大圧力差(MPa),先行列圧力@後発列最大時(MPa)
001_190℃_020_0.5mm.csv,0.5,20,1.48514,0.300161041,1.54663,0.300052004,0.06149,11.93697051,63.09068894,1.814665,49.78289984,1.821615,13.3077891,62.81622117
002_190℃_020_0.5mm.csv,0.5,20,1.484785,0.300123439,1.54739,0.300082438,0.062605,11.91678325,64.41710809,1.81935,50.95886521,1.82597,13.45824288,64.15164834
003_190℃_020_0.5mm.csv,0.5,20,1.48427,0.300106092,1.54962,0.300086689,0.06535,12.17978488,63.20065559,1.82392,50.13728392,1.830245,13.06337167,62.93434005
004_190℃_020_0.5mm.csv,0.5,20,1.484465,0.300020869,1.548375,0.300021212,0.06391,12.00084071,63.3668012,1.820515,50.25823597,1.82704,13.10856524,63.09049387
005_190℃_020_0.5mm.csv,0.5,20,1.484395,0.300019322,1.54953,0.300046099,0.065135,12.15541482,63.58559564,1.8198,50.44457005,1.826395,13.14102559,63.33716518
006_190℃_040_0.5mm.csv,0.5,40,1.488185,0.300092188,1.532275,0.300282124,0.04409,10.72541802,56.47268197,1.665885,42.73080557,1.674685,13.7418764,55.95378336
007_190℃_040_0.5mm.csv,0.5,40,1.488,0.300028569,1.531935,0.300129432,0.043935,10.55668043,52.58732744,1.665565,39.5569948,1.675255,13.03033264,52.06397775
008_190℃_040_0.5mm.csv,0.5,40,1.4881,0.300161384,1.532115,0.300193741,0.044015,10.62939209,55.56889301,1.66913,42.19136272,1.6769,13.37753029,55.12738496
009_190℃_040_0.5mm.csv,0.5,40,1.48802,0.300035566,1.53225,0.300190512,0.04423,10.65431605,54.18228099,1.66712,40.90715702,1.675565,13.27512397,53.71335534
010_190℃_040_0.5mm.csv,0.5,40,1.48805,0.300092719,1.53238,0.300250611,0.04433,10.72520339,54.36356583,1.667395,41.07228964,1.676025,13.29127619,53.89670029
011_190℃_080_0.5mm.csv,0.5,80,1.4913,0.300142713,1.51244,0.30007825,0.02114,6.342926807,45.59135034,1.58582,33.70229905,1.592865,11.88905129,45.04857235
012_190℃_080_0.5mm.csv,0.5,80,1.491175,0.300259248,1.5126,0.300044516,0.021425,6.415926447,44.95616467,1.58413,33.05680921,1.592935,11.89935546,44.2856313
013_190℃_080_0.5mm.csv,0.5,80,1.491285,0.30023435,1.512595,0.300009254,0.02131,6.422556025,45.5391747,1.586355,33.69952935,1.593595,11.83964535,44.98825849
014_190℃_080_0.5mm.csv,0.5,80,1.49124,0.300312612,1.512705,0.300052827,0.021465,6.468095571,44.8811007,1.58403,32.98356553,1.592105,11.89753517,44.24982803
015_190℃_080_0.5mm.csv,0.5,80,1.491335,0.300179653,1.51267,0.300262174,0.021335,6.468051031,45.37175024,1.58172,33.12132522,1.59177,12.25042502,44.54065334
016_190℃_120_0.5mm.csv,0.5,120,1.492355,0.300265526,1.50675,0.300168286,0.014395,4.15533211,45.01954547,1.567085,33.74802329,1.57416,11.27152217,44.48028844
017_190℃_120_0.5mm.csv,0.5,120,1.492375,0.300187282,1.506875,0.300193588,0.0145,4.225946306,45.39504308,1.56713,34.01592001,1.57403,11.37912307,44.87203892
018_190℃_120_0.5mm.csv,0.5,120,1.49238,0.300053488,1.5066,0.300136114,0.01422,4.081602857,45.52450175,1.56642,34.12617679,1.57338,11.39832496,44.97732523
019_190℃_120_0.5mm.csv,0.5,120,1.49234,0.300207997,1.507005,0.300235504,0.014665,4.279851249,45.08447881,1.56478,33.56960691,1.57229,11.5148719,44.44977691
020_190℃_120_0.5mm.csv,0.5,120,1.49244,0.300238383,1.506565,0.30000642,0.014125,4.076554909,45.57472696,1.565075,33.97240635,1.57267,11.60232061,44.95064089
021_190℃_160_0.5mm.csv,0.5,160,1.49295,0.30018433,1.504085,0.300181684,0.011135,3.054006512,44.17085717,1.55962,33.09545192,1.565955,11.07540526,43.68293168
022_190℃_160_0.5mm.csv,0.5,160,1.49295,0.300033386,1.50411,0.30028796,0.01116,3.0648304,44.20620445,1.55852,33.08172174,1.56506,11.1244827,43.68748766
023_190℃_160_0.5mm.csv,0.5,160,1.492975,0.300322002,1.504285,0.300073054,0.01131,3.147763036,44.93417235,1.558935,33.72008589,1.56567,11.21408646,44.40333748
024_190℃_160_0.5mm.csv,0.5,160,1.49299,0.300370426,1.50436,0.300328999,0.01137,3.184380522,44.904723,1.5594,33.82901645,1.56609,11.07570655,44.4036941
025_190℃_160_0.5mm.csv,0.5,160,1.49302,0.300317001,1.50408,0.300141669,0.01106,3.063498203,43.60995076,1.55866,32.56137298,1.56511,11.04857778,43.10434007
026_190℃_200_0.5mm.csv,0.5,200,1.493285,0.300292943,1.50287,0.300365055,0.009585,2.569723241,44.25067202,1.559675,33.46362592,1.5663,10.7870461,43.79972922
027_190℃_200_0.5mm.csv,0.5,200,1.49334,0.300056576,1.50275,0.300320336,0.00941,2.515829847,43.87768265,1.55707,32.90792582,1.56403,10.96975683,43.35486355
028_190℃_200_0.5mm.csv,0.5,200,1.493275,0.300014638,1.50327,0.300145172,0.009995,2.745653116,45.10637232,1.55702,33.93285254,1.563795,11.17351978,44.5852259
029_190℃_200_0.5mm.csv,0.5,200,1.493245,0.300043351,1.50282,0.300028244,0.009575,2.540081236,44.74033422,1.55698,33.6132726,1.563895,11.12706162,44.20725606
030_190℃_200_0.5mm.csv,0.5,200,1.49338,0.300029109,1.502445,0.30019056,0.009065,2.40119985,45.48323667,1.5576,34.34278342,1.56424,11.14045324,44.98771606
031_190℃_240_0.5mm.csv,0.5,240,1.493475,0.300225828,1.502435,0.300308874,0.00896,2.396931295,45.49044769,1.559385,34.43399109,1.565795,11.05645659,45.02413945
032_190℃_240_0.5mm.csv,0.5,240,1.49337,0.300307174,1.502375,0.300377445,0.009005,2.366906661,44.78053045,1.556265,33.58313854,1.563025,11.19739191,44.25636304
033_190℃_240_0.5mm.csv,0.5,240,1.493415,0.300109336,1.502445,0.300095381,0.00903,2.40025882,45.31694847,1.556205,34.08484072,1.5629,11.23210775,44.79888593
034_190℃_240_0.5mm.csv,0.5,240,1.493475,0.300014343,1.502535,0.300312557,0.00906,2.442467149,45.04705253,1.556475,33.88053042,1.563835,11.16652211,44.49527091
035_190℃_240_0.5mm.csv,0.5,240,1.49338,0.30017759,1.50254,0.300430855,0.00916,2.438595377,45.35341501,1.555865,34.03441579,1.56289,11.31899922,44.80266596
001_190℃_280_0.5mm.csv,0.5,280,1.493345,0.300018239,1.50198,0.300038163,0.008635,2.205758962,44.12918176,1.556505,33.2617687,1.56153,10.86741306,43.72807697
002_190℃_280_0.5mm.csv,0.5,280,1.493435,0.30010582,1.502335,0.300379475,0.0089,2.358678099,45.65994434,1.559835,34.8118767,1.56461,10.84806764,45.34074598
003_190℃_280_0.5mm.csv,0.5,280,1.49341,0.300364858,1.502195,0.300141405,0.008785,2.296013158,43.69348971,1.5573,32.93652134,1.563245,10.75696836,43.25032485
004_190℃_320_0.5mm.csv,0.5,320,1.49339,0.300065241,1.501225,0.300038386,0.007835,1.911750331,41.34064107,1.553545,31.12303488,1.55932,10.21760619,40.89096582
005_190℃_320_0.5mm.csv,0.5,320,1.493545,0.300057785,1.50172,0.30033524,0.008175,2.112854819,44.89865504,1.55632,33.877253,1.56193,11.02140204,44.45438627
006_190℃_320_0.5mm.csv,0.5,320,1.493505,0.30007053,1.50231,0.300228389,0.008805,2.350048739,44.73359925,1.556845,33.62002996,1.563105,11.11356929,44.2459285
001_210℃_020_0.5mm.csv,0.5,20,1.479935,0.300073337,1.57586,0.300018704,0.095925,13.59349601,61.47215702,1.845575,47.77603926,1.8548,13.69611776,61.05376796
002_210℃_020_0.5mm.csv,0.5,20,1.48003,0.300018378,1.576425,0.300081733,0.096395,13.58473564,61.1931916,1.853125,47.85454471,1.86356,13.33864688,60.7332659
003_210℃_020_0.5mm.csv,0.5,20,1.48027,0.300144928,1.57635,0.300026456,0.09608,13.49547232,61.05421245,1.852685,47.72030535,1.863335,13.33390709,60.60263477
004_210℃_020_0.5mm.csv,0.5,20,1.48006,0.300078949,1.577285,0.300170222,0.097225,13.68823502,61.59638091,1.856225,48.30999264,1.86607,13.28638827,61.17834975
005_210℃_020_0.5mm.csv,0.5,20,1.4802,0.300110277,1.577285,0.300060262,0.097085,13.60015021,61.72339569,1.855665,48.39951388,1.866345,13.32388181,61.21599643
006_210℃_040_0.5mm.csv,0.5,40,1.487495,0.300209803,1.53315,0.300012997,0.045655,9.911528502,52.52130571,1.67817,39.8927808,1.685165,12.62852491,52.15093355
007_210℃_040_0.5mm.csv,0.5,40,1.487555,0.300103177,1.53342,0.300109643,0.045865,10.03918334,51.93453618,1.67681,39.36993462,1.683875,12.56460157,51.54340876
008_210℃_040_0.5mm.csv,0.5,40,1.487615,0.300068801,1.53352,0.300057974,0.045905,10.04655697,50.95000962,1.67145,38.33183045,1.68036,12.61817917,50.50634848
009_210℃_040_0.5mm.csv,0.5,40,1.487655,0.300157934,1.532935,0.300241949,0.04528,9.804467463,50.91746227,1.67314,38.43792374,1.683325,12.47953853,50.44267252
010_210℃_040_0.5mm.csv,0.5,40,1.48747,0.300041352,1.53322,0.30016363,0.04575,9.923392927,48.39836403,1.66208,35.85582393,1.67665,12.5425401,47.68878759
011_210℃_080_0.5mm.csv,0.5,80,1.491045,0.300044982,1.51251,0.300162091,0.021465,6.121825241,45.20421465,1.587295,33.75002546,1.593345,11.45418919,44.69581484
012_210℃_080_0.5mm.csv,0.5,80,1.49089,0.30013134,1.51248,0.30035278,0.02159,6.103209482,43.90946648,1.583135,32.27435462,1.58995,11.63511186,43.34650262
013_210℃_080_0.5mm.csv,0.5,80,1.49106,0.300294805,1.51249,0.300107723,0.02143,6.137604848,44.13794941,1.585355,32.66885999,1.593725,11.46908943,43.50931597
014_210℃_080_0.5mm.csv,0.5,80,1.490995,0.300131185,1.51228,0.300202374,0.021285,6.022956312,45.67929799,1.584515,33.75965876,1.591715,11.91963922,45.07122523
015_210℃_080_0.5mm.csv,0.5,80,1.490845,0.300143495,1.512715,0.30009226,0.02187,6.237499096,44.93082265,1.582885,32.95663523,1.59054,11.97418742,44.27037226
016_210℃_120_0.5mm.csv,0.5,120,1.49217,0.300259399,1.50629,0.300263586,0.01412,3.857518604,43.02166179,1.561085,31.77113095,1.567345,11.25053083,42.41619525
017_210℃_120_0.5mm.csv,0.5,120,1.492255,0.300029377,1.506345,0.300251898,0.01409,3.892966901,42.90653638,1.56199,31.82474416,1.567955,11.08179221,42.35035531
018_210℃_120_0.5mm.csv,0.5,120,1.492175,0.300010024,1.50627,0.300198375,0.014095,3.850655672,43.11024792,1.56212,31.99209609,1.56866,11.11815183,42.5086656
019_210℃_120_0.5mm.csv,0.5,120,1.492135,0.300331108,1.506445,0.300223346,0.01431,3.930369544,42.4935985,1.56153,31.42159885,1.567505,11.07199965,41.93370209
020_210℃_120_0.5mm.csv,0.5,120,1.492225,0.300067813,1.50652,0.300125373,0.014295,3.978591668,41.42706545,1.561305,30.51591956,1.567245,10.91114589,40.9013587
021_210℃_160_0.5mm.csv,0.5,160,1.49285,0.30011942,1.503915,0.300352311,0.011065,2.960787756,42.45564787,1.55568,31.82764402,1.561685,10.62800385,41.9573069
022_210℃_160_0.5mm.csv,0.5,160,1.492895,0.300294208,1.503915,0.300082527,0.01102,2.962888612,43.0154238,1.555705,32.30187352,1.561585,10.71355028,42.51515088
023_210℃_160_0.5mm.csv,0.5,160,1.492885,0.300198736,1.503995,0.300120098,0.01111,3.001385605,43.01957926,1.55539,32.26046167,1.561255,10.75911758,42.51205174
024_210℃_160_0.5mm.csv,0.5,160,1.49284,0.300150712,1.5038,0.300247813,0.01096,2.90526855,42.64043407,1.55407,31.79023237,1.560315,10.85020171,42.07057483
025_210℃_160_0.5mm.csv,0.5,160,1.492945,0.300024952,1.50375,0.300283155,0.010805,2.890474866,42.3438642,1.554225,31.58089445,1.55987,10.76296975,41.82725447
026_210℃_200_0.5mm.csv,0.5,200,1.49326,0.300004448,1.502485,0.300465809,0.009225,2.402044848,42.93947506,1.553,32.26283045,1.559665,10.67664461,42.40051251
027_210℃_200_0.5mm.csv,0.5,200,1.49327,0.300251921,1.502575,0.300248822,0.009305,2.44168119,43.0335917,1.55378,32.33665528,1.56036,10.69693642,42.50920612
028_210℃_200_0.5mm.csv,0.5,200,1.49324,0.300110452,1.502255,0.300059527,0.009015,2.306077506,42.70478728,1.551405,31.97202038,1.557445,10.7327669,42.16556193
029_210℃_200_0.5mm.csv,0.5,200,1.493325,0.300158059,1.50249,0.300012184,0.009165,2.407578056,42.91234882,1.55266,32.23269789,1.55878,10.67965092,42.39280476
030_210℃_200_0.5mm.csv,0.5,200,1.49331,0.300411708,1.50263,0.300426318,0.00932,2.468170505,42.05478084,1.55207,31.46916949,1.557575,10.58561135,41.5781019
031_210℃_240_0.5mm.csv,0.5,240,1.49341,0.300259034,1.50204,0.300100699,0.00863,2.234555449,42.64166933,1.553045,32.05337445,1.55934,10.58829487,42.12924249
032_210℃_240_0.5mm.csv,0.5,240,1.4934,0.30039998,1.50172,0.300330081,0.00832,2.104038932,43.04646648,1.554085,32.46411351,1.56028,10.58235298,42.55575396
033_210℃_240_0.5mm.csv,0.5,240,1.493355,0.300296683,1.501945,0.30023896,0.00859,2.194262983,41.92615821,1.55074,31.32965929,1.55634,10.59649892,41.43005828
034_210℃_240_0.5mm.csv,0.5,240,1.493505,0.300143633,1.501405,0.300152896,0.0079,1.987540587,41.94816578,1.550745,31.45666089,1.556575,10.49150489,41.44320224
035_210℃_240_0.5mm.csv,0.5,240,1.49341,0.300286993,1.501905,0.300151172,0.008495,2.179237745,42.32709619,1.55096,31.61578347,1.55664,10.71131272,41.81769
001_210℃_280_0.5mm.csv,0.5,280,1.493445,0.300419393,1.501725,0.300091596,0.00828,2.110961805,42.40449731,1.552715,31.91705206,1.55849,10.48744525,41.93452351
002_210℃_280_0.5mm.csv,0.5,280,1.49347,0.300390848,1.501465,0.300388284,0.007995,2.009431859,41.72701581,1.55008,31.16514,1.55538,10.56187581,41.23907877
003_210℃_280_0.5mm.csv,0.5,280,1.493495,0.300113756,1.50173,0.300081365,0.008235,2.114333448,41.84153012,1.550845,31.28703559,1.556645,10.55449453,41.33930111
004_210℃_320_0.5mm.csv,0.5,320,1.493475,0.300114877,1.501385,0.300085835,0.00791,1.979394443,42.41895449,1.552295,31.80572716,1.558275,10.61322733,41.91541095
005_210℃_320_0.5mm.csv,0.5,320,1.49351,0.300249263,1.50167,0.30033831,0.00816,2.091360654,41.97929993,1.550575,31.3339806,1.55589,10.64531933,41.49249643
006_210℃_320_0.5mm.csv,0.5,320,1.49346,0.300156427,1.501675,0.300242099,0.008215,2.092346427,42.51831755,1.551465,31.80777766,1.557325,10.71053989,42.00017682
001_230℃_020_0.5mm.csv,0.5,20,1.47935,0.300005116,1.58471,0.300067527,0.10536,12.93687818,58.51198984,1.868485,45.62146242,1.877715,12.89052742,58.09345735
002_230℃_020_0.5mm.csv,0.5,20,1.47971,0.300051572,1.584385,0.300116063,0.104675,12.93037321,58.80234493,1.868495,45.71857405,1.881295,13.08377087,58.2587215
003_230℃_020_0.5mm.csv,0.5,20,1.479615,0.300056865,1.584025,0.300055505,0.10441,12.89837254,58.71350475,1.877615,45.96933915,1.88743,12.7441656,58.29137496
004_230℃_020_0.5mm.csv,0.5,20,1.479725,0.300066012,1.58309,0.300144583,0.103365,12.92879353,58.35783248,1.877595,45.70833211,1.886575,12.64950038,57.96631703
005_230℃_020_0.5mm.csv,0.5,20,1.47977,0.300118927,1.58349,0.300016308,0.10372,12.92841308,58.30544042,1.874525,45.6542718,1.88339,12.65116862,57.93244507
006_230℃_040_0.5mm.csv,0.5,40,1.4872,0.300180945,1.533005,0.300160246,0.045805,9.267831486,48.13499634,1.672135,35.92232914,1.68412,12.2126672,47.56580214
007_230℃_040_0.5mm.csv,0.5,40,1.487495,0.300194276,1.53338,0.300179485,0.045885,9.429203032,47.06739323,1.65126,34.21280565,1.68114,12.85458758,45.59426617
008_230℃_040_0.5mm.csv,0.5,40,1.487295,0.300171271,1.532705,0.300164013,0.04541,9.178954449,48.69760167,1.672245,36.47041767,1.67962,12.227184,48.3265368
009_230℃_040_0.5mm.csv,0.5,40,1.487105,0.300182361,1.533415,0.300136468,0.04631,9.243695747,49.02341746,1.6855,37.15735867,1.69456,11.86605879,48.6215463
010_230℃_040_0.5mm.csv,0.5,40,1.487285,0.300017279,1.53295,0.300184754,0.045665,9.196266735,49.92148585,1.677525,37.61178224,1.68708,12.30970361,49.45171255
011_230℃_080_0.5mm.csv,0.5,80,1.49077,0.300148195,1.51194,0.300007239,0.02117,5.618363932,45.50139597,1.586605,33.81547125,1.593805,11.68592472,44.93228167
012_230℃_080_0.5mm.csv,0.5,80,1.490775,0.300115775,1.51227,0.300211047,0.021495,5.777030888,45.34963863,1.585965,33.59718448,1.592675,11.75245415,44.80937611
013_230℃_080_0.5mm.csv,0.5,80,1.49063,0.300283407,1.512675,0.300241813,0.022045,5.950556642,45.33890247,1.585605,33.46443367,1.59245,11.8744688,44.78155537
014_230℃_080_0.5mm.csv,0.5,80,1.49069,0.300083675,1.51206,0.300262764,0.02137,5.66850655,44.89934235,1.584715,33.07509383,1.59189,11.82424852,44.31090815
015_230℃_080_0.5mm.csv,0.5,80,1.490775,0.30000186,1.512065,0.300096918,0.02129,5.666742293,45.36165596,1.58611,33.59655265,1.59279,11.76510331,44.8164429
016_230℃_120_0.5mm.csv,0.5,120,1.4921,0.300123839,1.50668,0.300348847,0.01458,3.969347274,43.02289978,1.56347,32.06060317,1.569585,10.96229661,42.47646844
017_230℃_120_0.5mm.csv,0.5,120,1.492105,0.300235927,1.506265,0.300034885,0.01416,3.774055352,43.23897938,1.56354,32.24691029,1.570075,10.99206909,42.66645102
018_230℃_120_0.5mm.csv,0.5,120,1.492155,0.300003786,1.50612,0.300379096,0.013965,3.70825901,43.33832823,1.56454,32.49018279,1.57104,10.84814544,42.79506604
019_230℃_120_0.5mm.csv,0.5,120,1.49213,0.300354219,1.5064,0.300178623,0.01427,3.83524419,43.59308937,1.563995,32.58756104,1.57033,11.00552833,43.04080191
020_230℃_120_0.5mm.csv,0.5,120,1.49199,0.300091499,1.50626,0.300377751,0.01427,3.749748396,42.61999875,1.56278,31.68988137,1.569155,10.93011738,42.03973176
021_230℃_160_0.5mm.csv,0.5,160,1.492755,0.30025651,1.503875,0.300438468,0.01112,2.905139405,42.87274225,1.55676,32.25097838,1.56229,10.62176386,42.42241951
022_230℃_160_0.5mm.csv,0.5,160,1.49267,0.300294462,1.503565,0.300382769,0.010895,2.763917422,42.86006022,1.557165,32.28317914,1.56317,10.57688108,42.3854364
023_230℃_160_0.5mm.csv,0.5,160,1.492685,0.30031019,1.50367,0.30016035,0.010985,2.812983101,42.36625508,1.556515,31.81647913,1.56235,10.54977594,41.89871564
024_230℃_160_0.5mm.csv,0.5,160,1.49277,0.300083852,1.5037,0.300175592,0.01093,2.831274147,42.25165252,1.55575,31.73329783,1.56155,10.51835468,41.78016822
025_230℃_160_0.5mm.csv,0.5,160,1.492715,0.300243423,1.50356,0.300267964,0.010845,2.763321705,42.51646526,1.5556,31.90758943,1.561555,10.60887584,42.0091826
026_230℃_200_0.5mm.csv,0.5,200,1.49317,0.300237333,1.50229,0.300096289,0.00912,2.302331552,42.19819231,1.55449,31.80550846,1.56058,10.39268385,41.74027304
027_230℃_200_0.5mm.csv,0.5,200,1.49313,0.300293879,1.502445,0.300255742,0.009315,2.365489721,42.45348631,1.554985,31.99418938,1.561375,10.45929693,41.98118815
028_230℃_200_0.5mm.csv,0.5,200,1.49313,0.300160247,1.502475,0.300001531,0.009345,2.377143121,42.28077185,1.55457,31.82187508,1.56069,10.45889677,41.81336688
029_230℃_200_0.5mm.csv,0.5,200,1.493165,0.300357184,1.502485,0.300345587,0.00932,2.384402452,41.79034138,1.553555,31.422828,1.55925,10.36751338,41.33528382
030_230℃_200_0.5mm.csv,0.5,200,1.493145,0.300148444,1.50223,0.300175749,0.009085,2.279786829,42.03183109,1.55404,31.6697123,1.560095,10.36211879,41.5663185
031_230℃_240_0.5mm.csv,0.5,240,1.493315,0.300043328,1.50158,0.300135737,0.008265,2.040766155,41.57896793,1.55236,31.2415602,1.557945,10.33740773,41.12738698
032_230℃_240_0.5mm.csv,0.5,240,1.493325,0.300172668,1.50175,0.30025315,0.008425,2.10531855,41.58266298,1.55351,31.36160335,1.5594,10.22105964,41.1358194
033_230℃_240_0.5mm.csv,0.5,240,1.49329,0.300261628,1.501745,0.300141508,0.008455,2.102614228,41.8516195,1.553085,31.48961263,1.558855,10.36200686,41.3891059
034_230℃_240_0.5mm.csv,0.5,240,1.493295,0.300125671,1.501875,0.300412234,0.00858,2.15403543,42.05075241,1.5538,31.7736054,1.559835,10.27714701,41.59277278
035_230℃_240_0.5mm.csv,0.5,240,1.493365,0.300382639,1.501735,0.300231195,0.00837,2.103290336,41.67436884,1.5531,31.45834565,1.55867,10.21602319,41.23980773
001_230℃_280_0.5mm.csv,0.5,280,1.49332,0.300330918,1.501675,0.300367702,0.008355,2.07764945,40.87852037,1.55244,30.69994416,1.558005,10.17857621,40.4465143
002_230℃_280_0.5mm.csv,0.5,280,1.49338,0.300025773,1.50177,0.300405279,0.00839,2.11585523,41.23607117,1.551955,30.90599344,1.557165,10.33007774,40.79943337
003_230℃_280_0.5mm.csv,0.5,280,1.493385,0.300304955,1.501535,0.300462192,0.00815,2.028274182,40.90774043,1.554045,30.94146547,1.55931,9.966274956,40.55394755
004_230℃_320_0.5mm.csv,0.5,320,1.493455,0.300396058,1.501175,0.300149348,0.00772,1.895174112,40.76751968,1.552455,30.57086298,1.557955,10.1966567,40.3206047
005_230℃_320_0.5mm.csv,0.5,320,1.49339,0.300065241,1.501225,0.300038386,0.007835,1.911750331,41.34064107,1.553545,31.12303488,1.55932,10.21760619,40.89096582
006_230℃_320_0.5mm.csv,0.5,320,1.49337,0.300387669,1.501175,0.300252326,0.007805,1.894888328,40.91878301,1.551995,30.69938776,1.55753,10.21939525,40.47226708
001_190℃_010_1.0mm.csv,1,10,1.42086,0.300063586,1.6322,0.300032316,0.21134,4.235279425,40.3108929,2.53074,29.79225185,2.53484,10.51864105,40.25561089
002_190℃_010_1.0mm.csv,1,10,1.42174,0.300139415,1.62868,0.300048295,0.20694,4.167315528,40.61112853,2.53412,30.19544305,2.5384,10.41568548,40.55046141
003_190℃_010_1.0mm.csv,1,10,1.4218,0.300231014,1.61988,0.300029578,0.19808,3.955447194,40.64681385,2.5353,30.26207768,2.53958,10.38473617,40.58555663
004_190℃_010_1.0mm.csv,1,10,1.42176,0.300079616,1.63524,0.300051199,0.21348,4.320160889,40.86332657,2.53982,30.40825555,2.54402,10.45507101,40.80323746
005_190℃_010_1.0mm.csv,1,10,1.42134,0.300088953,1.6273,0.300148121,0.20596,4.117283127,40.72336374,2.53786,30.3682773,2.54216,10.35508644,40.66106575
006_190℃_020_1.0mm.csv,1,20,1.46472,0.300069263,1.557365,0.300062065,0.092645,3.946787246,32.67671052,1.98314,24.83757634,1.98574,7.839134183,32.64107885
007_190℃_020_1.0mm.csv,1,20,1.46452,0.300068123,1.556505,0.300011753,0.091985,3.896907985,32.75266621,1.98502,24.95533506,1.98761,7.797331145,32.71720107
008_190℃_020_1.0mm.csv,1,20,1.46467,0.300066389,1.558135,0.300036966,0.093465,3.974675756,32.88515843,1.986265,25.05766586,1.988855,7.827492566,32.84963348
009_190℃_020_1.0mm.csv,1,20,1.46468,0.300108115,1.55733,0.300085353,0.09265,3.943642154,33.22058296,1.990115,25.39438789,1.992685,7.826195061,33.18561171
010_190℃_020_1.0mm.csv,1,20,1.464655,0.300086903,1.55719,0.300105313,0.092535,3.934040756,33.13850217,1.98928,25.31216995,1.99189,7.826332219,33.10241184
011_190℃_040_1.0mm.csv,1,40,1.48141,0.300050846,1.52602,0.300111704,0.04461,3.910933551,27.92314343,1.71995,21.41793213,1.72193,6.505211297,27.88999069
012_190℃_040_1.0mm.csv,1,40,1.481475,0.300154817,1.526295,0.300186548,0.04482,3.933439459,28.19909736,1.722195,21.67118912,1.72416,6.527908232,28.1664113
013_190℃_040_1.0mm.csv,1,40,1.481435,0.300156783,1.526035,0.30004496,0.0446,3.906994936,28.12222916,1.7217,21.61780981,1.72367,6.504419351,28.08931728
014_190℃_040_1.0mm.csv,1,40,1.481425,0.300117268,1.526245,0.300011165,0.04482,3.930596455,28.17145319,1.72175,21.64032057,1.72371,6.531132622,28.13867439
015_190℃_040_1.0mm.csv,1,40,1.481385,0.30006945,1.526775,0.30008394,0.04539,3.98365993,28.20710164,1.72199,21.65874994,1.72394,6.548351702,28.17463322
016_190℃_080_1.0mm.csv,1,80,1.48773,0.300231641,1.509805,0.300015938,0.022075,3.273168684,24.94010296,1.60279,19.09456697,1.60495,5.84553599,24.88578381
017_190℃_080_1.0mm.csv,1,80,1.48772,0.300104638,1.51004,0.30011069,0.02232,3.316862041,25.00725442,1.60314,19.14512073,1.605305,5.862133693,24.95273286
018_190℃_080_1.0mm.csv,1,80,1.48773,0.300006395,1.509865,0.300039716,0.022135,3.281181783,25.27636097,1.60411,19.40393394,1.60625,5.872427025,25.22283392
019_190℃_080_1.0mm.csv,1,80,1.487685,0.300008886,1.51017,0.300169364,0.022485,3.344935324,25.38750496,1.604425,19.48765776,1.60656,5.8998472,25.33381968
020_190℃_080_1.0mm.csv,1,80,1.487675,0.30003306,1.510015,0.300107057,0.02234,3.312875262,25.35438166,1.604305,19.45842377,1.606435,5.895957893,25.3011254
021_190℃_120_1.0mm.csv,1,120,1.489645,0.30013079,1.504635,0.300081601,0.01499,2.517351118,23.08797553,1.57144,17.63766909,1.573905,5.450306435,23.01885302
022_190℃_120_1.0mm.csv,1,120,1.48971,0.300048712,1.504935,0.300259238,0.015225,2.594852413,23.3039676,1.571935,17.82642144,1.57437,5.477546155,23.23620424
023_190℃_120_1.0mm.csv,1,120,1.489805,0.300259117,1.504805,0.30029931,0.015,2.563665566,23.33548834,1.571985,17.87171575,1.574415,5.463772584,23.26783776
024_190℃_120_1.0mm.csv,1,120,1.489715,0.300139024,1.504945,0.30001982,0.01523,2.598166433,23.51117892,1.57241,18.01974311,1.57484,5.491435808,23.44336457
025_190℃_120_1.0mm.csv,1,120,1.489705,0.300202266,1.505,0.300305947,0.015295,2.611115658,23.34648702,1.572015,17.8624859,1.57444,5.484001119,23.27898298
026_190℃_160_1.0mm.csv,1,160,1.490725,0.300226298,1.502235,0.300261206,0.01151,2.025635582,22.92653312,1.563525,17.67708064,1.56592,5.249452479,22.86470803
027_190℃_160_1.0mm.csv,1,160,1.490705,0.300274135,1.502375,0.3001712,0.01167,2.060142439,23.03857689,1.563765,17.7808007,1.56612,5.257776189,22.97826101
028_190℃_160_1.0mm.csv,1,160,1.49067,0.300213246,1.50217,0.300105696,0.0115,2.008099111,23.15861074,1.56395,17.89419094,1.56632,5.264419805,23.09765892
029_190℃_160_1.0mm.csv,1,160,1.490685,0.300087445,1.502495,0.300007991,0.01181,2.091923602,23.29975487,1.56421,18.01174152,1.566565,5.288013352,23.23937046
030_190℃_160_1.0mm.csv,1,160,1.49076,0.300306953,1.50245,0.300227327,0.01169,2.081854031,23.26267506,1.564125,17.98326241,1.566475,5.279412644,23.20242381
031_190℃_200_1.0mm.csv,1,200,1.49134,0.300278395,1.500895,0.300036933,0.009555,1.715319101,23.028947,1.5612,17.84796817,1.563455,5.180978829,22.9729472
032_190℃_200_1.0mm.csv,1,200,1.49132,0.300138738,1.5007,0.300312053,0.00938,1.666024768,23.31655748,1.56167,18.12972757,1.56389,5.186829911,23.2620584
033_190℃_200_1.0mm.csv,1,200,1.49127,0.300158892,1.501265,0.300094206,0.009995,1.808375905,23.277804,1.561605,18.05631788,1.56382,5.22148612,23.22347657
034_190℃_200_1.0mm.csv,1,200,1.49132,0.300266561,1.50109,0.300120176,0.00977,1.76411293,23.28936544,1.56159,18.08827216,1.563825,5.201093279,23.23399355
035_190℃_200_1.0mm.csv,1,200,1.49143,0.30029108,1.50065,0.30012353,0.00922,1.654522882,23.24343685,1.56148,18.06222333,1.563715,5.181213523,23.18809715
036_190℃_240_1.0mm.csv,1,240,1.491565,0.300163193,1.500195,0.300071117,0.00863,1.546990376,22.98905522,1.56001,17.84024586,1.5622,5.148809363,22.93433957
037_190℃_240_1.0mm.csv,1,240,1.49157,0.300211804,1.500405,0.300147765,0.008835,1.597953415,23.24740751,1.56036,18.07261847,1.56253,5.174789041,23.19357874
038_190℃_240_1.0mm.csv,1,240,1.491695,0.300249034,1.500465,0.300174261,0.00877,1.613436169,23.40842244,1.56057,18.22942214,1.562725,5.179000298,23.35538234
039_190℃_240_1.0mm.csv,1,240,1.491595,0.300043595,1.500555,0.300277105,0.00896,1.635828028,23.38976582,1.56056,18.19506639,1.562705,5.194699429,23.33715133
040_190℃_240_1.0mm.csv,1,240,1.491545,0.300179446,1.50023,0.300195636,0.008685,1.555085886,23.25050862,1.56039,18.08132059,1.562555,5.169188027,23.19696782
001_190℃_280_1.0mm.csv,1,280,1.491655,0.300332854,1.500305,0.300070939,0.00865,1.574515781,23.10590892,1.559495,17.94199317,1.56167,5.16391575,23.05094211
002_190℃_280_1.0mm.csv,1,280,1.491615,0.300152631,1.50018,0.300188705,0.008565,1.544123826,23.24029884,1.55968,18.06505748,1.56185,5.175241357,23.1857093
003_190℃_280_1.0mm.csv,1,280,1.491705,0.30032946,1.50042,0.30009537,0.008715,1.602812153,23.38112749,1.559815,18.18103547,1.561965,5.20009202,23.32737291
004_190℃_320_1.0mm.csv,1,320,1.491725,0.300333031,1.49992,0.300032194,0.008195,1.481509961,23.41182962,1.559905,18.2222327,1.562025,5.189596918,23.35768809
005_190℃_320_1.0mm.csv,1,320,1.491705,0.300326562,1.49978,0.30007254,0.008075,1.448775225,23.33409413,1.559805,18.16196588,1.561935,5.172128253,23.27966403
006_190℃_320_1.0mm.csv,1,320,1.49173,0.300197411,1.500455,0.30029305,0.008725,1.612386696,23.47007013,1.559995,18.25685516,1.5621,5.21321497,23.41663214
001_210℃_010_1.0mm.csv,1,10,1.41948,0.300201944,1.62114,0.300202657,0.20166,3.919031554,40.19222936,2.60388,31.08293968,2.60798,9.109289674,40.1384485
002_210℃_010_1.0mm.csv,1,10,1.41902,0.30016008,1.623,0.300065278,0.20398,3.957469295,40.25565863,2.60544,31.12294581,2.60972,9.132712819,40.19637993
003_210℃_010_1.0mm.csv,1,10,1.4193,0.300048891,1.6208,0.300183613,0.2015,3.903910668,40.56374241,2.6113,31.42905754,2.6155,9.134684865,40.50700568
004_210℃_010_1.0mm.csv,1,10,1.41926,0.300091458,1.62138,0.300033784,0.20212,3.919962894,40.12750803,2.60168,31.00305132,2.60592,9.12445671,40.06908125
005_210℃_010_1.0mm.csv,1,10,1.41886,0.300167141,1.6184,0.300006003,0.19954,3.844202802,40.17314785,2.6069,31.09586247,2.61092,9.077285381,40.12076698
006_210℃_020_1.0mm.csv,1,20,1.461795,0.300093764,1.555565,0.300018412,0.09377,3.681642376,31.75220035,2.0127,24.76286496,2.01507,6.989335394,31.72439419
007_210℃_020_1.0mm.csv,1,20,1.46171,0.300032184,1.554755,0.300009091,0.093045,3.64598656,31.99869532,2.016325,25.02061864,2.018685,6.978076684,31.97111125
008_210℃_020_1.0mm.csv,1,20,1.46178,0.300035073,1.554515,0.300004335,0.092735,3.637620669,32.02907629,2.016395,25.04653599,2.018755,6.982540293,32.00152069
009_210℃_020_1.0mm.csv,1,20,1.46186,0.300041212,1.556475,0.300111145,0.094615,3.722701094,31.7765847,2.012555,24.76738922,2.014885,7.009195484,31.74964486
010_210℃_020_1.0mm.csv,1,20,1.46175,0.300019821,1.554725,0.300097439,0.092975,3.649629362,31.8756626,2.014205,24.89765547,2.01655,6.978007132,31.84843716
011_210℃_040_1.0mm.csv,1,40,1.48026,0.300038645,1.525145,0.300082317,0.044885,3.609023699,27.20940731,1.73267,21.16887035,1.7345,6.040536964,27.18211806
012_210℃_040_1.0mm.csv,1,40,1.48022,0.300104303,1.52611,0.300112296,0.04589,3.691160991,27.16951309,1.73267,21.11378233,1.73449,6.055730761,27.14253406
013_210℃_040_1.0mm.csv,1,40,1.480385,0.30008024,1.5254,0.300025459,0.045015,3.631632444,27.21369755,1.7329,21.17870378,1.7347,6.034993773,27.18715627
014_210℃_040_1.0mm.csv,1,40,1.480385,0.300173463,1.525435,0.300010317,0.04505,3.633889092,27.30421928,1.733395,21.25474756,1.73518,6.049471719,27.27809672
015_210℃_040_1.0mm.csv,1,40,1.48034,0.300035561,1.52548,0.300026052,0.04514,3.639986987,27.42645674,1.7343,21.37215908,1.73611,6.054297659,27.39959781
016_210℃_080_1.0mm.csv,1,80,1.487215,0.300073342,1.510015,0.30018675,0.0228,3.179797152,24.73108629,1.609415,19.16181971,1.61143,5.569266579,24.68518729
017_210℃_080_1.0mm.csv,1,80,1.487295,0.300060779,1.509915,0.300193727,0.02262,3.161092014,24.90730332,1.61019,19.33989674,1.61218,5.567406584,24.86245305
018_210℃_080_1.0mm.csv,1,80,1.487305,0.300211633,1.50997,0.300141734,0.022665,3.172025635,24.67561649,1.609235,19.12328028,1.61125,5.552336207,24.62982707
019_210℃_080_1.0mm.csv,1,80,1.48711,0.300151382,1.51006,0.300220347,0.02295,3.185963051,24.7677919,1.60955,19.18895888,1.611565,5.578833023,24.72192814
020_210℃_080_1.0mm.csv,1,80,1.48717,0.300203462,1.509515,0.300069378,0.022345,3.08472946,24.91463497,1.6101,19.3607356,1.61209,5.553899363,24.86972375
021_210℃_120_1.0mm.csv,1,120,1.48937,0.300200691,1.5049,0.300028243,0.01553,2.529061832,22.79955929,1.574585,17.58579087,1.576915,5.213768419,22.73971486
022_210℃_120_1.0mm.csv,1,120,1.48936,0.300169642,1.50493,0.300281012,0.01557,2.535032359,22.86417234,1.574865,17.64485084,1.5772,5.219321492,22.8041138
023_210℃_120_1.0mm.csv,1,120,1.489305,0.300012986,1.504545,0.300035096,0.01524,2.441330673,23.03639699,1.575415,17.83706716,1.577735,5.199329826,22.97744519
024_210℃_120_1.0mm.csv,1,120,1.489315,0.300135276,1.50531,0.300214288,0.015995,2.624302759,23.09187332,1.57541,17.83215048,1.577715,5.259722832,23.03291206
025_210℃_120_1.0mm.csv,1,120,1.48938,0.300118076,1.504615,0.300002752,0.015235,2.461074721,23.01893628,1.575155,17.80146054,1.577465,5.217475741,22.95996
026_210℃_160_1.0mm.csv,1,160,1.49047,0.300082122,1.502225,0.300108309,0.011755,2.003130191,22.53800136,1.56547,17.54000014,1.567805,4.998001224,22.48202143
027_210℃_160_1.0mm.csv,1,160,1.490355,0.300242416,1.502615,0.300353965,0.01226,2.097460931,22.63466862,1.565715,17.62132637,1.56805,5.013342243,22.57876216
028_210℃_160_1.0mm.csv,1,160,1.490465,0.300048296,1.501895,0.300236341,0.01143,1.921462078,22.79800938,1.566,17.81319,1.568315,4.984819375,22.74290672
029_210℃_160_1.0mm.csv,1,160,1.49049,0.300083581,1.501995,0.300269121,0.011505,1.945952958,22.79865094,1.56611,17.80976642,1.568425,4.988884522,22.74354004
030_210℃_160_1.0mm.csv,1,160,1.490325,0.300239228,1.502505,0.300327657,0.01218,2.069344875,23.02338174,1.56654,17.97698474,1.568845,5.046397008,22.96874754
031_210℃_200_1.0mm.csv,1,200,1.49105,0.300022057,1.500825,0.300185632,0.009775,1.691861839,22.9878471,1.56335,18.06091861,1.565525,4.92692849,22.93844514
032_210℃_200_1.0mm.csv,1,200,1.49106,0.300078095,1.500825,0.300254303,0.009765,1.691758156,22.94268906,1.56331,18.01578345,1.5655,4.926905611,22.89261033
033_210℃_200_1.0mm.csv,1,200,1.49103,0.300030957,1.500625,0.300286948,0.009595,1.643185105,23.27764097,1.563815,18.349388,1.56596,4.928252969,23.22944414
034_210℃_200_1.0mm.csv,1,200,1.490975,0.300029304,1.500815,0.300197512,0.00984,1.688062661,22.96197959,1.56335,18.02703121,1.56553,4.934948384,22.91245572
035_210℃_200_1.0mm.csv,1,200,1.491035,0.300041344,1.500795,0.300192179,0.00976,1.684188318,22.87110372,1.56315,17.94598894,1.56532,4.925114779,22.82182385
036_210℃_240_1.0mm.csv,1,240,1.491375,0.300167264,1.500235,0.300015203,0.00886,1.555178785,22.59364471,1.561375,17.7045694,1.5635,4.889075312,22.54504907
037_210℃_240_1.0mm.csv,1,240,1.49143,0.300226064,1.50032,0.300198897,0.00889,1.576180824,22.8003886,1.56169,17.89939726,1.5638,4.900991335,22.75250512
038_210℃_240_1.0mm.csv,1,240,1.4913,0.300306277,1.500385,0.300116148,0.009085,1.590965052,22.78038946,1.561725,17.86950563,1.563815,4.910883829,22.733459
039_210℃_240_1.0mm.csv,1,240,1.49141,0.300170773,1.500125,0.300344834,0.008715,1.529288124,22.88507514,1.561805,17.98418114,1.5639,4.900894007,22.83779395
040_210℃_240_1.0mm.csv,1,240,1.491355,0.300238452,1.50057,0.300310082,0.009215,1.636286785,22.82355849,1.5617,17.89230661,1.56381,4.93125188,22.77550864
001_210℃_280_1.0mm.csv,1,280,1.491585,0.300137759,1.49976,0.300139725,0.008175,1.444465899,22.60839557,1.560685,17.74434517,1.562795,4.864050399,22.55988882
002_210℃_280_1.0mm.csv,1,280,1.491515,0.300198098,1.499985,0.300187487,0.00847,1.497134214,22.74120454,1.5609,17.84321628,1.563,4.897988261,22.69294965
003_210℃_280_1.0mm.csv,1,280,1.491475,0.300117268,1.499855,0.300042356,0.00838,1.467354681,22.85176603,1.56106,17.96290776,1.563145,4.888858274,22.80432807
004_210℃_320_1.0mm.csv,1,320,1.491605,0.300031515,1.49997,0.300236015,0.008365,1.493876601,22.8298507,1.560955,17.91729206,1.56299,4.912558644,22.78269831
005_210℃_320_1.0mm.csv,1,320,1.49167,0.300291767,1.49957,0.300097192,0.0079,1.40044851,22.93946116,1.56112,18.04525665,1.563135,4.894204504,22.89312234
006_210℃_320_1.0mm.csv,1,320,1.491675,0.30024748,1.499625,0.300298392,0.00795,1.413681902,22.97338488,1.56116,18.0791961,1.56317,4.894188781,22.92725868
001_230℃_010_1.0mm.csv,1,10,1.41534,0.300170522,1.60852,0.300010092,0.19318,3.561573568,36.0957761,2.59174,28.32215095,2.59544,7.773625147,36.05445684
002_230℃_010_1.0mm.csv,1,10,1.41336,0.300208596,1.60276,0.300121564,0.1894,3.415729684,36.47844281,2.60702,28.68219176,2.61078,7.796251051,36.43522821
003_230℃_010_1.0mm.csv,1,10,1.4144,0.300072743,1.60518,0.300137892,0.19078,3.47865811,36.30035942,2.60456,28.66401641,2.6081,7.636343002,36.26203568
004_230℃_010_1.0mm.csv,1,10,1.41432,0.300043189,1.59984,0.300058423,0.18552,3.373433573,36.35276596,2.6071,28.76009954,2.6106,7.592666419,36.31538416
005_230℃_010_1.0mm.csv,1,10,1.41316,0.300108546,1.61734,0.300042999,0.20418,3.706269389,36.64745408,2.6152,28.81086281,2.61884,7.836591273,36.6066499
006_230℃_020_1.0mm.csv,1,20,1.45837,0.300033094,1.55196,0.300022437,0.09359,3.373236315,28.87292456,2.01023,22.67028669,2.012285,6.202637869,28.85298236
007_230℃_020_1.0mm.csv,1,20,1.458265,0.300047683,1.55043,0.30001542,0.092165,3.313008884,29.35308959,2.01847,23.17217688,2.02049,6.180912707,29.33365099
008_230℃_020_1.0mm.csv,1,20,1.458265,0.300065713,1.55016,0.300039578,0.091895,3.303752156,29.35714738,2.019045,23.19007934,2.02107,6.167068045,29.33765586
009_230℃_020_1.0mm.csv,1,20,1.458105,0.300045848,1.551315,0.300061382,0.09321,3.345746508,29.35238762,2.01849,23.15143948,2.020485,6.200948134,29.33339661
010_230℃_020_1.0mm.csv,1,20,1.458385,0.300081325,1.550225,0.30010739,0.09184,3.307446103,29.03627169,2.01366,22.87624136,2.015685,6.160030327,29.01664343
011_230℃_040_1.0mm.csv,1,40,1.478965,0.300057483,1.524485,0.300183403,0.04552,3.369971902,24.89681998,1.73261,19.39122157,1.734355,5.505598409,24.87357168
012_230℃_040_1.0mm.csv,1,40,1.47897,0.300050549,1.524655,0.300144545,0.045685,3.377363046,25.0769066,1.734335,19.57101971,1.736065,5.505886893,25.05401521
013_230℃_040_1.0mm.csv,1,40,1.478835,0.300044853,1.5248,0.300030734,0.045965,3.389030029,25.12814011,1.73473,19.60400254,1.736435,5.524137577,25.10589617
014_230℃_040_1.0mm.csv,1,40,1.47902,0.300034,1.52458,0.300091214,0.04556,3.375526037,25.08224328,1.73403,19.56712147,1.735775,5.515121812,25.05877742
015_230℃_040_1.0mm.csv,1,40,1.47901,0.300102853,1.524425,0.300051389,0.045415,3.36310242,25.06633139,1.733955,19.5422981,1.73568,5.52403329,25.04351969
016_230℃_080_1.0mm.csv,1,80,1.48678,0.300192169,1.508855,0.300208468,0.022075,2.865253463,22.6452516,1.608805,17.56040689,1.610765,5.084844703,22.60498353
017_230℃_080_1.0mm.csv,1,80,1.486655,0.300001089,1.50943,0.300162672,0.022775,2.958239139,22.88698201,1.610045,17.75662458,1.61199,5.130357426,22.84691509
018_230℃_080_1.0mm.csv,1,80,1.486635,0.300140825,1.50917,0.300000504,0.022535,2.912739241,23.03193914,1.610675,17.91129266,1.6126,5.120646487,22.99264377
019_230℃_080_1.0mm.csv,1,80,1.486565,0.300086274,1.509655,0.300216797,0.02309,2.99584591,23.37488317,1.611915,18.19886513,1.613825,5.176018033,23.3359621
020_230℃_080_1.0mm.csv,1,80,1.486635,0.300082193,1.509515,0.300202991,0.02288,2.973529137,23.01680868,1.610385,17.86308493,1.61232,5.153723756,22.97720376
021_230℃_120_1.0mm.csv,1,120,1.489025,0.3000814,1.50493,0.300217617,0.015905,2.481525515,21.12024936,1.57464,16.27220954,1.57696,4.84803982,21.06555566
022_230℃_120_1.0mm.csv,1,120,1.488875,0.300029069,1.504125,0.300156205,0.01525,2.300441785,21.11604661,1.574745,16.31224358,1.57706,4.80380303,21.0614609
023_230℃_120_1.0mm.csv,1,120,1.489095,0.300206181,1.504155,0.30007122,0.01506,2.311371498,21.15412986,1.574765,16.34566898,1.577075,4.808460877,21.09991417
024_230℃_120_1.0mm.csv,1,120,1.489085,0.300092775,1.504385,0.300057329,0.0153,2.36180199,21.20368412,1.574835,16.38731825,1.57716,4.816365875,21.14879083
025_230℃_120_1.0mm.csv,1,120,1.48893,0.300022025,1.50407,0.300002278,0.01514,2.289543659,21.15540535,1.57466,16.36187131,1.576975,4.793534047,21.10034584
026_230℃_160_1.0mm.csv,1,160,1.49015,0.300106942,1.50191,0.300064118,0.01176,1.908094291,20.90773635,1.565295,16.282183,1.567635,4.625553348,20.85557421
027_230℃_160_1.0mm.csv,1,160,1.49005,0.300155419,1.50202,0.300329038,0.01197,1.931991474,20.9201858,1.565365,16.29350586,1.567685,4.626679939,20.86890115
028_230℃_160_1.0mm.csv,1,160,1.49019,0.300277533,1.501925,0.300224594,0.011735,1.911509069,20.92056597,1.56535,16.29706949,1.567685,4.623496478,20.86883456
029_230℃_160_1.0mm.csv,1,160,1.490125,0.300269894,1.501695,0.300179451,0.01157,1.858617903,21.29701839,1.566075,16.66549348,1.56837,4.631524909,21.24658041
030_230℃_160_1.0mm.csv,1,160,1.49006,0.300091461,1.50211,0.300004503,0.01205,1.952967172,21.24810504,1.565995,16.5767105,1.568315,4.671394542,21.19665221
031_230℃_200_1.0mm.csv,1,200,1.4908,0.300195145,1.50044,0.300166459,0.00964,1.597568327,20.90791049,1.56235,16.36708085,1.564565,4.540829634,20.86073733
032_230℃_200_1.0mm.csv,1,200,1.49077,0.300172562,1.500835,0.300163175,0.010065,1.687029957,20.95671717,1.56245,16.3930302,1.564665,4.563686967,20.9095834
033_230℃_200_1.0mm.csv,1,200,1.49082,0.300132571,1.50048,0.300269452,0.00966,1.605960509,21.10112614,1.5627,16.55454875,1.564915,4.546577396,21.05391704
034_230℃_200_1.0mm.csv,1,200,1.49081,0.300186456,1.50077,0.300124131,0.00996,1.672784667,21.26694938,1.56292,16.68229302,1.5651,4.584656356,21.2209649
035_230℃_200_1.0mm.csv,1,200,1.490815,0.300053959,1.500925,0.300103324,0.01011,1.708261891,21.28924378,1.562955,16.68932883,1.56513,4.599914949,21.24338739
036_230℃_240_1.0mm.csv,1,240,1.491145,0.300088869,1.49969,0.300033719,0.008545,1.432406363,21.14244687,1.561355,16.62022441,1.563475,4.522222464,21.09768264
037_230℃_240_1.0mm.csv,1,240,1.491135,0.300164918,1.50012,0.300299797,0.008985,1.527745194,21.01439258,1.561175,16.47289748,1.56331,4.541495102,20.96912201
038_230℃_240_1.0mm.csv,1,240,1.49121,0.300167456,1.49995,0.300276206,0.00874,1.489811666,21.07209708,1.561235,16.53944535,1.56337,4.532651735,21.02684709
039_230℃_240_1.0mm.csv,1,240,1.491125,0.300009428,1.500225,0.300210008,0.0091,1.551332959,21.28194384,1.56157,16.72021784,1.5637,4.561726004,21.23664351
040_230℃_240_1.0mm.csv,1,240,1.49121,0.3001072,1.500215,0.300282883,0.009005,1.549737363,21.18259262,1.56141,16.62496681,1.56352,4.557625807,21.13821072
001_230℃_280_1.0mm.csv,1,280,1.49133,0.300043647,1.49958,0.3002322,0.00825,1.406588143,20.93824748,1.560265,16.42642392,1.562385,4.511823561,20.89266962
002_230℃_280_1.0mm.csv,1,280,1.491355,0.300231385,1.499635,0.300197957,0.00828,1.418772436,21.20648076,1.56062,16.67700981,1.56271,4.529470945,21.16201003
003_230℃_280_1.0mm.csv,1,280,1.49134,0.300014024,1.49972,0.300228714,0.00838,1.437679491,21.08533508,1.560445,16.54537947,1.56255,4.539955615,21.04038396
004_230℃_320_1.0mm.csv,1,320,1.4913,0.300125255,1.500015,0.300140941,0.008715,1.503927067,21.20243423,1.560615,16.61492825,1.56265,4.587505976,21.15856379
005_230℃_320_1.0mm.csv,1,320,1.49144,0.300145652,1.499755,0.300042785,0.008315,1.444244244,21.07861251,1.560455,16.54277766,1.56248,4.53583486,21.03540071
006_230℃_320_1.0mm.csv,1,320,1.49145,0.300183634,1.499605,0.30023403,0.008155,1.410995503,21.08091796,1.56041,16.54434677,1.562455,4.536571185,21.0369082
001_190℃_003_1.5mm.csv,1.5,3,1.02052,0.300017089,1.9184,0.300022614,0.89788,2.858128352,27.58541805,5.43076,19.79609531,5.75794,7.789322742,26.88061878
002_190℃_003_1.5mm.csv,1.5,3,1.01496,0.300011026,1.88676,0.300005088,0.8718,2.750471263,27.41738284,5.46328,19.85838092,5.78522,7.559001915,26.8473264
003_190℃_003_1.5mm.csv,1.5,3,1.0167,0.300007173,1.91944,0.300030593,0.90274,2.865298932,27.76146365,5.49482,20.10826164,5.83698,7.653202004,27.22838831
004_190℃_005_1.5mm.csv,1.5,5,0.43852,0.300003329,0.9298,0.300058085,0.49128,2.387084477,28.11764359,3.42776,20.99010272,3.43052,7.12754087,28.10579784
005_190℃_005_1.5mm.csv,1.5,5,0.41702,0.300037558,0.91556,0.3000345,0.49854,2.402352582,28.26203248,3.42754,21.11214301,3.43046,7.149889476,28.24901082
006_190℃_005_1.5mm.csv,1.5,5,0.41298,0.300041659,0.9043,0.300028923,0.49132,2.387890883,28.28592478,3.42752,21.19774259,3.43042,7.088182188,28.27298126
001_190℃_010_1.5mm.csv,1.5,10,1.33088,0.300061022,1.59466,0.300069781,0.26378,2.346396609,19.24878572,2.75004,14.8044304,2.75194,4.444355322,19.24237942
002_190℃_010_1.5mm.csv,1.5,10,1.32992,0.300020977,1.58932,0.300037094,0.2594,2.295655892,19.42606644,2.76282,14.87242141,2.76466,4.553645033,19.42018256
003_190℃_010_1.5mm.csv,1.5,10,1.3333,0.300078448,1.5654,0.300083456,0.2321,2.077591776,18.92088663,2.74324,14.53652008,2.74512,4.384366548,18.91461078
004_190℃_010_1.5mm.csv,1.5,10,1.33388,0.300009177,1.58714,0.300031676,0.25326,2.276750637,18.82969982,2.7456,14.65273915,2.74736,4.176960676,18.82424235
005_190℃_010_1.5mm.csv,1.5,10,1.33424,0.300076902,1.58136,0.30006855,0.24712,2.231114246,18.96935886,2.75412,14.75696512,2.75584,4.212393731,18.96426395
006_190℃_020_1.5mm.csv,1.5,20,1.42236,0.300023885,1.541255,0.300023501,0.118895,2.231733624,15.9623097,2.0884,12.46703639,2.089855,3.495273313,15.95685771
007_190℃_020_1.5mm.csv,1.5,20,1.422235,0.300031183,1.541575,0.300058007,0.11934,2.235921501,15.89729308,2.087415,12.4001143,2.088855,3.497178779,15.89197735
008_190℃_020_1.5mm.csv,1.5,20,1.42246,0.300026053,1.539765,0.300030451,0.117305,2.202191534,15.95355137,2.089495,12.48412748,2.090895,3.469423889,15.94849821
009_190℃_020_1.5mm.csv,1.5,20,1.422225,0.300026947,1.539915,0.300011454,0.11769,2.204961933,15.78721957,2.084745,12.31481311,2.08613,3.472406459,15.78227555
010_190℃_020_1.5mm.csv,1.5,20,1.422315,0.300030799,1.540945,0.300014813,0.11863,2.223073604,15.84769146,2.086685,12.37099599,2.088105,3.476695465,15.84250462
011_190℃_040_1.5mm.csv,1.5,40,1.46566,0.300090075,1.5234,0.30008441,0.05774,2.400745504,14.31315888,1.77074,11.13705082,1.772125,3.176108056,14.30501417
012_190℃_040_1.5mm.csv,1.5,40,1.46553,0.300048821,1.523065,0.300006573,0.057535,2.383341435,14.31419625,1.77117,11.15118262,1.77253,3.163013625,14.30637862
013_190℃_040_1.5mm.csv,1.5,40,1.46555,0.300123339,1.52351,0.300117666,0.05796,2.401001554,14.33029587,1.771315,11.15710247,1.7727,3.173193396,14.3221752
014_190℃_040_1.5mm.csv,1.5,40,1.465555,0.300041721,1.523445,0.300096623,0.05789,2.401076703,14.32259786,1.77121,11.15110095,1.772565,3.171496912,14.31477976
015_190℃_040_1.5mm.csv,1.5,40,1.46555,0.300022761,1.52392,0.300099247,0.05837,2.420311473,14.32226884,1.77127,11.14115713,1.77266,3.181111715,14.31412456
016_190℃_080_1.5mm.csv,1.5,80,1.481655,0.300110854,1.5107,0.300187571,0.029045,2.441174308,14.99076482,1.63811,11.85467155,1.63966,3.136093273,14.97536873
017_190℃_080_1.5mm.csv,1.5,80,1.48157,0.300016227,1.51098,0.300158098,0.02941,2.468031348,15.17895692,1.63977,12.0164722,1.641315,3.162484722,15.16360824
018_190℃_080_1.5mm.csv,1.5,80,1.48158,0.300038271,1.510345,0.300059212,0.028765,2.411112123,15.08536358,1.63888,11.94536209,1.64041,3.140001482,15.07029601
019_190℃_080_1.5mm.csv,1.5,80,1.481695,0.300020096,1.51062,0.300047056,0.028925,2.435492042,15.10343348,1.63908,11.9619455,1.640605,3.14148798,15.08844974
020_190℃_080_1.5mm.csv,1.5,80,1.481655,0.3000053,1.510615,0.300167794,0.02896,2.434001059,14.9835976,1.638065,11.83900799,1.639605,3.144589614,14.96837816
021_190℃_120_1.5mm.csv,1.5,120,1.485785,0.300182384,1.50509,0.300125332,0.019305,2.163596263,13.54926006,1.58644,10.56302356,1.58861,2.986236498,13.52167676
022_190℃_120_1.5mm.csv,1.5,120,1.48579,0.300193828,1.50581,0.300172192,0.02002,2.263204969,13.57632598,1.586715,10.56241782,1.588885,3.013908164,13.54870708
023_190℃_120_1.5mm.csv,1.5,120,1.485775,0.300130955,1.505605,0.300116392,0.01983,2.233987468,13.59789564,1.586815,10.59419721,1.58899,3.003698431,13.57008457
024_190℃_120_1.5mm.csv,1.5,120,1.48574,0.300027664,1.506035,0.300257465,0.020295,2.29325536,13.61039155,1.586875,10.58243,1.589055,3.027961551,13.58256625
025_190℃_120_1.5mm.csv,1.5,120,1.485835,0.300011869,1.50527,0.30016377,0.019435,2.189409919,13.54002364,1.58641,10.55547558,1.588585,2.984548056,13.51228647
026_190℃_160_1.5mm.csv,1.5,160,1.487555,0.300055528,1.50268,0.300161911,0.015125,1.919217996,12.76184923,1.569275,9.904573468,1.57179,2.857275758,12.72984295
027_190℃_160_1.5mm.csv,1.5,160,1.487695,0.300052942,1.50266,0.300202654,0.014965,1.917728447,12.82340519,1.56954,9.974168344,1.572055,2.849236842,12.7914558
028_190℃_160_1.5mm.csv,1.5,160,1.48769,0.300165066,1.5029,0.300284658,0.01521,1.958106681,12.80456988,1.5694,9.944288533,1.57189,2.860281349,12.77342255
029_190℃_160_1.5mm.csv,1.5,160,1.48753,0.300031866,1.50306,0.300245813,0.01553,1.983132555,12.83467631,1.569595,9.957222389,1.57211,2.877453925,12.80272375
030_190℃_160_1.5mm.csv,1.5,160,1.487665,0.30023705,1.50276,0.300251551,0.015095,1.933594689,12.84735937,1.569635,9.992950767,1.57213,2.8544086,12.81592377
031_190℃_200_1.5mm.csv,1.5,200,1.488625,0.300006576,1.501395,0.300205406,0.01277,1.742193931,12.62249245,1.56374,9.815658051,1.56607,2.806834402,12.59463539
032_190℃_200_1.5mm.csv,1.5,200,1.488675,0.300163883,1.500615,0.300042494,0.01194,1.60510301,12.69325889,1.56399,9.933419605,1.566355,2.759839289,12.66462186
033_190℃_200_1.5mm.csv,1.5,200,1.488605,0.300156921,1.500835,0.300237392,0.01223,1.642688909,12.64266507,1.56382,9.872390058,1.56622,2.770275014,12.6130702
034_190℃_200_1.5mm.csv,1.5,200,1.48868,0.300184207,1.500805,0.300049774,0.012125,1.637694219,12.74695729,1.56414,9.976569722,1.566535,2.770387571,12.71755791
035_190℃_200_1.5mm.csv,1.5,200,1.48873,0.300182416,1.500555,0.300247216,0.011825,1.59429564,12.65593012,1.563815,9.901825801,1.56618,2.754104314,12.62735346
036_190℃_240_1.5mm.csv,1.5,240,1.48934,0.300232886,1.500305,0.300017906,0.010965,1.555738235,12.69343008,1.5615,9.916045887,1.563765,2.777384194,12.66592414
037_190℃_240_1.5mm.csv,1.5,240,1.489485,0.300183352,1.49988,0.300187092,0.010395,1.47844182,12.77215362,1.56173,10.02747055,1.563995,2.74468307,12.74466587
038_190℃_240_1.5mm.csv,1.5,240,1.489495,0.300262739,1.50029,0.300005156,0.010795,1.553213692,12.68330991,1.561445,9.915072642,1.563715,2.768237269,12.65558267
039_190℃_240_1.5mm.csv,1.5,240,1.48946,0.300082826,1.499995,0.300076383,0.010535,1.499644271,12.62517817,1.56127,9.873880908,1.563535,2.75129726,12.59757984
040_190℃_240_1.5mm.csv,1.5,240,1.489505,0.300010163,1.500025,0.300214903,0.01052,1.504918989,12.65501183,1.561355,9.903185834,1.563615,2.751825993,12.62759999
007_190℃_280_1.5mm.csv,1.5,280,1.48964,0.30019841,1.49963,0.300056105,0.00999,1.432698015,12.77867679,1.560455,9.999929571,1.56265,2.778747215,12.75204881
008_190℃_280_1.5mm.csv,1.5,280,1.489805,0.300041471,1.49916,0.300231182,0.009355,1.347945848,12.76784106,1.56041,10.03611461,1.56261,2.731726446,12.74115588
009_190℃_280_1.5mm.csv,1.5,280,1.48974,0.300274045,1.49929,0.300025182,0.00955,1.371425108,12.77436431,1.5603,10.02652934,1.562515,2.747834972,12.74716841
010_190℃_320_1.5mm.csv,1.5,320,1.48993,0.300275317,1.49912,0.300076692,0.00919,1.337674414,12.72049221,1.559535,9.960697855,1.561715,2.759794355,12.69313809
011_190℃_320_1.5mm.csv,1.5,320,1.489875,0.300116794,1.498995,0.300195575,0.00912,1.315977526,12.79651772,1.559815,10.03992897,1.561955,2.756588748,12.77016047
012_190℃_320_1.5mm.csv,1.5,320,1.49003,0.300133616,1.499345,0.300103719,0.009315,1.377179626,12.84052944,1.559865,10.06202759,1.562035,2.778501849,12.81319047
001_210℃_003_1.5mm.csv,1.5,3,0.99398,0.300034235,1.87402,0.300000573,0.88004,2.647460256,28.73779334,6.3268,22.0295161,6.33028,6.708277241,28.73130207
002_210℃_003_1.5mm.csv,1.5,3,0.98944,0.300020744,1.89428,0.300007616,0.90484,2.703782639,29.76004266,6.34476,22.77844021,6.34842,6.981602458,29.75223624
003_210℃_003_1.5mm.csv,1.5,3,0.9884,0.300012862,1.90524,0.300032734,0.91684,2.744480345,29.43123092,6.30606,22.40110431,6.3095,7.030126605,29.42440387
004_210℃_005_1.5mm.csv,1.5,5,1.16884,0.300036775,1.66862,0.300008046,0.49978,2.251105666,23.08646035,4.17898,18.09296003,4.18128,4.993500318,23.07994081
005_210℃_005_1.5mm.csv,1.5,5,1.16454,0.300044169,1.6779,0.300002346,0.51336,2.300782535,23.13118456,4.18408,18.1502579,4.18652,4.980926661,23.12378815
006_210℃_005_1.5mm.csv,1.5,5,1.16476,0.300047097,1.65246,0.300049092,0.4877,2.170004769,23.03253849,4.17426,18.12663621,4.17656,4.905902287,23.02593619
001_210℃_010_1.5mm.csv,1.5,10,1.31522,0.300039032,1.56086,0.300085346,0.24564,1.988410935,16.41383756,2.73834,12.94578042,2.73988,3.468057141,16.41033893
002_210℃_010_1.5mm.csv,1.5,10,1.31478,0.300024225,1.56248,0.300043721,0.2477,2.004025086,16.51479468,2.74298,13.04053568,2.7446,3.474258997,16.5109702
003_210℃_010_1.5mm.csv,1.5,10,1.31426,0.300091515,1.55698,0.30007094,0.24272,1.956524283,16.51640377,2.74524,13.0832483,2.74686,3.433155478,16.51254059
004_210℃_010_1.5mm.csv,1.5,10,1.31526,0.300003198,1.55504,0.300018928,0.23978,1.936696431,16.70624259,2.76078,13.26675021,2.76234,3.439492385,16.70271106
005_210℃_010_1.5mm.csv,1.5,10,1.31582,0.300002159,1.55546,0.300042581,0.23964,1.946754449,16.52502427,2.74924,13.11650676,2.75096,3.408517505,16.52068026
006_210℃_020_1.5mm.csv,1.5,20,1.411985,0.300053736,1.52932,0.300056141,0.117335,1.961447283,13.97409642,2.0768,10.99791821,2.07818,2.976178207,13.96979411
007_210℃_020_1.5mm.csv,1.5,20,1.411885,0.300027385,1.528765,0.3000046,0.11688,1.951719311,13.97728134,2.077895,11.01477571,2.07926,2.962505627,13.97304695
008_210℃_020_1.5mm.csv,1.5,20,1.412255,0.300026889,1.531275,0.300021143,0.11902,1.992651787,13.94914953,2.076195,10.95923451,2.07754,2.989915024,13.94508455
009_210℃_020_1.5mm.csv,1.5,20,1.412375,0.30003158,1.53084,0.300017541,0.118465,1.985932979,13.98902057,2.077955,11.00142508,2.079265,2.987595485,13.98512469
010_210℃_020_1.5mm.csv,1.5,20,1.41216,0.300044331,1.53001,0.300010341,0.11785,1.972388847,14.04425902,2.08089,11.06658262,2.082265,2.977676402,14.03998149
011_210℃_040_1.5mm.csv,1.5,40,1.46141,0.30003465,1.51941,0.300121937,0.058,2.163747855,12.61962477,1.76481,9.820328119,1.766165,2.799296652,12.61260709
012_210℃_040_1.5mm.csv,1.5,40,1.46147,0.300104503,1.518705,0.30005783,0.057235,2.137721248,12.81789714,1.769175,10.02363212,1.770485,2.794265022,12.81131035
013_210℃_040_1.5mm.csv,1.5,40,1.46146,0.300091865,1.519775,0.30010176,0.058315,2.175781305,12.81166554,1.76882,9.99755411,1.770145,2.814111428,12.80494882
014_210℃_040_1.5mm.csv,1.5,40,1.461715,0.30007198,1.51967,0.30002027,0.057955,2.175101084,12.85364518,1.769465,10.03854106,1.77079,2.815104126,12.84686595
015_210℃_040_1.5mm.csv,1.5,40,1.4614,0.300068939,1.518675,0.300037559,0.057275,2.138097598,12.81035893,1.768755,10.01661665,1.77009,2.79374228,12.80354539
016_210℃_080_1.5mm.csv,1.5,80,1.480465,0.300146044,1.509645,0.300171008,0.02918,2.26251379,13.55741226,1.63751,10.71124007,1.639015,2.84617219,13.54414319
017_210℃_080_1.5mm.csv,1.5,80,1.480425,0.300010323,1.508835,0.300170672,0.02841,2.197875856,13.46487203,1.636605,10.65267436,1.638115,2.81219766,13.451506
018_210℃_080_1.5mm.csv,1.5,80,1.480425,0.300012533,1.509815,0.300058298,0.02939,2.277260111,13.57102031,1.637555,10.72157121,1.63907,2.849449098,13.55754803
019_210℃_080_1.5mm.csv,1.5,80,1.480415,0.300120353,1.508805,0.300084367,0.02839,2.19587905,13.62402468,1.63817,10.80397483,1.639665,2.820049845,13.61089848
020_210℃_080_1.5mm.csv,1.5,80,1.48034,0.300014589,1.50966,0.300171907,0.02932,2.263860571,13.60677316,1.63791,10.75139697,1.639405,2.855376195,13.59362572
021_210℃_120_1.5mm.csv,1.5,120,1.485125,0.300141584,1.504655,0.300129102,0.01953,2.057698114,12.190745,1.58518,9.466477008,1.587355,2.72426799,12.16553341
022_210℃_120_1.5mm.csv,1.5,120,1.48517,0.300030572,1.50477,0.300192022,0.0196,2.072905249,12.27029356,1.585705,9.543496452,1.58786,2.72679711,12.24543092
023_210℃_120_1.5mm.csv,1.5,120,1.485075,0.300000213,1.50475,0.300232634,0.019675,2.069765632,12.34525822,1.586175,9.607835243,1.588325,2.737422981,12.32054061
024_210℃_120_1.5mm.csv,1.5,120,1.48511,0.300053606,1.50478,0.300025338,0.01967,2.074206688,12.38494008,1.586345,9.641827885,1.588485,2.743112197,12.36036434
025_210℃_120_1.5mm.csv,1.5,120,1.48506,0.300178319,1.504955,0.300101313,0.019895,2.096037925,12.32034566,1.585875,9.567757905,1.58803,2.752587752,12.29550507
026_210℃_160_1.5mm.csv,1.5,160,1.48719,0.300155427,1.50229,0.300080917,0.0151,1.835637238,11.48208265,1.567955,8.872520755,1.57047,2.609561892,11.45297884
027_210℃_160_1.5mm.csv,1.5,160,1.48711,0.300030552,1.50213,0.300183909,0.01502,1.811276336,11.51820375,1.568175,8.913344018,1.570695,2.604859728,11.48917145
028_210℃_160_1.5mm.csv,1.5,160,1.487155,0.300107915,1.50215,0.300001794,0.014995,1.813840037,11.58270523,1.568435,8.974328339,1.57093,2.608376891,11.55412731
029_210℃_160_1.5mm.csv,1.5,160,1.4872,0.300204872,1.50214,0.300109036,0.01494,1.813242471,11.51306699,1.568055,8.911404928,1.57061,2.601662062,11.48336191
030_210℃_160_1.5mm.csv,1.5,160,1.487045,0.300078935,1.502385,0.300113163,0.01534,1.850078882,11.59278556,1.56844,8.968009121,1.57097,2.624776441,11.56348091
031_210℃_200_1.5mm.csv,1.5,200,1.488225,0.30017459,1.500825,0.300272955,0.0126,1.63466641,11.47248121,1.562995,8.913354774,1.565315,2.559126439,11.44750388
032_210℃_200_1.5mm.csv,1.5,200,1.488345,0.300053575,1.5008,0.300094012,0.012455,1.630532307,11.52315141,1.56323,8.962191166,1.56557,2.560960244,11.49779559
033_210℃_200_1.5mm.csv,1.5,200,1.48828,0.300023499,1.500515,0.300148205,0.012235,1.583172467,11.52851119,1.56316,8.982341434,1.565555,2.546169756,11.50189698
034_210℃_200_1.5mm.csv,1.5,200,1.48834,0.300203292,1.500685,0.300272668,0.012345,1.611396252,11.57514857,1.5634,9.019075342,1.565735,2.556073233,11.5497752
035_210℃_200_1.5mm.csv,1.5,200,1.488245,0.300072431,1.500585,0.300167598,0.01234,1.595198231,11.6895304,1.563775,9.126347251,1.566155,2.563183149,11.66329314
036_210℃_240_1.5mm.csv,1.5,240,1.48911,0.300041618,1.49971,0.300064705,0.0106,1.451037123,11.48794515,1.560665,8.964097082,1.562925,2.523848066,11.46304248
037_210℃_240_1.5mm.csv,1.5,240,1.48901,0.300135713,1.499815,0.300011679,0.010805,1.469072085,11.51464445,1.560785,8.975928656,1.56302,2.538715791,11.49033905
038_210℃_240_1.5mm.csv,1.5,240,1.489135,0.300263751,1.49966,0.300149081,0.010525,1.44212066,11.57283866,1.560975,9.047423724,1.563225,2.525414937,11.54812303
039_210℃_240_1.5mm.csv,1.5,240,1.489085,0.300161936,1.50001,0.300219402,0.010925,1.502078459,11.61468904,1.56106,9.05450298,1.563315,2.560186063,11.58993
040_210℃_240_1.5mm.csv,1.5,240,1.48915,0.300055204,1.499535,0.300121362,0.010385,1.421157158,11.60846599,1.561035,9.080277547,1.56328,2.528188445,11.58391293
007_210℃_280_1.5mm.csv,1.5,280,1.48939,0.300178155,1.499495,0.300047916,0.010105,1.411471829,11.56040561,1.559675,9.014061376,1.561875,2.546344238,11.53604453
008_210℃_280_1.5mm.csv,1.5,280,1.48947,0.300175439,1.499225,0.300194559,0.009755,1.365006466,11.56572597,1.55971,9.039710671,1.561915,2.526015298,11.54134954
009_210℃_280_1.5mm.csv,1.5,280,1.489415,0.300193454,1.499385,0.300244509,0.00997,1.392248715,11.6674223,1.55997,9.119888427,1.56217,2.547533873,11.6430773
010_210℃_320_1.5mm.csv,1.5,320,1.48962,0.300120243,1.49889,0.300289486,0.00927,1.30438764,11.50553644,1.55904,8.972691772,1.561195,2.532844673,11.48130186
011_210℃_320_1.5mm.csv,1.5,320,1.48973,0.300121222,1.498925,0.300157718,0.009195,1.310455774,11.47668205,1.558985,8.966802211,1.56109,2.50987984,11.45343277
012_210℃_320_1.5mm.csv,1.5,320,1.489695,0.300101677,1.49907,0.300120607,0.009375,1.335177284,11.48590203,1.55895,8.963475659,1.561085,2.522426371,11.46214447
001_230℃_003_1.5mm.csv,1.5,3,0.9612,0.300022247,1.81326,0.300011442,0.85206,2.368984721,26.45611821,6.27324,21.08184665,6.27576,5.374271552,26.45084093
002_230℃_003_1.5mm.csv,1.5,3,0.95624,0.300005292,1.82244,0.300028224,0.8662,2.384449763,26.49867035,6.27912,21.1195988,6.28204,5.379071549,26.49140147
003_230℃_003_1.5mm.csv,1.5,3,0.9595,0.300029026,1.82568,0.30002976,0.86618,2.397610127,26.69778469,6.31824,21.3090236,6.32098,5.388761098,26.69151056
004_230℃_005_1.5mm.csv,1.5,5,1.13844,0.300014143,1.64244,0.300013457,0.504,2.08466426,19.26219776,4.14488,15.52522855,4.147,3.736969215,19.25777956
005_230℃_005_1.5mm.csv,1.5,5,1.13572,0.300001229,1.64474,0.300024442,0.50902,2.093722773,19.27128791,4.14948,15.53839996,4.15194,3.732887951,19.26536111
006_230℃_005_1.5mm.csv,1.5,5,1.13634,0.300039399,1.63642,0.300029297,0.50008,2.05578973,19.21419123,4.1535,15.48936874,4.15624,3.724822488,19.20690115
001_230℃_010_1.5mm.csv,1.5,10,1.29448,0.300053695,1.54338,0.300054232,0.2489,1.811765428,14.29818851,2.70522,11.41529443,2.7069,2.882894085,14.29470627
002_230℃_010_1.5mm.csv,1.5,10,1.29466,0.30008504,1.53544,0.300057369,0.24078,1.755145451,14.3035546,2.70678,11.45557877,2.70838,2.847975834,14.30043993
003_230℃_010_1.5mm.csv,1.5,10,1.29384,0.30000037,1.54134,0.300033036,0.2475,1.800431986,14.53109505,2.7238,11.64229433,2.7256,2.888800723,14.5269849
004_230℃_010_1.5mm.csv,1.5,10,1.2936,0.30003167,1.54024,0.300052629,0.24664,1.793252639,14.45053081,2.72106,11.58295598,2.72268,2.867574836,14.44721125
005_230℃_010_1.5mm.csv,1.5,10,1.29384,0.30004505,1.54418,0.300018447,0.25034,1.819794354,14.40706681,2.72198,11.54192103,2.72368,2.865145775,14.40349058
006_230℃_020_1.5mm.csv,1.5,20,1.40025,0.300010706,1.52063,0.300000283,0.12038,1.785019644,12.39509198,2.06472,9.791179669,2.066175,2.603912312,12.39084951
007_230℃_020_1.5mm.csv,1.5,20,1.399675,0.300028344,1.51907,0.300015265,0.119395,1.764790859,12.34045247,2.063185,9.751755435,2.06463,2.588697039,12.33626759
008_230℃_020_1.5mm.csv,1.5,20,1.399785,0.300033385,1.519605,0.300002711,0.11982,1.771752553,12.49129886,2.069235,9.893190402,2.070605,2.598108456,12.48753454
009_230℃_020_1.5mm.csv,1.5,20,1.39997,0.300024806,1.518625,0.300010069,0.118655,1.757972542,12.34585382,2.06312,9.775071661,2.06454,2.570782162,12.3418084
010_230℃_020_1.5mm.csv,1.5,20,1.3997,0.300033178,1.520355,0.300031237,0.120655,1.78080748,12.34262804,2.064295,9.751022364,2.06572,2.591605673,12.33855724
011_230℃_040_1.5mm.csv,1.5,40,1.456845,0.300094009,1.514625,0.300092538,0.05778,1.942251507,11.30202988,1.7605,8.825634405,1.761775,2.476395479,11.2964034
012_230℃_040_1.5mm.csv,1.5,40,1.456835,0.300018147,1.514315,0.300009025,0.05748,1.930745552,11.42033239,1.763395,8.946426553,1.76467,2.473905835,11.41467007
013_230℃_040_1.5mm.csv,1.5,40,1.456895,0.300108015,1.51532,0.300107716,0.058425,1.965536371,11.43537382,1.76358,8.938857211,1.764855,2.496516611,11.42967882
014_230℃_040_1.5mm.csv,1.5,40,1.45681,0.300045555,1.515295,0.300080568,0.058485,1.964292052,11.38969516,1.7628,8.889963815,1.764085,2.499731349,11.38393667
015_230℃_040_1.5mm.csv,1.5,40,1.45692,0.300090868,1.513575,0.300025712,0.056655,1.911608894,11.37682293,1.762435,8.917927135,1.76373,2.45889579,11.370974
016_230℃_080_1.5mm.csv,1.5,80,1.47901,0.300018772,1.508015,0.300161265,0.029005,2.068295163,11.98760906,1.63335,9.450659859,1.63485,2.5369492,11.97565234
017_230℃_080_1.5mm.csv,1.5,80,1.47882,0.300033747,1.50823,0.300017277,0.02941,2.082576037,12.09907592,1.63468,9.545474184,1.636155,2.553601736,12.08742964
018_230℃_080_1.5mm.csv,1.5,80,1.47881,0.300009892,1.507875,0.300163192,0.029065,2.058847639,12.12423141,1.63467,9.576530373,1.63617,2.547701042,12.11219303
019_230℃_080_1.5mm.csv,1.5,80,1.47894,0.300043761,1.50818,0.300100496,0.02924,2.081088863,12.18226309,1.63512,9.621315523,1.636615,2.560947567,12.17028346
020_230℃_080_1.5mm.csv,1.5,80,1.47901,0.300055314,1.508075,0.300110827,0.029065,2.0729271,12.15157749,1.63505,9.59890989,1.63652,2.552667598,12.14000067
021_230℃_120_1.5mm.csv,1.5,120,1.484135,0.300167791,1.503835,0.300127566,0.0197,1.917035578,10.66871893,1.58156,8.246001011,1.583735,2.422717922,10.64600522
022_230℃_120_1.5mm.csv,1.5,120,1.484345,0.30002875,1.503795,0.300108473,0.01945,1.915304081,10.62326423,1.581365,8.205527847,1.583565,2.417736384,10.60004207
023_230℃_120_1.5mm.csv,1.5,120,1.48445,0.300019572,1.504015,0.300133218,0.019565,1.941549513,10.57809898,1.580905,8.15308538,1.5831,2.425013603,10.55496156
024_230℃_120_1.5mm.csv,1.5,120,1.484375,0.300032861,1.504005,0.300091192,0.01963,1.939614256,10.11500762,1.57764,7.704878981,1.57989,2.410128635,10.09094367
025_230℃_120_1.5mm.csv,1.5,120,1.484255,0.300075692,1.50389,0.300099059,0.019635,1.927035533,9.744172412,1.57505,7.365680745,1.57733,2.378491667,9.719634796
026_230℃_160_1.5mm.csv,1.5,160,1.48667,0.300103382,1.501935,0.300160401,0.015265,1.767404378,10.68238683,1.567815,8.274288212,1.570305,2.40809862,10.65652503
027_230℃_160_1.5mm.csv,1.5,160,1.48667,0.300045238,1.50185,0.300100428,0.01518,1.755107629,10.51123036,1.566965,8.097327785,1.569535,2.413902575,10.48356518
028_230℃_160_1.5mm.csv,1.5,160,1.48662,0.300165344,1.50172,0.300022565,0.0151,1.736260184,10.57252054,1.56723,8.159747193,1.56979,2.412773346,10.54523108
029_230℃_160_1.5mm.csv,1.5,160,1.48669,0.300149634,1.50172,0.300038938,0.01503,1.736931022,10.5827407,1.567295,8.18288427,1.569855,2.399856427,10.55538459
030_230℃_160_1.5mm.csv,1.5,160,1.4867,0.300073132,1.502205,0.300149709,0.015505,1.805493848,10.65462745,1.567915,8.230599762,1.57048,2.424027689,10.62728519
031_230℃_200_1.5mm.csv,1.5,200,1.48785,0.300054373,1.50047,0.300144369,0.01262,1.572530184,10.34275975,1.561695,8.014499844,1.56411,2.328259906,10.31830648
032_230℃_200_1.5mm.csv,1.5,200,1.487925,0.300223549,1.5001,0.300121841,0.012175,1.515770403,10.42475216,1.562105,8.100964647,1.56457,2.323787518,10.39948373
033_230℃_200_1.5mm.csv,1.5,200,1.487815,0.300114709,1.50062,0.300180449,0.012805,1.596170483,10.455197,1.562235,8.10959677,1.56466,2.345600233,10.4306937
034_230℃_200_1.5mm.csv,1.5,200,1.48783,0.300048994,1.50046,0.300157585,0.01263,1.570661389,10.39743311,1.56205,8.061564933,1.5645,2.335868178,10.37240449
035_230℃_200_1.5mm.csv,1.5,200,1.487945,0.300088693,1.50014,0.300214924,0.012195,1.521801694,10.47969992,1.562335,8.162340682,1.564785,2.317359235,10.4548645
036_230℃_240_1.5mm.csv,1.5,240,1.48859,0.300147968,1.499365,0.300248948,0.010775,1.397946636,10.24444713,1.55915,7.947438572,1.56148,2.297008562,10.22065385
037_230℃_240_1.5mm.csv,1.5,240,1.488715,0.300184686,1.499685,0.30026794,0.01097,1.448568629,10.49515284,1.560115,8.175690909,1.562415,2.319461931,10.47204041
038_230℃_240_1.5mm.csv,1.5,240,1.48883,0.300146174,1.499605,0.300262526,0.010775,1.435349303,10.5740283,1.560355,8.265039156,1.56264,2.308989148,10.55120561
039_230℃_240_1.5mm.csv,1.5,240,1.48879,0.300115278,1.499455,0.300220179,0.010665,1.411557425,10.48995079,1.55999,8.18565071,1.56229,2.304300084,10.46678388
040_230℃_240_1.5mm.csv,1.5,240,1.488715,0.300053578,1.49948,0.300214373,0.010765,1.415537494,10.56005012,1.560295,8.251600084,1.56259,2.308450036,10.53708545
007_230℃_280_1.5mm.csv,1.5,280,1.48919,0.300162439,1.499295,0.300159553,0.010105,1.381470929,10.38481838,1.55845,8.075508449,1.560715,2.309309932,10.36157586
008_230℃_280_1.5mm.csv,1.5,280,1.489215,0.300005458,1.498755,0.300175036,0.00954,1.293316015,10.46467871,1.558705,8.178326318,1.56094,2.286352388,10.44201981
009_230℃_280_1.5mm.csv,1.5,280,1.489115,0.30019283,1.49901,0.300288942,0.009895,1.33454543,10.54786371,1.559065,8.24189393,1.561315,2.305969777,10.525028
010_230℃_320_1.5mm.csv,1.5,320,1.489295,0.300033159,1.49838,0.300147195,0.009085,1.229996217,10.55263951,1.55845,8.267148991,1.560625,2.285490522,10.53046167
011_230℃_320_1.5mm.csv,1.5,320,1.48928,0.300092568,1.49849,0.300150345,0.00921,1.247287896,10.59113873,1.558705,8.290235341,1.56088,2.300903391,10.56887677
012_230℃_320_1.5mm.csv,1.5,320,1.489245,0.300182333,1.498665,0.300214809,0.00942,1.275588958,10.48844133,1.558295,8.174152302,1.5605,2.314289029,10.46544176
001_190℃_003_2.0mm.csv,2,3,0.61266,0.300002,1.66856,0.300008559,1.0559,1.770445409,18.9702443,6.85546,14.56719432,6.85834,4.403049976,18.96476124
002_190℃_003_2.0mm.csv,2,3,0.6063,0.300013876,1.67666,0.30001377,1.07036,1.786991493,18.8552102,6.84622,14.43267286,6.8491,4.422537343,18.84994455
003_190℃_003_2.0mm.csv,2,3,0.61196,0.300014946,1.64462,0.30000005,1.03266,1.732771507,14.51019474,5.18766,11.02527839,5.18976,3.484916352,14.50759873
004_190℃_005_2.0mm.csv,2,5,0.91734,0.30002913,1.53648,0.300014071,0.61914,1.588061122,12.97396549,4.49672,10.16707002,4.49872,2.806895469,12.97146567
005_190℃_005_2.0mm.csv,2,5,0.91372,0.3000072,1.57118,0.300004706,0.65746,1.676797253,12.96923993,4.5128,10.10626559,4.51512,2.862974349,12.9660745
006_190℃_005_2.0mm.csv,2,5,1.22096,0.300052634,1.53306,0.300048406,0.3121,1.658969639,10.87623959,3.00154,8.619684061,3.0026,2.256555529,10.8754022
001_190℃_010_2.0mm.csv,2,10,1.18496,0.300004897,1.49232,0.300042681,0.30736,1.464424576,10.15985222,2.90004,8.015653749,2.90168,2.144198471,10.15775053
002_190℃_010_2.0mm.csv,2,10,1.18268,0.30002923,1.49762,0.300016345,0.31494,1.48949032,10.14596534,2.90156,7.986351743,2.90312,2.159613596,10.14403385
003_190℃_010_2.0mm.csv,2,10,1.18314,0.300046153,1.50242,0.300041428,0.31928,1.51103418,10.05939044,2.89406,7.905218006,2.89522,2.154172437,10.05832243
004_190℃_010_2.0mm.csv,2,10,1.18326,0.3000265,1.5044,0.300044882,0.32114,1.520221425,10.07446573,2.89816,7.90460585,2.89956,2.169859885,10.07292269
005_190℃_010_2.0mm.csv,2,10,1.18296,0.300008048,1.48998,0.300048226,0.30702,1.455797355,10.07951266,2.89896,7.971546402,2.90036,2.107966255,10.0780014
006_190℃_020_2.0mm.csv,2,20,1.34674,0.300001759,1.495175,0.300027615,0.148435,1.458070575,8.563573483,2.124665,6.674736715,2.126015,1.888836768,8.561213471
007_190℃_020_2.0mm.csv,2,20,1.346905,0.300006206,1.500975,0.300027796,0.15407,1.50863714,8.529822831,2.12281,6.607031134,2.124065,1.922791697,8.527763703
008_190℃_020_2.0mm.csv,2,20,1.34631,0.300007218,1.49976,0.30000761,0.15345,1.497910813,8.516880271,2.12288,6.599455822,2.124225,1.917424448,8.51455676
009_190℃_020_2.0mm.csv,2,20,1.34689,0.300004473,1.497745,0.300009445,0.150855,1.480497718,8.430759722,2.117395,6.536238478,2.118845,1.894521244,8.42805835
010_190℃_020_2.0mm.csv,2,20,1.34576,0.300001237,1.49989,0.300001709,0.15413,1.49906491,8.463910511,2.11987,6.555561048,2.121235,1.908349463,8.461519737
011_190℃_040_2.0mm.csv,2,40,1.434025,0.300052913,1.506445,0.300035772,0.07242,1.621587313,8.16905121,1.7956,6.312903244,1.796845,1.856147965,8.165435116
012_190℃_040_2.0mm.csv,2,40,1.43407,0.300019892,1.505015,0.300013008,0.070945,1.595832323,8.161599741,1.79529,6.329553582,1.796505,1.832046159,8.158176045
013_190℃_040_2.0mm.csv,2,40,1.43398,0.300051386,1.50738,0.300042614,0.0734,1.639529344,8.161332628,1.79553,6.294163002,1.79675,1.867169626,8.157879044
014_190℃_040_2.0mm.csv,2,40,1.43412,0.300014119,1.50685,0.300071795,0.07273,1.630431371,8.168118612,1.796085,6.317623125,1.79737,1.850495487,8.164310185
015_190℃_040_2.0mm.csv,2,40,1.433905,0.300026396,1.507105,0.300056093,0.0732,1.634425016,8.151156071,1.795365,6.286711629,1.796615,1.864444442,8.147527692
016_190℃_080_2.0mm.csv,2,80,1.47087,0.300104606,1.505965,0.300026799,0.035095,1.765550862,8.111472567,1.63945,6.253086739,1.640965,1.858385827,8.103423776
017_190℃_080_2.0mm.csv,2,80,1.47089,0.300092943,1.506195,0.300059203,0.035305,1.776063372,8.127892439,1.63978,6.269184174,1.641305,1.858708265,8.119685321
018_190℃_080_2.0mm.csv,2,80,1.470865,0.300044227,1.506665,0.30013116,0.0358,1.79605126,8.176714018,1.640775,6.300438649,1.642315,1.876275369,8.168367706
019_190℃_080_2.0mm.csv,2,80,1.470825,0.300108778,1.507655,0.300133587,0.03683,1.841326019,8.149851511,1.6404,6.245346151,1.641905,1.904505359,8.141894651
020_190℃_080_2.0mm.csv,2,80,1.47094,0.300060663,1.507405,0.300140555,0.036465,1.829423609,8.092754975,1.63911,6.197613743,1.64061,1.895141232,8.084865891
021_190℃_120_2.0mm.csv,2,120,1.479655,0.300096212,1.504995,0.300175046,0.02534,1.867898483,8.320974145,1.595685,6.397860746,1.59788,1.923113398,8.305391817
022_190℃_120_2.0mm.csv,2,120,1.479795,0.300019882,1.504185,0.300177399,0.02439,1.808261418,8.25318554,1.594835,6.363506768,1.597055,1.889678773,8.237219067
023_190℃_120_2.0mm.csv,2,120,1.479865,0.300123379,1.5042,0.300068925,0.024335,1.809334549,8.314669847,1.59558,6.427755393,1.59778,1.886914455,8.299056555
024_190℃_120_2.0mm.csv,2,120,1.47988,0.300116015,1.504345,0.300008062,0.024465,1.820534225,8.2333692,1.594555,6.339123466,1.59673,1.894245734,8.218084417
025_190℃_120_2.0mm.csv,2,120,1.479845,0.300058353,1.504215,0.300011367,0.02437,1.810583462,8.265771384,1.594905,6.370089788,1.597115,1.895681596,8.250008918
026_190℃_160_2.0mm.csv,2,160,1.48355,0.300179625,1.501915,0.300203523,0.018365,1.690222068,7.754106962,1.57249,5.942131833,1.575335,1.811975128,7.733459228
027_190℃_160_2.0mm.csv,2,160,1.483595,0.300096246,1.502125,0.300175883,0.01853,1.711230834,7.849529532,1.57318,6.02235532,1.576045,1.827174212,7.828659525
028_190℃_160_2.0mm.csv,2,160,1.48354,0.300128475,1.50299,0.300182656,0.01945,1.798741369,7.791153814,1.572785,5.934120369,1.575715,1.857033445,7.769467642
029_190℃_160_2.0mm.csv,2,160,1.483445,0.300000871,1.502555,0.300143788,0.01911,1.754515386,7.776193269,1.572615,5.936154767,1.57549,1.840038502,7.755255886
030_190℃_160_2.0mm.csv,2,160,1.4834,0.300090252,1.50229,0.300166385,0.01889,1.727865717,7.86082498,1.573285,6.018339777,1.576185,1.842485203,7.839484051
031_190℃_200_2.0mm.csv,2,200,1.485395,0.300140394,1.500755,0.300050209,0.01536,1.589456493,7.752780764,1.565625,5.967037179,1.568285,1.785743585,7.73516973
032_190℃_200_2.0mm.csv,2,200,1.48551,0.300080407,1.500815,0.30012161,0.015305,1.597429041,7.802800422,1.56589,6.015269483,1.56868,1.787530939,7.783570737
033_190℃_200_2.0mm.csv,2,200,1.485445,0.300041856,1.50081,0.300131226,0.015365,1.596546194,7.814993833,1.56597,6.022263385,1.56873,1.792730448,7.796110836
034_190℃_200_2.0mm.csv,2,200,1.485455,0.300092823,1.50009,0.300196618,0.014635,1.5106117,7.815630219,1.565965,6.055478269,1.56872,1.760151951,7.79666759
035_190℃_200_2.0mm.csv,2,200,1.48542,0.300174042,1.50038,0.300111088,0.01496,1.544970003,7.836885691,1.566085,6.059034378,1.568875,1.777851313,7.817670767
036_190℃_240_2.0mm.csv,2,240,1.48661,0.300027463,1.50011,0.300066267,0.0135,1.51470383,7.791316089,1.562215,5.995859249,1.564875,1.795456841,7.772376671
037_190℃_240_2.0mm.csv,2,240,1.486645,0.30007019,1.50008,0.300044772,0.013435,1.510793191,7.833202241,1.56243,6.036523375,1.565045,1.796678867,7.814988922
038_190℃_240_2.0mm.csv,2,240,1.48665,0.300172771,1.49972,0.300088752,0.01307,1.463252907,7.825336305,1.562455,6.048003933,1.565055,1.777332371,7.807387447
039_190℃_240_2.0mm.csv,2,240,1.48665,0.300183012,1.499575,0.300063887,0.012925,1.444719256,7.844928816,1.562475,6.075519067,1.565085,1.769409749,7.82679956
040_190℃_240_2.0mm.csv,2,240,1.48673,0.300003604,1.50017,0.300110145,0.01344,1.522823852,7.822593906,1.562365,6.027710367,1.56501,1.794883539,7.803901325
007_190℃_280_2.0mm.csv,2,280,1.487595,0.300090518,1.4989,0.300225157,0.011305,1.346471189,7.729843481,1.560165,5.981561578,1.5627,1.748281903,7.711904628
008_190℃_280_2.0mm.csv,2,280,1.48749,0.300196834,1.49902,0.300011044,0.01153,1.363296153,7.827357851,1.560495,6.065320189,1.563025,1.762037662,7.809351164
009_190℃_280_2.0mm.csv,2,280,1.48741,0.300196106,1.499345,0.300125923,0.011935,1.407838093,7.806909458,1.560375,6.020847687,1.562915,1.786061772,7.788823502
010_190℃_320_2.0mm.csv,2,320,1.48793,0.300042638,1.498635,0.300053874,0.010705,1.303697831,7.741760014,1.559195,5.986860695,1.561695,1.754899319,7.723774182
011_190℃_320_2.0mm.csv,2,320,1.48796,0.300111703,1.49874,0.30022581,0.01078,1.317806758,7.810816289,1.559535,6.046174501,1.56203,1.764641788,7.792828062
012_190℃_320_2.0mm.csv,2,320,1.48794,0.300097027,1.49844,0.300102807,0.0105,1.275887331,7.812703512,1.55952,6.068518529,1.561985,1.744184984,7.795406922
001_210℃_003_2.0mm.csv,2,3,0.5489,0.300002319,1.61408,0.300012674,1.06518,1.663768768,14.86148837,6.81744,11.84484187,6.8201,3.0166465,14.8583947
002_210℃_003_2.0mm.csv,2,3,0.54818,0.300013039,1.6238,0.300003965,1.07562,1.678220758,14.78727374,6.83932,11.79790092,6.84194,2.989372819,14.78418684
003_210℃_003_2.0mm.csv,2,3,0.5347,0.300001219,1.59208,0.300002291,1.05738,1.633949749,14.4826407,6.79078,11.55572842,6.79268,2.926912278,14.48099939
004_210℃_005_2.0mm.csv,2,5,0.86144,0.300023622,1.49666,0.300017928,0.63522,1.492954429,10.78982214,4.424,8.623181439,4.42632,2.166640698,10.7872252
005_210℃_005_2.0mm.csv,2,5,0.86254,0.300016125,1.48376,0.300009366,0.62122,1.462588969,10.83226898,4.44108,8.675546764,4.4433,2.156722215,10.82989084
006_210℃_005_2.0mm.csv,2,5,0.86134,0.300008359,1.50476,0.300031999,0.64342,1.51130975,10.85560377,4.45952,8.679116739,4.46052,2.176487028,10.85514968
001_210℃_010_2.0mm.csv,2,10,1.15078,0.300022902,1.46802,0.300002757,0.31724,1.372597229,8.923333846,2.87252,7.088130862,2.87372,1.835202984,8.922368096
002_210℃_010_2.0mm.csv,2,10,1.14812,0.300040424,1.45918,0.300006276,0.31106,1.343609969,8.910618963,2.8718,7.100244414,2.87362,1.810374549,8.908367724
003_210℃_010_2.0mm.csv,2,10,1.15108,0.30003046,1.452,0.300007649,0.30092,1.309220863,8.841198521,2.8622,7.05914657,2.86358,1.78205195,8.83987749
004_210℃_010_2.0mm.csv,2,10,1.14914,0.300037037,1.46454,0.300019943,0.3154,1.358825975,8.881044246,2.8697,7.06980229,2.8711,1.811241956,8.879744234
005_210℃_010_2.0mm.csv,2,10,1.1499,0.300030345,1.46054,0.300005402,0.31064,1.342746505,8.860755797,2.86752,7.06233658,2.86886,1.798419216,8.859553603
006_210℃_020_2.0mm.csv,2,20,1.324965,0.300025961,1.479735,0.300007431,0.15477,1.342355151,7.483245057,2.10141,5.828111457,2.102645,1.6551336,7.481498977
007_210℃_020_2.0mm.csv,2,20,1.324795,0.300027551,1.47558,0.300014307,0.150785,1.309222777,7.476779467,2.10145,5.848115141,2.10267,1.628664326,7.47509723
008_210℃_020_2.0mm.csv,2,20,1.325075,0.300008946,1.479365,0.30001847,0.15429,1.341030388,7.480101392,2.10177,5.828669103,2.10301,1.651432289,7.478344765
009_210℃_020_2.0mm.csv,2,20,1.324925,0.300010669,1.47586,0.300012869,0.150935,1.315022899,7.523283283,2.10516,5.886003411,2.10644,1.637279872,7.52142443
010_210℃_020_2.0mm.csv,2,20,1.32483,0.30001457,1.48015,0.300013887,0.15532,1.345587736,7.449125497,2.098565,5.795719178,2.099865,1.653406319,7.447205622
011_210℃_040_2.0mm.csv,2,40,1.424565,0.300022276,1.496945,0.300060563,0.07238,1.449142942,7.217419178,1.78674,5.608204583,1.787895,1.609214595,7.214671498
012_210℃_040_2.0mm.csv,2,40,1.42458,0.300057499,1.49723,0.300036633,0.07265,1.454031511,7.203303506,1.78633,5.588602535,1.78746,1.614700971,7.200674741
013_210℃_040_2.0mm.csv,2,40,1.424635,0.300048752,1.495805,0.300022073,0.07117,1.430298373,7.275974222,1.788975,5.676416037,1.790095,1.599558185,7.273365617
014_210℃_040_2.0mm.csv,2,40,1.424865,0.300014872,1.49791,0.300004763,0.073045,1.465426535,7.307309412,1.790785,5.678694678,1.79197,1.628614734,7.304421585
015_210℃_040_2.0mm.csv,2,40,1.424395,0.300036395,1.498505,0.300067034,0.07411,1.475014712,7.298256744,1.790275,5.658270163,1.791445,1.639986581,7.295422935
016_210℃_080_2.0mm.csv,2,80,1.46759,0.300133502,1.50361,0.300060252,0.03602,1.642458688,7.3821181,1.639475,5.717307285,1.640925,1.664810815,7.375479389
017_210℃_080_2.0mm.csv,2,80,1.46761,0.300002297,1.505,0.300107853,0.03739,1.696683148,7.470542798,1.64113,5.755830759,1.642565,1.714712039,7.463936693
018_210℃_080_2.0mm.csv,2,80,1.467615,0.30006411,1.503995,0.300021048,0.03638,1.6569523,7.380471207,1.639275,5.703987702,1.64074,1.676483505,7.373613542
019_210℃_080_2.0mm.csv,2,80,1.46758,0.300128997,1.50391,0.300116921,0.03633,1.654248729,7.341546993,1.63849,5.665247774,1.639955,1.67629922,7.334776096
020_210℃_080_2.0mm.csv,2,80,1.46764,0.300111788,1.503825,0.300142215,0.036185,1.651368485,7.368817316,1.639075,5.694284242,1.640515,1.674533073,7.362241944
021_210℃_120_2.0mm.csv,2,120,1.478275,0.300043826,1.50344,0.300012544,0.025165,1.727419037,7.150496451,1.589785,5.450857258,1.592015,1.699639193,7.136345929
022_210℃_120_2.0mm.csv,2,120,1.47824,0.300164905,1.50316,0.300060534,0.02492,1.708906284,7.199835316,1.590385,5.505914562,1.59258,1.693920754,7.186088824
023_210℃_120_2.0mm.csv,2,120,1.478265,0.300089925,1.502855,0.300082948,0.02459,1.688339318,7.283267048,1.59143,5.597544865,1.593615,1.685722183,7.26961104
024_210℃_120_2.0mm.csv,2,120,1.47831,0.30004543,1.50294,0.30007265,0.02463,1.69410318,7.163468041,1.58985,5.485356144,1.59209,1.678111897,7.149128941
025_210℃_120_2.0mm.csv,2,120,1.47824,0.300075041,1.502785,0.300106586,0.024545,1.683954382,7.210905596,1.59047,5.532579114,1.592705,1.678326483,7.196633157
026_210℃_160_2.0mm.csv,2,160,1.482365,0.300115161,1.501835,0.300129365,0.01947,1.666377829,7.077260299,1.57202,5.410044036,1.574955,1.667216263,7.058528318
027_210℃_160_2.0mm.csv,2,160,1.48249,0.300034613,1.50175,0.300075915,0.01926,1.658601316,7.077480868,1.571895,5.416790384,1.574955,1.660690484,7.057215094
028_210℃_160_2.0mm.csv,2,160,1.4825,0.300110902,1.50105,0.300189363,0.01855,1.594898524,7.108635508,1.572195,5.467491181,1.575195,1.641144326,7.089025466
029_210℃_160_2.0mm.csv,2,160,1.48247,0.300023321,1.50193,0.300104113,0.01946,1.675619684,7.124911424,1.57233,5.458925977,1.575355,1.665985448,7.105145458
030_210℃_160_2.0mm.csv,2,160,1.48246,0.300121643,1.50085,0.300110886,0.01839,1.576837377,7.119885656,1.57229,5.498568346,1.57529,1.62131731,7.100483276
031_210℃_200_2.0mm.csv,2,200,1.484735,0.300091792,1.50038,0.300018189,0.015645,1.542007715,7.078028196,1.56499,5.450277612,1.56795,1.627750584,7.05975519
032_210℃_200_2.0mm.csv,2,200,1.48475,0.300050088,1.500175,0.30018016,0.015425,1.519216749,7.07436523,1.56495,5.459790896,1.568005,1.614574334,7.055063623
033_210℃_200_2.0mm.csv,2,200,1.48481,0.300144402,1.49998,0.300146044,0.01517,1.498158662,7.058877875,1.56488,5.454286712,1.56783,1.604591163,7.040787364
034_210℃_200_2.0mm.csv,2,200,1.484665,0.300026004,1.500055,0.300211852,0.01539,1.506162493,7.127813762,1.565355,5.512729161,1.568375,1.6150846,7.108883371
035_210℃_200_2.0mm.csv,2,200,1.48462,0.300106856,1.50014,0.300234964,0.01552,1.515577748,7.128051249,1.56535,5.512972696,1.568265,1.615078554,7.110449126
036_210℃_240_2.0mm.csv,2,240,1.48606,0.30000999,1.49931,0.30018903,0.01325,1.415346133,6.99867778,1.561135,5.395879725,1.563865,1.602798055,6.981663327
037_210℃_240_2.0mm.csv,2,240,1.4861,0.300033755,1.499735,0.30001437,0.013635,1.467503984,7.00744685,1.56118,5.385437463,1.56395,1.622009388,6.99001826
038_210℃_240_2.0mm.csv,2,240,1.48611,0.300086172,1.499645,0.300254064,0.013535,1.456549744,7.145395617,1.562045,5.52221393,1.56478,1.623181687,7.128544824
039_210℃_240_2.0mm.csv,2,240,1.48602,0.300053097,1.499325,0.300161404,0.013305,1.417336375,7.12303485,1.561925,5.516113121,1.56464,1.606921729,7.106382993
040_210℃_240_2.0mm.csv,2,240,1.486155,0.300138542,1.499065,0.300075937,0.01291,1.385538768,7.111319111,1.561785,5.521989406,1.5645,1.589329705,7.094587592
007_210℃_280_2.0mm.csv,2,280,1.48697,0.300102726,1.498585,0.300081496,0.011615,1.314236753,7.050908966,1.55964,5.459142732,1.56221,1.591766234,7.034901087
008_210℃_280_2.0mm.csv,2,280,1.487085,0.300084242,1.49854,0.300005031,0.011455,1.307770796,7.055279935,1.55969,5.469166748,1.56223,1.586113188,7.039656437
009_210℃_280_2.0mm.csv,2,280,1.48695,0.300197071,1.498785,0.300196635,0.011835,1.339132587,7.199346046,1.56049,5.592090013,1.563065,1.607256032,7.183411787
010_210℃_320_2.0mm.csv,2,320,1.48747,0.300011539,1.49854,0.300230012,0.01107,1.299641344,7.083285195,1.55882,5.479337362,1.56129,1.603947833,7.067915385
011_210℃_320_2.0mm.csv,2,320,1.487525,0.300077803,1.498415,0.300239946,0.01089,1.282677244,7.126086631,1.559015,5.528318435,1.561515,1.597768195,7.110516396
012_210℃_320_2.0mm.csv,2,320,1.487525,0.300163219,1.498485,0.300225238,0.01096,1.292099959,7.139365081,1.55909,5.534697676,1.561625,1.604667406,7.123263924
001_230℃_003_2.0mm.csv,2,3,0.46248,0.300004932,1.53308,0.30001351,1.0706,1.54105031,11.85203062,6.68476,9.632524689,6.6873,2.219505927,11.8497398
002_230℃_003_2.0mm.csv,2,3,0.45656,0.300000586,1.5217,0.300028196,1.06514,1.526370466,11.82398778,6.70094,9.599464742,6.70414,2.224523035,11.82033412
003_230℃_003_2.0mm.csv,2,3,0.45218,0.300002327,1.47232,0.300003124,1.02014,1.4640074,11.695562,6.6799,9.582130276,6.68122,2.113431723,11.69496591
004_230℃_005_2.0mm.csv,2,5,0.8016,0.30000361,1.43294,0.300003307,0.63134,1.373174358,9.117657675,4.31748,7.362779,4.31904,1.754878675,9.116722869
005_230℃_005_2.0mm.csv,2,5,0.80392,0.300003147,1.42054,0.300019944,0.61662,1.344051311,9.24383918,4.35916,7.491491078,4.36162,1.752348102,9.241534671
006_230℃_005_2.0mm.csv,2,5,0.79726,0.30001544,1.42302,0.300013609,0.62576,1.35434844,9.167106574,4.35246,7.427912914,4.3538,1.73919366,9.166413426
001_230℃_010_2.0mm.csv,2,10,1.11092,0.300030668,1.42988,0.30003064,0.31896,1.253002731,7.741113542,2.81548,6.186843984,2.81634,1.554269557,7.740663464
002_230℃_010_2.0mm.csv,2,10,1.11132,0.300011505,1.41554,0.300027857,0.30422,1.198395009,7.655565344,2.80128,6.134240046,2.803,1.521325297,7.653846848
003_230℃_010_2.0mm.csv,2,10,1.10938,0.300028095,1.43326,0.300034114,0.32388,1.262623489,7.732339225,2.8166,6.151050893,2.81772,1.581288332,7.731578422
004_230℃_010_2.0mm.csv,2,10,1.1089,0.300013417,1.42536,0.300015923,0.31646,1.240062474,7.744211518,2.81564,6.186911715,2.817,1.557299803,7.743072716
005_230℃_010_2.0mm.csv,2,10,1.10908,0.300024893,1.41888,0.300020793,0.3098,1.214374397,7.689971425,2.80804,6.164513426,2.80912,1.525457999,7.689259912
006_230℃_020_2.0mm.csv,2,20,1.301285,0.30000943,1.457605,0.300018395,0.15632,1.210536878,6.5691986,2.074585,5.104671195,2.07598,1.464527405,6.567226785
007_230℃_020_2.0mm.csv,2,20,1.301425,0.300014885,1.454615,0.30000466,0.15319,1.189667891,6.582471599,2.0754,5.135312083,2.076765,1.447159516,6.580630504
008_230℃_020_2.0mm.csv,2,20,1.30182,0.300010681,1.45439,0.300005226,0.15257,1.187090172,6.609859511,2.07955,5.164356115,2.0808,1.445503397,6.608252983
009_230℃_020_2.0mm.csv,2,20,1.301845,0.300004757,1.458775,0.300022744,0.15693,1.216362515,6.620522587,2.08028,5.15691035,2.08164,1.463612237,6.61868223
010_230℃_020_2.0mm.csv,2,20,1.30109,0.300018856,1.46081,0.300008738,0.15972,1.231259446,6.580713429,2.076615,5.109758771,2.07796,1.470954657,6.578913648
011_230℃_040_2.0mm.csv,2,40,1.413205,0.30000242,1.488635,0.300008129,0.07543,1.333149888,6.425525564,1.77786,4.957516011,1.779085,1.468009553,6.422726333
012_230℃_040_2.0mm.csv,2,40,1.413105,0.300009378,1.4894,0.300009585,0.076295,1.344583299,6.420657845,1.778135,4.942922208,1.77938,1.477735637,6.417767654
013_230℃_040_2.0mm.csv,2,40,1.41337,0.300062069,1.488015,0.30001375,0.074645,1.324807959,6.501561161,1.781685,5.041329394,1.782905,1.460231767,6.498781989
014_230℃_040_2.0mm.csv,2,40,1.413315,0.300044622,1.487625,0.30001959,0.07431,1.317755023,6.445600354,1.778725,4.984533777,1.779965,1.461066577,6.44273906
015_230℃_040_2.0mm.csv,2,40,1.41325,0.300024174,1.488955,0.300059732,0.075705,1.337051559,6.486276534,1.780435,5.010710318,1.781725,1.475566216,6.483172745
016_230℃_080_2.0mm.csv,2,80,1.463885,0.300075847,1.50123,0.300013397,0.037345,1.543126428,6.572933584,1.63498,5.048000664,1.636435,1.52493292,6.566841544
017_230℃_080_2.0mm.csv,2,80,1.46395,0.300051084,1.50095,0.300024376,0.037,1.53335538,6.646848288,1.636775,5.128223937,1.63824,1.518624351,6.640683392
018_230℃_080_2.0mm.csv,2,80,1.463835,0.300080281,1.50121,0.300120904,0.037375,1.542354345,6.622938049,1.636305,5.098170371,1.637705,1.524767678,6.617300696
019_230℃_080_2.0mm.csv,2,80,1.46392,0.300094662,1.50084,0.300094086,0.03692,1.529488324,6.651067456,1.63681,5.133664227,1.638255,1.517403229,6.645085044
020_230℃_080_2.0mm.csv,2,80,1.46401,0.300122993,1.50087,0.300025955,0.03686,1.530463865,6.697758581,1.637745,5.177528597,1.639175,1.520229983,6.69182444
021_230℃_120_2.0mm.csv,2,120,1.476575,0.300131215,1.50188,0.300062631,0.025305,1.611416485,6.400752744,1.587085,4.86161462,1.589295,1.539138124,6.38806553
022_230℃_120_2.0mm.csv,2,120,1.47649,0.300123952,1.501125,0.300000988,0.024635,1.566530533,6.476485389,1.58832,4.962180128,1.5905,1.514305261,6.464183418
023_230℃_120_2.0mm.csv,2,120,1.476375,0.30014224,1.5018,0.300044944,0.025425,1.606139379,6.466055061,1.58814,4.924173206,1.590335,1.541881856,6.453577231
024_230℃_120_2.0mm.csv,2,120,1.47647,0.300020872,1.50163,0.300166225,0.02516,1.596112499,6.470046032,1.588095,4.934481618,1.590265,1.535564415,6.457877467
025_230℃_120_2.0mm.csv,2,120,1.476335,0.300137504,1.502305,0.300039682,0.02597,1.636160929,6.528953809,1.589065,4.963808127,1.59125,1.565145682,6.516597143
026_230℃_160_2.0mm.csv,2,160,1.481385,0.300117299,1.500315,0.300120988,0.01893,1.526220058,6.398249653,1.57025,4.910432522,1.57324,1.487817131,6.380951361
027_230℃_160_2.0mm.csv,2,160,1.48143,0.300163458,1.50076,0.300077936,0.01933,1.562832512,6.389665816,1.570165,4.885378042,1.573205,1.504287774,6.371825311
028_230℃_160_2.0mm.csv,2,160,1.481505,0.300147679,1.500075,0.3001692,0.01857,1.50652684,6.422306137,1.570545,4.932064047,1.573595,1.49024209,6.404151893
029_230℃_160_2.0mm.csv,2,160,1.48132,0.300171977,1.500715,0.300055046,0.019395,1.559134374,6.419273545,1.570535,4.910392412,1.573585,1.508881132,6.401268313
030_230℃_160_2.0mm.csv,2,160,1.48142,0.300166228,1.499595,0.300065723,0.018175,1.467166407,6.50357039,1.57139,5.027495085,1.574395,1.476075305,6.486023234
031_230℃_200_2.0mm.csv,2,200,1.48394,0.300060928,1.49907,0.300139958,0.01513,1.40687815,6.275571806,1.56248,4.831434292,1.565695,1.444137514,6.256864832
032_230℃_200_2.0mm.csv,2,200,1.48386,0.300136634,1.499705,0.300157865,0.015845,1.470482325,6.343410925,1.563105,4.869826706,1.566105,1.473584219,6.327062185
033_230℃_200_2.0mm.csv,2,200,1.48383,0.300012829,1.49944,0.300218256,0.01561,1.443976062,6.365861396,1.563325,4.897649406,1.56641,1.468211989,6.348744759
034_230℃_200_2.0mm.csv,2,200,1.483855,0.300201633,1.50026,0.300136472,0.016405,1.52683135,6.455854479,1.563955,4.945163328,1.567085,1.510691151,6.4383211
035_230℃_200_2.0mm.csv,2,200,1.48387,0.300075411,1.49973,0.300166629,0.01586,1.47292813,6.425540666,1.56376,4.939450345,1.566815,1.486090321,6.408587338
036_230℃_240_2.0mm.csv,2,240,1.48537,0.300014573,1.498865,0.300022564,0.013495,1.370156389,6.340546575,1.559955,4.880414936,1.56281,1.460131639,6.324515864
037_230℃_240_2.0mm.csv,2,240,1.485425,0.30019304,1.498485,0.300140671,0.01306,1.327549303,6.404597561,1.5605,4.962804509,1.56332,1.441793052,6.389126127
038_230℃_240_2.0mm.csv,2,240,1.48555,0.30000669,1.49863,0.300096907,0.01308,1.343154362,6.367376642,1.560145,4.918241345,1.56293,1.449135298,6.352144418
039_230℃_240_2.0mm.csv,2,240,1.48545,0.300111013,1.498875,0.300160376,0.013425,1.371014336,6.36961899,1.560195,4.903189758,1.563035,1.466429232,6.353780777
040_230℃_240_2.0mm.csv,2,240,1.485445,0.300194948,1.49855,0.3000432,0.013105,1.334808001,6.383026477,1.560275,4.935833709,1.563085,1.447192768,6.367546037
007_230℃_280_2.0mm.csv,2,280,1.486385,0.300035947,1.49819,0.300180992,0.011805,1.276770646,6.335470515,1.558295,4.886649694,1.560935,1.448820822,6.320783898
008_230℃_280_2.0mm.csv,2,280,1.486515,0.300077362,1.498175,0.300021584,0.01166,1.274426897,6.395001338,1.55868,4.948070342,1.5613,1.446930995,6.38043507
009_230℃_280_2.0mm.csv,2,280,1.486305,0.300038157,1.498205,0.300035,0.0119,1.278658853,6.478573686,1.559155,5.019128167,1.56179,1.459445519,6.464059132
010_230℃_320_2.0mm.csv,2,320,1.486925,0.300222516,1.49765,0.300086216,0.010725,1.201170058,6.324938275,1.557305,4.894831882,1.55985,1.430106393,6.31052867
011_230℃_320_2.0mm.csv,2,320,1.486915,0.300100594,1.498075,0.300196873,0.01116,1.252999497,6.365529065,1.557535,4.896441014,1.56012,1.46908805,6.350546364
012_230℃_320_2.0mm.csv,2,320,1.486925,0.300197811,1.4982,0.300010382,0.011275,1.267163636,6.44542742,1.55795,4.976597931,1.56049,1.468829488,6.431087581
