元ファイル,キャビティ厚み[mm],射出速度[mm/s],CH03_立ち上がり時間(s),CH03_立ち上がり圧力(MPa),CH04_立ち上がり時間(s),CH04_立ち上がり圧力(MPa),立ち上がり時間差(s),先行列圧力@後発列立ち上がり時(MPa),V01横ばい終点時間(s),CH03圧力@V01横ばい終点(MPa),CH04圧力@V01横ばい終点(MPa),先行列-後発列圧力差@V01横ばい終点(MPa)
001_190℃_020_0.5mm.csv,0.5,20,1.480965,0.300052787,1.55557,0.300028903,0.074605,12.60449592,1.823855,60.60195375,47.31975499,13.28219876
002_190℃_020_0.5mm.csv,0.5,20,1.48122,0.300039548,1.55725,0.300234615,0.07603,12.74079056,1.818075,59.92304658,46.10047008,13.8225765
003_190℃_020_0.5mm.csv,0.5,20,1.48093,0.300048789,1.556785,0.300223623,0.075855,12.72583919,1.828095,61.13968394,47.82389791,13.31578603
004_190℃_020_0.5mm.csv,0.5,20,1.48152,0.300047345,1.55619,0.300199575,0.07467,12.66270612,1.826545,60.98426063,47.51655265,13.46770798
005_190℃_020_0.5mm.csv,0.5,20,1.4816,0.300131256,1.556995,0.300021467,0.075395,12.73429686,1.805665,58.9440491,45.29278117,13.65126792
011_190℃_040_0.5mm.csv,0.5,40,1.39161,0.300174867,1.43496,0.300071611,0.04335,10.35735742,1.56583,51.80858148,37.93867642,13.86990506
012_190℃_040_0.5mm.csv,0.5,40,1.392105,0.300194394,1.435515,0.300042763,0.04341,10.44648178,1.565635,51.59289486,37.79513731,13.79775755
013_190℃_040_0.5mm.csv,0.5,40,1.38914,0.300200645,1.43284,0.300275493,0.0437,10.41402673,1.56653,52.16188623,38.46344847,13.69843776
014_190℃_040_0.5mm.csv,0.5,40,1.389745,0.30017848,1.4329,0.300055504,0.043155,10.40948794,1.56623,52.14143951,38.44761538,13.69382413
015_190℃_040_0.5mm.csv,0.5,40,1.396825,0.300217373,1.440625,0.300214894,0.0438,10.38810226,1.573965,52.05606661,38.35013398,13.70593263
021_190℃_080_0.5mm.csv,0.5,80,1.19663,0.300278856,1.217645,0.300028398,0.021015,6.14061055,1.2752,40.60536108,26.70033412,13.90502695
022_190℃_080_0.5mm.csv,0.5,80,1.20097,0.300123716,1.22198,0.300315399,0.02101,6.178550795,1.27692,40.14207994,25.96364489,14.17843505
023_190℃_080_0.5mm.csv,0.5,80,1.196945,0.300213585,1.217885,0.300168014,0.02094,6.138694946,1.276315,41.60395948,27.59136483,14.01259466
024_190℃_080_0.5mm.csv,0.5,80,1.19939,0.300192612,1.2204,0.300222092,0.02101,6.226926259,1.279455,41.38668944,27.54152334,13.8451661
025_190℃_080_0.5mm.csv,0.5,80,1.1936,0.300255045,1.214305,0.300077299,0.020705,6.072976936,1.27884,43.27966764,29.78949725,13.49017039
031_190℃_120_0.5mm.csv,0.5,120,1.140035,0.300004481,1.153155,0.300275038,0.01312,3.753596403,1.17929,26.95256283,12.99589227,13.95667056
032_190℃_120_0.5mm.csv,0.5,120,1.14072,0.30005488,1.155385,0.300241757,0.014665,4.150327689,1.179715,25.16773914,11.17183749,13.99590166
033_190℃_120_0.5mm.csv,0.5,120,1.13972,0.300171341,1.15396,0.300249719,0.01424,4.054634264,1.17867,25.2134626,11.24217791,13.97128469
034_190℃_120_0.5mm.csv,0.5,120,1.139685,0.300060846,1.15368,0.300272959,0.013995,3.991313026,1.18011,26.86636197,12.70584445,14.16051753
035_190℃_120_0.5mm.csv,0.5,120,1.139165,0.300100878,1.15378,0.30031612,0.014615,4.164453011,1.17958,26.44518843,12.27198309,14.17320534
041_190℃_160_0.5mm.csv,0.5,160,1.11083,0.300061927,1.121955,0.300379041,0.011125,2.955107171,1.13487,13.24043469,3.936938613,9.303496074
042_190℃_160_0.5mm.csv,0.5,160,1.10831,0.300188192,1.11986,0.300171107,0.01155,3.242949404,1.131295,12.32653402,3.159696395,9.166837624
043_190℃_160_0.5mm.csv,0.5,160,1.10889,0.300076044,1.120285,0.300105686,0.011395,3.150907267,1.131635,12.04628872,3.028316776,9.017971945
044_190℃_160_0.5mm.csv,0.5,160,1.10592,0.300254246,1.117175,0.300337787,0.011255,3.039957783,1.131805,15.35932884,4.594259169,10.76506967
045_190℃_160_0.5mm.csv,0.5,160,1.10825,0.300004041,1.11959,0.300126272,0.01134,3.112600505,1.1319,13.03236734,3.573709505,9.458657838
051_190℃_200_0.5mm.csv,0.5,200,1.0895,0.300005178,1.099,0.300151587,0.0095,2.504834191,1.105455,6.534336371,1.421269951,5.113066421
052_190℃_200_0.5mm.csv,0.5,200,1.089845,0.300386232,1.09886,0.300238764,0.009015,2.321655004,1.10594,6.755136185,1.569330464,5.185805721
053_190℃_200_0.5mm.csv,0.5,200,1.089995,0.300262059,1.09921,0.300034532,0.009215,2.403174438,1.105165,5.985198678,1.27196845,4.713230228
054_190℃_200_0.5mm.csv,0.5,200,1.08794,0.300271613,1.09724,0.300115697,0.0093,2.414714421,1.10527,7.773413508,1.928751537,5.84466197
055_190℃_200_0.5mm.csv,0.5,200,1.089175,0.300144652,1.0987,0.30019796,0.009525,2.467555606,1.105725,6.931864946,1.569107918,5.362757028
061_190℃_240_0.5mm.csv,0.5,240,1.07571,0.300087816,1.084095,0.300222483,0.008385,2.14398096,1.087345,3.758306712,0.700301438,3.058005275
062_190℃_240_0.5mm.csv,0.5,240,1.075245,0.300279147,1.0838,0.300291621,0.008555,2.199556045,1.086985,3.790851858,0.690626597,3.100225261
063_190℃_240_0.5mm.csv,0.5,240,1.074715,0.300349268,1.08339,0.300195135,0.008675,2.160233254,1.087415,4.255478299,0.84266434,3.412813959
064_190℃_240_0.5mm.csv,0.5,240,1.0754,0.300283579,1.08378,0.300375095,0.00838,2.11659794,1.08756,4.034256211,0.787875218,3.246380993
065_190℃_240_0.5mm.csv,0.5,240,1.0748,0.300261992,1.083575,0.300062212,0.008775,2.228274029,1.087105,4.045377298,0.758290684,3.287086614
001_210℃_020_0.5mm.csv,0.5,20,1.4778,0.300019299,1.58061,0.300151548,0.10281,13.7029291,1.84758,59.79678023,45.89997368,13.89680654
002_210℃_020_0.5mm.csv,0.5,20,1.477935,0.300091873,1.58053,0.300041866,0.102595,13.59809621,1.847405,59.35303956,45.51042818,13.84261139
003_210℃_020_0.5mm.csv,0.5,20,1.47801,0.300053931,1.58079,0.300131155,0.10278,13.64710462,1.85227,59.54562324,45.78385547,13.76176776
004_210℃_020_0.5mm.csv,0.5,20,1.478815,0.300028399,1.58047,0.30009118,0.101655,13.56039801,1.853235,59.09810779,45.46709639,13.63101139
005_210℃_020_0.5mm.csv,0.5,20,1.47814,0.300080872,1.58142,0.300079606,0.10328,13.68006167,1.86496,60.96076197,47.2746141,13.68614787
011_210℃_040_0.5mm.csv,0.5,40,1.36621,0.300070214,1.41232,0.300165122,0.04611,9.782222159,1.562225,49.29120162,37.08372735,12.20747427
012_210℃_040_0.5mm.csv,0.5,40,1.36595,0.300041919,1.412025,0.300118227,0.046075,9.780588034,1.55658,45.29539385,33.86288187,11.43251198
013_210℃_040_0.5mm.csv,0.5,40,1.369075,0.30006551,1.41505,0.300151843,0.045975,9.78717035,1.544595,47.899633,34.61416495,13.28546806
014_210℃_040_0.5mm.csv,0.5,40,1.372305,0.300104767,1.41781,0.300171785,0.045505,9.763134692,1.54825,48.52484021,35.2178952,13.30694501
015_210℃_040_0.5mm.csv,0.5,40,1.372885,0.300218185,1.41898,0.300070867,0.046095,9.827838154,1.551195,49.3860569,35.99184361,13.39421329
021_210℃_080_0.5mm.csv,0.5,80,1.19393,0.300103688,1.2154,0.300060826,0.02147,5.997574528,1.280195,44.24251429,30.83068744,13.41182684
022_210℃_080_0.5mm.csv,0.5,80,1.195595,0.30004754,1.21657,0.300052709,0.020975,5.909288969,1.27985,43.13254323,29.75335289,13.37919034
023_210℃_080_0.5mm.csv,0.5,80,1.192985,0.300281428,1.213915,0.300277293,0.02093,5.827908678,1.27777,43.93479282,30.41666521,13.51812761
024_210℃_080_0.5mm.csv,0.5,80,1.193085,0.300071829,1.2146,0.300072823,0.021515,5.970096965,1.278645,43.77162909,30.31078998,13.46083911
025_210℃_080_0.5mm.csv,0.5,80,1.19212,0.300285788,1.213305,0.300082959,0.021185,5.825971364,1.27799,43.66084208,30.31344326,13.34739883
031_210℃_120_0.5mm.csv,0.5,120,1.13738,0.300170266,1.151545,0.300391174,0.014165,3.906050772,1.18206,30.41505178,16.35815309,14.05689869
032_210℃_120_0.5mm.csv,0.5,120,1.13435,0.300312892,1.14819,0.300110684,0.01384,3.805866623,1.181205,32.44329485,18.37347999,14.06981485
033_210℃_120_0.5mm.csv,0.5,120,1.13438,0.300256431,1.14817,0.300286606,0.01379,3.754018381,1.1813,32.44653614,18.37203289,14.07450325
034_210℃_120_0.5mm.csv,0.5,120,1.13333,0.300252833,1.147415,0.300065674,0.014085,3.745254883,1.17865,30.72904763,16.6651568,14.06389083
035_210℃_120_0.5mm.csv,0.5,120,1.13382,0.300125056,1.147595,0.300034172,0.013775,3.689303841,1.1816,33.03859683,18.96875116,14.06984567
041_210℃_160_0.5mm.csv,0.5,160,1.107135,0.300237116,1.117955,0.300220692,0.01082,2.820074011,1.13564,18.34546484,7.21904234,11.1264225
042_210℃_160_0.5mm.csv,0.5,160,1.10516,0.300221736,1.11575,0.300118649,0.01059,2.746604943,1.13295,17.60900365,6.732896307,10.87610735
043_210℃_160_0.5mm.csv,0.5,160,1.104825,0.300037654,1.11559,0.300222402,0.010765,2.768060616,1.13328,18.20761421,7.120300581,11.08731363
044_210℃_160_0.5mm.csv,0.5,160,1.105055,0.300119483,1.115985,0.300188342,0.01093,2.80571262,1.13339,17.96733898,6.954761131,11.01257785
045_210℃_160_0.5mm.csv,0.5,160,1.10503,0.300364114,1.11586,0.300206078,0.01083,2.853837718,1.133215,18.04713936,6.998245164,11.0488942
051_210℃_200_0.5mm.csv,0.5,200,1.090175,0.300258866,1.09913,0.300252948,0.008955,2.237774272,1.10866,8.785773828,2.498785693,6.286988135
052_210℃_200_0.5mm.csv,0.5,200,1.087645,0.300360914,1.096555,0.300326467,0.00891,2.225990549,1.106015,8.716330072,2.475485005,6.240845068
053_210℃_200_0.5mm.csv,0.5,200,1.08717,0.300410315,1.09559,0.300300672,0.00842,2.179721411,1.105775,9.364833355,2.783098963,6.581734392
054_210℃_200_0.5mm.csv,0.5,200,1.087435,0.300415857,1.09603,0.300095906,0.008595,2.220536479,1.105845,9.092665738,2.647749143,6.444916595
055_210℃_200_0.5mm.csv,0.5,200,1.08711,0.300038019,1.096,0.300295972,0.00889,2.273511152,1.10507,8.471355523,2.363062221,6.108293302
061_210℃_240_0.5mm.csv,0.5,240,1.073315,0.300042303,1.08105,0.30030455,0.007735,1.978805017,1.087275,5.553592377,1.394283832,4.159308546
062_210℃_240_0.5mm.csv,0.5,240,1.07528,0.300059995,1.08359,0.30024032,0.00831,2.021981932,1.089415,5.273063471,1.270930856,4.002132615
063_210℃_240_0.5mm.csv,0.5,240,1.072795,0.300057439,1.08078,0.300170559,0.007985,1.973969402,1.0874,5.819869211,1.486286807,4.333582404
064_210℃_240_0.5mm.csv,0.5,240,1.07324,0.30033355,1.08136,0.300203381,0.00812,2.029337539,1.08781,5.787295676,1.461981791,4.325313885
065_210℃_240_0.5mm.csv,0.5,240,1.07492,0.300211448,1.082945,0.300384923,0.008025,1.994336848,1.08782,4.557051594,1.022683945,3.534367649
001_230℃_020_0.5mm.csv,0.5,20,1.47943,0.30000483,1.58411,0.300063923,0.10468,12.76083981,1.880085,58.18695754,45.14077447,13.04618307
002_230℃_020_0.5mm.csv,0.5,20,1.47928,0.300105719,1.5847,0.300029148,0.10542,12.82297205,1.88888,58.74078794,45.7775861,12.96320184
003_230℃_020_0.5mm.csv,0.5,20,1.479485,0.300096898,1.584365,0.300158945,0.10488,12.74606848,1.86687,57.09267836,43.87203506,13.22064331
004_230℃_020_0.5mm.csv,0.5,20,1.479105,0.300108659,1.58504,0.300072293,0.105935,12.76666002,1.87134,57.43021216,44.24334678,13.18686538
005_230℃_020_0.5mm.csv,0.5,20,1.479245,0.300119021,1.58496,0.300051214,0.105715,12.68695881,1.885195,58.20676978,45.227654,12.97911578
011_230℃_040_0.5mm.csv,0.5,40,1.360215,0.300111895,1.405845,0.30002327,0.04563,9.077742594,1.565115,48.33530111,36.77947633,11.55582478
012_230℃_040_0.5mm.csv,0.5,40,1.362185,0.30015724,1.40811,0.30018322,0.045925,9.161259181,1.563325,47.98279734,36.42136969,11.56142765
013_230℃_040_0.5mm.csv,0.5,40,1.366075,0.300046471,1.41187,0.300134625,0.045795,9.156024891,1.566115,49.09714028,37.19856109,11.89857919
014_230℃_040_0.5mm.csv,0.5,40,1.361305,0.300071573,1.40654,0.300157922,0.045235,9.021599554,1.56085,49.17184014,37.15112972,12.02071043
015_230℃_040_0.5mm.csv,0.5,40,1.36246,0.300010069,1.408685,0.300177554,0.046225,9.118415366,1.561345,48.60085603,36.48778972,12.11306631
021_230℃_080_0.5mm.csv,0.5,80,1.19128,0.300083482,1.212275,0.300220768,0.020995,5.532765507,1.27705,43.63265169,30.3163879,13.31626378
022_230℃_080_0.5mm.csv,0.5,80,1.189705,0.300045593,1.21105,0.300090623,0.021345,5.608752561,1.275455,43.61478042,30.23724319,13.37753723
023_230℃_080_0.5mm.csv,0.5,80,1.19067,0.300172503,1.21212,0.300299636,0.02145,5.606314022,1.27719,43.79034817,30.45360809,13.33674008
024_230℃_080_0.5mm.csv,0.5,80,1.191385,0.300299988,1.21248,0.300232477,0.021095,5.587427329,1.278065,43.19417323,30.04793007,13.14624316
025_230℃_080_0.5mm.csv,0.5,80,1.186525,0.300146072,1.20773,0.300183209,0.021205,5.559927432,1.276815,44.64790366,31.64077424,13.00712943
031_230℃_120_0.5mm.csv,0.5,120,1.132635,0.300049818,1.146385,0.300302649,0.01375,3.556185385,1.17677,28.57875313,15.17581525,13.40293788
032_230℃_120_0.5mm.csv,0.5,120,1.132235,0.300251906,1.146385,0.300287095,0.01415,3.709574106,1.17579,28.05757505,14.64339499,13.41418006
033_230℃_120_0.5mm.csv,0.5,120,1.13197,0.30028897,1.145845,0.300246523,0.013875,3.614559957,1.1785,30.8311236,17.24942774,13.58169587
034_230℃_120_0.5mm.csv,0.5,120,1.1315,0.300060775,1.14549,0.300318272,0.01399,3.615010977,1.17198,25.08828992,12.02942733,13.05886259
035_230℃_120_0.5mm.csv,0.5,120,1.13269,0.300032528,1.146815,0.300250001,0.014125,3.696900225,1.17593,27.78066974,14.37075427,13.40991547
041_230℃_160_0.5mm.csv,0.5,160,1.10693,0.300185664,1.117515,0.300059817,0.010585,2.703480482,1.135215,17.54731427,6.942466986,10.60484728
042_230℃_160_0.5mm.csv,0.5,160,1.10381,0.300233086,1.114515,0.300155498,0.010705,2.732354773,1.131485,16.79337869,6.442330784,10.35104791
043_230℃_160_0.5mm.csv,0.5,160,1.10315,0.300306547,1.11411,0.300408333,0.01096,2.76396548,1.13209,17.9779526,7.211591959,10.76636065
044_230℃_160_0.5mm.csv,0.5,160,1.102745,0.300238636,1.113245,0.300279589,0.0105,2.677326152,1.131035,17.5563398,6.972973602,10.5833662
045_230℃_160_0.5mm.csv,0.5,160,1.103735,0.300119093,1.11446,0.300161754,0.010725,2.715117657,1.132325,17.73325357,7.065232209,10.66802136
051_230℃_200_0.5mm.csv,0.5,200,1.08512,0.300301768,1.09389,0.300425478,0.00877,2.214856273,1.103625,8.804721323,2.598216334,6.206504989
052_230℃_200_0.5mm.csv,0.5,200,1.087215,0.300053609,1.09623,0.300051345,0.009015,2.238408777,1.10409,7.120538243,1.853668319,5.266869924
053_230℃_200_0.5mm.csv,0.5,200,1.086375,0.300354128,1.09545,0.300201843,0.009075,2.245042187,1.10402,7.761356869,2.114784142,5.646572727
054_230℃_200_0.5mm.csv,0.5,200,1.086645,0.300348177,1.09558,0.300119018,0.008935,2.203970957,1.104775,8.247751451,2.340541149,5.907210302
055_230℃_200_0.5mm.csv,0.5,200,1.0852,0.300132254,1.094465,0.300265708,0.009265,2.236172816,1.104065,8.670786016,2.515715022,6.155070993
061_230℃_240_0.5mm.csv,0.5,240,1.07403,0.300135924,1.081915,0.300287998,0.007885,1.906757104,1.087435,4.78087882,1.145827772,3.635051048
062_230℃_240_0.5mm.csv,0.5,240,1.074695,0.300208143,1.08251,0.300093401,0.007815,1.931643512,1.086915,4.106604604,0.907853821,3.198750783
063_230℃_240_0.5mm.csv,0.5,240,1.075465,0.300158119,1.083615,0.300091433,0.00815,1.987857447,1.088835,4.725628083,1.104018006,3.621610076
064_230℃_240_0.5mm.csv,0.5,240,1.07365,0.300258171,1.081665,0.300105906,0.008015,1.951120535,1.087165,4.858390789,1.161188289,3.697202499
065_230℃_240_0.5mm.csv,0.5,240,1.07438,0.300075842,1.082495,0.300127035,0.008115,1.973702393,1.087145,4.319748455,0.966712879,3.353035576
001_190℃_010_1.0mm.csv,1,10,1.423575,0.300044314,1.63751,0.300055524,0.213935,4.407993939,2.531425,40.74691026,29.92196567,10.82494459
002_190℃_010_1.0mm.csv,1,10,1.42391,0.300043555,1.63473,0.300031822,0.21082,4.346004036,2.53231,40.9986981,30.21560607,10.78309203
003_190℃_010_1.0mm.csv,1,10,1.424015,0.300021251,1.63494,0.3000312,0.210925,4.353185343,2.537045,41.32819991,30.45072715,10.87747276
004_190℃_010_1.0mm.csv,1,10,1.42443,0.300059015,1.63531,0.300050835,0.21088,4.354788936,2.544715,41.47404292,30.71308057,10.76096235
005_190℃_010_1.0mm.csv,1,10,1.423935,0.300031328,1.63323,0.300026972,0.209295,4.30880416,2.54299,41.45304902,30.68087942,10.7721696
011_190℃_020_1.0mm.csv,1,20,1.465185,0.30005817,1.559805,0.300025376,0.09462,4.086547074,1.970805,32.34572761,24.14404318,8.201684435
012_190℃_020_1.0mm.csv,1,20,1.465235,0.300073154,1.560215,0.300098431,0.09498,4.106584713,1.97348,32.5651677,24.33494233,8.23022537
013_190℃_020_1.0mm.csv,1,20,1.465345,0.300116319,1.560455,0.300023263,0.09511,4.121982212,1.986455,33.5537008,25.27182618,8.28187462
014_190℃_020_1.0mm.csv,1,20,1.46515,0.300003135,1.560175,0.300099659,0.095025,4.103170074,1.9842,33.36539874,25.09899953,8.266399215
015_190℃_020_1.0mm.csv,1,20,1.465105,0.300008808,1.55995,0.300062805,0.094845,4.093043208,1.98555,33.45963037,25.1902892,8.269341168
021_190℃_040_1.0mm.csv,1,40,1.481555,0.300143464,1.526925,0.300050392,0.04537,4.021337555,1.71268,27.8930363,20.96328442,6.929751882
022_190℃_040_1.0mm.csv,1,40,1.481485,0.300058246,1.5271,0.300072321,0.045615,4.038041281,1.712855,27.93139776,20.9888414,6.942556365
023_190℃_040_1.0mm.csv,1,40,1.48145,0.30001186,1.527175,0.300154457,0.045725,4.044426621,1.714205,28.08173493,21.13620861,6.945526321
024_190℃_040_1.0mm.csv,1,40,1.48159,0.300125343,1.52697,0.300002719,0.04538,4.023682395,1.714055,28.06502534,21.13319503,6.931830317
025_190℃_040_1.0mm.csv,1,40,1.48147,0.300022029,1.527185,0.300122604,0.045715,4.047051951,1.70876,27.38506074,20.47455819,6.910502549
031_190℃_080_1.0mm.csv,1,80,1.487725,0.300041298,1.51057,0.30010324,0.022845,3.444853107,1.5839,22.05950478,15.78297339,6.276531391
032_190℃_080_1.0mm.csv,1,80,1.48796,0.30000218,1.510655,0.300125258,0.022695,3.468223502,1.58063,21.19345419,14.97703526,6.21641893
033_190℃_080_1.0mm.csv,1,80,1.487915,0.300206734,1.510125,0.300179648,0.02221,3.358166576,1.57987,20.9933101,14.81366381,6.179646289
034_190℃_080_1.0mm.csv,1,80,1.48778,0.300196482,1.510145,0.300218339,0.022365,3.357671729,1.58812,23.20637713,16.88448269,6.321894444
035_190℃_080_1.0mm.csv,1,80,1.487825,0.300140468,1.510085,0.300196058,0.02226,3.347271957,1.57635,20.02473345,13.90040228,6.124331169
041_190℃_120_1.0mm.csv,1,120,1.48968,0.300090439,1.50482,0.300177073,0.01514,2.570914425,1.53507,13.36198885,7.626761525,5.735227322
042_190℃_120_1.0mm.csv,1,120,1.489745,0.300025468,1.505245,0.300182863,0.0155,2.682125198,1.534685,13.21072684,7.461132939,5.749593896
043_190℃_120_1.0mm.csv,1,120,1.48976,0.300181844,1.5054,0.300328125,0.01564,2.72261431,1.53507,13.36041601,7.590488442,5.769927569
044_190℃_120_1.0mm.csv,1,120,1.489685,0.300007728,1.504855,0.300230099,0.01517,2.579351706,1.53883,14.84788663,9.004964417,5.842922214
045_190℃_120_1.0mm.csv,1,120,1.489735,0.300134247,1.5049,0.300294782,0.015165,2.591678853,1.539855,15.25642494,9.382655388,5.873769549
051_190℃_160_1.0mm.csv,1,160,1.49078,0.300301241,1.5024,0.300161738,0.01162,2.071195204,1.518375,8.430006678,3.513874648,4.91613203
052_190℃_160_1.0mm.csv,1,160,1.490665,0.300215361,1.50256,0.300083226,0.011895,2.110950572,1.519555,8.995794257,3.915522511,5.080271747
053_190℃_160_1.0mm.csv,1,160,1.490635,0.300198262,1.502655,0.300253355,0.01202,2.135137935,1.520085,9.261257046,4.10306355,5.158193496
054_190℃_160_1.0mm.csv,1,160,1.49076,0.300112658,1.502415,0.30003231,0.011655,2.075148729,1.51906,8.777005589,3.759089574,5.017916016
055_190℃_160_1.0mm.csv,1,160,1.490635,0.300297535,1.502675,0.300132378,0.01204,2.142010933,1.51972,9.097379376,3.975614657,5.121764719
061_190℃_200_1.0mm.csv,1,200,1.49126,0.300156461,1.50123,0.300054218,0.00997,1.800964095,1.509315,4.703248602,1.446958431,3.25629017
062_190℃_200_1.0mm.csv,1,200,1.49136,0.300181743,1.50099,0.300142576,0.00963,1.740015016,1.50948,4.784170109,1.504028116,3.280141993
063_190℃_200_1.0mm.csv,1,200,1.491235,0.300080416,1.501045,0.300271035,0.00981,1.753080785,1.510085,5.05637444,1.636148055,3.420226384
064_190℃_200_1.0mm.csv,1,200,1.491335,0.300085739,1.50126,0.300352976,0.009925,1.808915386,1.510305,5.164345458,1.678857609,3.485487849
065_190℃_200_1.0mm.csv,1,200,1.491305,0.300187394,1.50121,0.300234126,0.009905,1.7970818,1.509555,4.822082016,1.50698176,3.315100256
071_190℃_240_1.0mm.csv,1,240,1.491665,0.300188696,1.50038,0.300204989,0.008715,1.593654151,1.504195,2.738352147,0.686259915,2.052092232
072_190℃_240_1.0mm.csv,1,240,1.491595,0.300283401,1.5006,0.300267748,0.009005,1.647386962,1.50388,2.623221626,0.632467472,1.990754154
073_190℃_240_1.0mm.csv,1,240,1.491535,0.30020804,1.500255,0.300086464,0.00872,1.562166889,1.504275,2.761696667,0.703392669,2.058303998
074_190℃_240_1.0mm.csv,1,240,1.49155,0.300168697,1.50056,0.300058103,0.00901,1.637440375,1.504345,2.785897491,0.692993275,2.092904217
075_190℃_240_1.0mm.csv,1,240,1.491625,0.300035913,1.50026,0.300178881,0.008635,1.562923104,1.50446,2.832631414,0.732955764,2.09967565
001_210℃_010_1.0mm.csv,1,10,1.41992,0.300055991,1.62206,0.300038208,0.20214,3.931667337,2.6428,42.11506504,32.4450683,9.669996738
002_210℃_010_1.0mm.csv,1,10,1.420055,0.30004228,1.619485,0.300038912,0.19943,3.876874832,2.637105,41.83561958,32.23047761,9.605141972
003_210℃_010_1.0mm.csv,1,10,1.420055,0.300055563,1.621595,0.300042371,0.20154,3.921373032,2.63873,41.85875909,32.23832697,9.620432119
004_210℃_010_1.0mm.csv,1,10,1.42,0.300017804,1.619385,0.300006059,0.199385,3.87577752,2.63771,41.7897488,32.21442178,9.575327014
005_210℃_010_1.0mm.csv,1,10,1.42009,0.300056757,1.61874,0.300010044,0.19865,3.857333444,2.62631,41.2725821,31.73943374,9.533148355
011_210℃_020_1.0mm.csv,1,20,1.46213,0.300010621,1.555485,0.300029418,0.093355,3.692246512,2.01206,32.23385554,24.87830082,7.355554717
012_210℃_020_1.0mm.csv,1,20,1.46228,0.300069692,1.55461,0.300086381,0.09233,3.659783448,2.023085,32.98619073,25.63493431,7.351256413
013_210℃_020_1.0mm.csv,1,20,1.46207,0.300052866,1.55541,0.300101369,0.09334,3.691622574,2.023905,33.06840276,25.67762148,7.390781277
014_210℃_020_1.0mm.csv,1,20,1.46218,0.300040961,1.55504,0.300003483,0.09286,3.677453072,2.025495,33.17869311,25.78972359,7.388969511
015_210℃_020_1.0mm.csv,1,20,1.461965,0.300065114,1.555805,0.300063539,0.09384,3.705552495,2.00992,32.12669443,24.75888281,7.367811627
021_210℃_040_1.0mm.csv,1,40,1.4801,0.300117426,1.52579,0.300090675,0.04569,3.680345666,1.729245,27.62270164,21.18510096,6.43760068
022_210℃_040_1.0mm.csv,1,40,1.480305,0.300015983,1.52595,0.300164155,0.045645,3.700152982,1.72604,27.23489889,20.81981176,6.415087123
023_210℃_040_1.0mm.csv,1,40,1.480485,0.300062121,1.525915,0.30014275,0.04543,3.697205639,1.734465,28.17080389,21.74495575,6.425848136
024_210℃_040_1.0mm.csv,1,40,1.48045,0.300145067,1.525875,0.300190358,0.045425,3.695675148,1.73497,28.27775598,21.83627823,6.441477746
025_210℃_040_1.0mm.csv,1,40,1.48048,0.300046538,1.525535,0.300070786,0.045055,3.665165017,1.72861,27.62374798,21.19079272,6.432955266
031_210℃_080_1.0mm.csv,1,80,1.487185,0.300011312,1.509895,0.300243504,0.02271,3.164981547,1.595235,23.12004349,17.16532164,5.954721858
032_210℃_080_1.0mm.csv,1,80,1.48725,0.300087771,1.509775,0.300011846,0.022525,3.146622352,1.587035,21.09158281,15.27380926,5.817773555
033_210℃_080_1.0mm.csv,1,80,1.487125,0.300151295,1.50997,0.300211564,0.022845,3.181511015,1.59465,23.01531676,17.05164879,5.963667969
034_210℃_080_1.0mm.csv,1,80,1.48734,0.30022873,1.50932,0.300165294,0.02198,3.063846682,1.59132,22.21849252,16.33988647,5.878606053
035_210℃_080_1.0mm.csv,1,80,1.48723,0.300166775,1.509605,0.300229186,0.022375,3.113289942,1.58465,20.51223797,14.72899848,5.78323949
041_210℃_120_1.0mm.csv,1,120,1.489415,0.300173674,1.504475,0.300113733,0.01506,2.431497766,1.542815,15.2519272,9.784554744,5.467372461
042_210℃_120_1.0mm.csv,1,120,1.489385,0.300128703,1.50504,0.300182034,0.015655,2.565919466,1.54129,14.69354,9.222514099,5.471025897
043_210℃_120_1.0mm.csv,1,120,1.489345,0.300053867,1.504665,0.300271016,0.01532,2.476681037,1.542725,15.22975424,9.744080062,5.485674174
044_210℃_120_1.0mm.csv,1,120,1.489455,0.300052953,1.504885,0.300179945,0.01543,2.532642435,1.542435,15.14109096,9.649139271,5.491951693
045_210℃_120_1.0mm.csv,1,120,1.48931,0.300049952,1.50485,0.300300376,0.01554,2.519647985,1.54126,14.69583098,9.230779797,5.46505118
051_210℃_160_1.0mm.csv,1,160,1.49029,0.300165136,1.50245,0.300030874,0.01216,2.056464351,1.523085,10.1421429,5.076111674,5.066031221
052_210℃_160_1.0mm.csv,1,160,1.49034,0.300158691,1.502255,0.300083719,0.011915,2.009292366,1.52407,10.60632733,5.479923701,5.126403629
053_210℃_160_1.0mm.csv,1,160,1.49043,0.300028885,1.502235,0.300298053,0.011805,2.005148458,1.52395,10.56286233,5.447550661,5.115311672
054_210℃_160_1.0mm.csv,1,160,1.490295,0.300133678,1.502445,0.300021759,0.01215,2.056350362,1.523285,10.24642175,5.15743444,5.088987307
055_210℃_160_1.0mm.csv,1,160,1.490555,0.300285604,1.502265,0.300040757,0.01171,2.015142081,1.523705,10.46825758,5.367551341,5.10070624
061_210℃_200_1.0mm.csv,1,200,1.490995,0.300161371,1.50105,0.300186722,0.010055,1.747462461,1.511855,5.711023409,2.080057588,3.630965821
062_210℃_200_1.0mm.csv,1,200,1.490955,0.300159787,1.501015,0.300299675,0.01006,1.737404736,1.51269,6.101171757,2.31480476,3.786366997
063_210℃_200_1.0mm.csv,1,200,1.491145,0.30006749,1.50134,0.300269847,0.010195,1.820522999,1.512445,6.008538131,2.238217711,3.77032042
064_210℃_200_1.0mm.csv,1,200,1.491015,0.300238981,1.50094,0.300240544,0.009925,1.719519237,1.51239,5.972269577,2.240375492,3.731894085
065_210℃_200_1.0mm.csv,1,200,1.49097,0.300032459,1.500975,0.300302866,0.010005,1.727980162,1.512405,5.976014623,2.237775207,3.738239416
071_210℃_240_1.0mm.csv,1,240,1.49136,0.300185636,1.50035,0.300183558,0.00899,1.582722107,1.505655,3.218232086,0.916935386,2.3012967
072_210℃_240_1.0mm.csv,1,240,1.491435,0.300021335,1.50052,0.300272979,0.009085,1.624367996,1.50583,3.290120828,0.939277063,2.350843765
073_210℃_240_1.0mm.csv,1,240,1.491475,0.300200193,1.50011,0.300332821,0.008635,1.525927686,1.505585,3.201208235,0.922502704,2.278705531
074_210℃_240_1.0mm.csv,1,240,1.491515,0.300170071,1.499615,0.300268023,0.0081,1.411877723,1.506435,3.536824451,1.106170784,2.430653666
075_210℃_240_1.0mm.csv,1,240,1.491485,0.300162093,1.50018,0.300026302,0.008695,1.542559595,1.505955,3.347311328,0.982931463,2.364379865
001_230℃_010_1.0mm.csv,1,10,1.414705,0.300035387,1.609685,0.300009618,0.19498,3.57544647,2.60714,36.92700755,28.80288734,8.124120219
002_230℃_010_1.0mm.csv,1,10,1.41491,0.300016734,1.60809,0.300042284,0.19318,3.53974476,2.60457,36.83370566,28.76575495,8.067950707
003_230℃_010_1.0mm.csv,1,10,1.414215,0.300029432,1.610955,0.300040801,0.19674,3.590759805,2.614235,37.1549448,29.02690018,8.128044617
004_230℃_010_1.0mm.csv,1,10,1.41415,0.300031229,1.610735,0.300035787,0.196585,3.586909612,2.61488,37.1343721,29.01071726,8.123654846
005_230℃_010_1.0mm.csv,1,10,1.414815,0.300048229,1.60752,0.30003235,0.192705,3.528776797,2.61724,37.17633655,29.10466508,8.071671471
011_230℃_020_1.0mm.csv,1,20,1.45873,0.300096609,1.55084,0.300003899,0.09211,3.344066951,2.011055,29.41651484,22.94102549,6.475489355
012_230℃_020_1.0mm.csv,1,20,1.45886,0.300079489,1.550355,0.300060139,0.091495,3.326689127,2.009625,29.38768456,22.92154735,6.466137209
013_230℃_020_1.0mm.csv,1,20,1.4589,0.300001896,1.552005,0.300001262,0.093105,3.39209638,2.017155,29.82586267,23.30348205,6.522380627
014_230℃_020_1.0mm.csv,1,20,1.45905,0.300049975,1.550535,0.30005932,0.091485,3.336124523,2.018855,29.95319256,23.45172608,6.501466478
015_230℃_020_1.0mm.csv,1,20,1.45871,0.30003174,1.551265,0.300016459,0.092555,3.361691165,2.009335,29.34125886,22.84405911,6.497199751
021_230℃_040_1.0mm.csv,1,40,1.479245,0.300138459,1.52452,0.300045751,0.045275,3.391806458,1.726475,24.97023707,19.17662584,5.793611229
022_230℃_040_1.0mm.csv,1,40,1.479125,0.300053235,1.52436,0.300005033,0.045235,3.375949059,1.72155,24.46652901,18.68723176,5.779297258
023_230℃_040_1.0mm.csv,1,40,1.47915,0.300057018,1.52421,0.300085383,0.04506,3.367696104,1.73218,25.5901644,19.78005948,5.810104926
024_230℃_040_1.0mm.csv,1,40,1.4793,0.300098564,1.52417,0.300140105,0.04487,3.364442634,1.724695,24.88375536,19.08003633,5.803719028
025_230℃_040_1.0mm.csv,1,40,1.47927,0.300102843,1.52385,0.300060062,0.04458,3.334942492,1.716875,23.90661239,18.1772464,5.729365995
031_230℃_080_1.0mm.csv,1,80,1.486725,0.300228509,1.50952,0.300029372,0.022795,2.987575774,1.588535,19.78970207,14.42200559,5.367696473
032_230℃_080_1.0mm.csv,1,80,1.48663,0.300161963,1.50942,0.300071204,0.02279,2.969431617,1.59281,20.77729535,15.34287575,5.434419594
033_230℃_080_1.0mm.csv,1,80,1.48684,0.300231025,1.508985,0.30003569,0.022145,2.899163033,1.589815,20.1287834,14.7643871,5.364396295
034_230℃_080_1.0mm.csv,1,80,1.48686,0.30009238,1.509315,0.300107599,0.022455,2.956383624,1.593295,20.9329582,15.49745189,5.435506303
035_230℃_080_1.0mm.csv,1,80,1.48686,0.300233366,1.509345,0.300218748,0.022485,2.961788843,1.589135,19.96696486,14.59000479,5.376960069
041_230℃_120_1.0mm.csv,1,120,1.48909,0.300143228,1.504305,0.300177951,0.015215,2.347563704,1.5419,13.85754656,8.850397242,5.00714932
042_230℃_120_1.0mm.csv,1,120,1.489115,0.300267977,1.504645,0.300290657,0.01553,2.424972091,1.54051,13.39199837,8.405834025,4.986164344
043_230℃_120_1.0mm.csv,1,120,1.489145,0.300215998,1.50448,0.300191213,0.015335,2.388023376,1.54261,14.11507958,9.079656932,5.03542265
044_230℃_120_1.0mm.csv,1,120,1.48885,0.300151777,1.504815,0.300011191,0.015965,2.456890579,1.53922,12.94445075,7.960720162,4.983730585
045_230℃_120_1.0mm.csv,1,120,1.489045,0.300008093,1.504535,0.300170506,0.01549,2.397338344,1.541915,13.86605368,8.838774561,5.027279121
051_230℃_160_1.0mm.csv,1,160,1.490245,0.300253081,1.50193,0.300067627,0.011685,1.915523388,1.52122,8.75938826,4.248390422,4.510997838
052_230℃_160_1.0mm.csv,1,160,1.490195,0.300264972,1.501955,0.300248386,0.01176,1.921148232,1.52173,8.967630111,4.413649434,4.553980677
053_230℃_160_1.0mm.csv,1,160,1.48998,0.300095445,1.50237,0.300092773,0.01239,2.015028858,1.522435,9.254695199,4.608232579,4.64646262
054_230℃_160_1.0mm.csv,1,160,1.49022,0.300105564,1.502055,0.300044091,0.011835,1.944606705,1.52175,8.995064552,4.423765429,4.571299123
055_230℃_160_1.0mm.csv,1,160,1.4901,0.300263614,1.501995,0.300104677,0.011895,1.929269389,1.52273,9.400545114,4.756261607,4.644283506
061_230℃_200_1.0mm.csv,1,200,1.49091,0.300145261,1.500805,0.300190079,0.009895,1.682004551,1.512005,5.558033585,2.102078659,3.455954926
062_230℃_200_1.0mm.csv,1,200,1.49092,0.300178535,1.500355,0.300313235,0.009435,1.579187487,1.51162,5.392358251,2.033340197,3.359018055
063_230℃_200_1.0mm.csv,1,200,1.49092,0.300120319,1.50021,0.300199104,0.00929,1.546820614,1.5124,5.743423165,2.254034421,3.489388744
064_230℃_200_1.0mm.csv,1,200,1.49085,0.300090576,1.50054,0.300132119,0.00969,1.620677923,1.51208,5.587438457,2.135037203,3.452401255
065_230℃_200_1.0mm.csv,1,200,1.49075,0.300173872,1.500965,0.30007217,0.010215,1.718426924,1.51127,5.222003258,1.887423485,3.334579772
071_230℃_240_1.0mm.csv,1,240,1.49121,0.300240838,1.50007,0.300165128,0.00886,1.515953526,1.50543,3.069750798,0.896865176,2.172885622
072_230℃_240_1.0mm.csv,1,240,1.49119,0.300129452,1.500125,0.300110137,0.008935,1.529190808,1.50523,3.002301688,0.861328672,2.140973015
073_230℃_240_1.0mm.csv,1,240,1.491145,0.300245212,1.49989,0.300084703,0.008745,1.475696087,1.50571,3.173077689,0.948839734,2.224237956
074_230℃_240_1.0mm.csv,1,240,1.49125,0.300212881,1.499965,0.300180017,0.008715,1.492892556,1.50541,3.069586044,0.902065248,2.167520796
075_230℃_240_1.0mm.csv,1,240,1.491145,0.300168696,1.500115,0.300228532,0.00897,1.526533955,1.50635,3.407565996,1.047583413,2.359982583
021_190℃_010_1.5mm.csv,1.5,10,1.33557,0.300024766,1.57493,0.300005955,0.23936,2.172752461,2.77965,19.73753553,15.25090067,4.486634868
022_190℃_010_1.5mm.csv,1.5,10,1.33471,0.300015056,1.578355,0.30001487,0.243645,2.205179799,2.77982,19.70274195,15.2114108,4.491331148
023_190℃_010_1.5mm.csv,1.5,10,1.33432,0.300000115,1.58039,0.300010459,0.24607,2.220566253,2.77222,19.45202451,14.98799522,4.464029294
024_190℃_010_1.5mm.csv,1.5,10,1.334515,0.300003851,1.58033,0.300021678,0.245815,2.22010517,2.779805,19.57729879,15.10445179,4.472847003
025_190℃_010_1.5mm.csv,1.5,10,1.33519,0.300007557,1.576525,0.300000018,0.241335,2.186635305,2.77804,19.54395358,15.11031777,4.433635812
031_190℃_020_1.5mm.csv,1.5,20,1.424295,0.300039795,1.541225,0.300006698,0.11693,2.241531484,2.08027,16.15501484,12.48186269,3.673152157
032_190℃_020_1.5mm.csv,1.5,20,1.423255,0.300024061,1.540035,0.300037355,0.11678,2.214746442,2.098835,16.52057727,12.87066511,3.649912165
033_190℃_020_1.5mm.csv,1.5,20,1.42321,0.300060629,1.54147,0.300056492,0.11826,2.24287776,2.096045,16.40889146,12.75589347,3.652997984
034_190℃_020_1.5mm.csv,1.5,20,1.423425,0.30001621,1.540205,0.30005485,0.11678,2.219524854,2.09644,16.41147066,12.77870622,3.632764437
035_190℃_020_1.5mm.csv,1.5,20,1.422925,0.300046391,1.539435,0.300036817,0.11651,2.206051805,2.097445,16.41311539,12.79241575,3.620699639
041_190℃_040_1.5mm.csv,1.5,40,1.465685,0.300100055,1.522955,0.300011052,0.05727,2.392776969,1.76316,14.29805482,10.99516754,3.302887275
042_190℃_040_1.5mm.csv,1.5,40,1.46567,0.300037316,1.52346,0.300095978,0.05779,2.412138198,1.75644,13.90117186,10.60608289,3.295088975
043_190℃_040_1.5mm.csv,1.5,40,1.465545,0.300097362,1.52443,0.300129912,0.058885,2.451010073,1.76727,14.49052001,11.13597561,3.354544407
044_190℃_040_1.5mm.csv,1.5,40,1.465525,0.300093425,1.52349,0.300062651,0.057965,2.413384552,1.775665,14.77537215,11.46444589,3.310926255
045_190℃_040_1.5mm.csv,1.5,40,1.465505,0.300047201,1.52341,0.300090719,0.057905,2.411582816,1.773245,14.65891695,11.35570342,3.303213525
051_190℃_080_1.5mm.csv,1.5,80,1.48174,0.300114663,1.510875,0.300020144,0.029135,2.466313076,1.627575,14.64004738,11.29929488,3.340752501
052_190℃_080_1.5mm.csv,1.5,80,1.48187,0.300099122,1.51099,0.300180373,0.02912,2.476444491,1.625505,14.40950937,11.07796882,3.331540548
053_190℃_080_1.5mm.csv,1.5,80,1.48175,0.300032937,1.510985,0.300201349,0.029235,2.476143516,1.627665,14.63231195,11.28603821,3.346273743
054_190℃_080_1.5mm.csv,1.5,80,1.482055,0.30011688,1.51036,0.30019185,0.028305,2.421639608,1.626065,14.46196425,11.16121064,3.300753612
055_190℃_080_1.5mm.csv,1.5,80,1.481885,0.300109921,1.510965,0.300000209,0.02908,2.477876348,1.626085,14.46636045,11.13265548,3.333704969
061_190℃_120_1.5mm.csv,1.5,120,1.485805,0.300200898,1.505445,0.300194037,0.01964,2.217336241,1.55856,10.68934506,7.468840092,3.220504965
062_190℃_120_1.5mm.csv,1.5,120,1.485795,0.300008903,1.505755,0.30000149,0.01996,2.262171782,1.55652,10.34996125,7.123993473,3.225967777
063_190℃_120_1.5mm.csv,1.5,120,1.485795,0.300185522,1.50535,0.300088694,0.019555,2.204261416,1.55846,10.66788534,7.455312921,3.212572422
064_190℃_120_1.5mm.csv,1.5,120,1.485795,0.30009369,1.50584,0.300192618,0.020045,2.272686819,1.55392,9.909890962,6.709933867,3.199957095
065_190℃_120_1.5mm.csv,1.5,120,1.485785,0.300030885,1.505675,0.300048982,0.01989,2.249540842,1.55132,9.467779623,6.297196987,3.170582636
071_190℃_160_1.5mm.csv,1.5,160,1.4877,0.300103826,1.502565,0.300009564,0.014865,1.903719415,1.52873,7.329891508,4.182232303,3.147659205
072_190℃_160_1.5mm.csv,1.5,160,1.487585,0.300172381,1.502895,0.300234707,0.01531,1.957716602,1.529595,7.519006547,4.334847435,3.184159112
073_190℃_160_1.5mm.csv,1.5,160,1.48762,0.300030397,1.50284,0.300117385,0.01522,1.949364838,1.53131,7.898740008,4.702293353,3.196446655
074_190℃_160_1.5mm.csv,1.5,160,1.487805,0.300205985,1.5027,0.30011024,0.014895,1.927301809,1.529675,7.544190748,4.38010391,3.164086838
075_190℃_160_1.5mm.csv,1.5,160,1.487795,0.300143912,1.502795,0.300102733,0.015,1.943019231,1.53159,7.963391033,4.772850488,3.190540545
081_190℃_200_1.5mm.csv,1.5,200,1.48873,0.300216211,1.501485,0.300018898,0.012755,1.760575698,1.517665,5.633278616,2.613603002,3.019675614
082_190℃_200_1.5mm.csv,1.5,200,1.48885,0.30008637,1.50131,0.300046151,0.01246,1.729109801,1.518115,5.757890823,2.728244389,3.029646434
083_190℃_200_1.5mm.csv,1.5,200,1.48875,0.300055951,1.501315,0.300083062,0.012565,1.729531693,1.51796,5.710172958,2.686565448,3.02360751
084_190℃_200_1.5mm.csv,1.5,200,1.48881,0.300232853,1.50134,0.300135341,0.01253,1.734525629,1.51737,5.558026384,2.564838085,2.9931883
085_190℃_200_1.5mm.csv,1.5,200,1.48879,0.30024111,1.501405,0.300012158,0.012615,1.746580798,1.518415,5.837935105,2.78974276,3.048192345
091_190℃_240_1.5mm.csv,1.5,240,1.489375,0.300032289,1.5002,0.300265039,0.010825,1.536575008,1.50972,3.793319133,1.388837292,2.404481841
092_190℃_240_1.5mm.csv,1.5,240,1.48949,0.300072873,1.49999,0.300150131,0.0105,1.498351531,1.509965,3.870152053,1.448277701,2.421874351
093_190℃_240_1.5mm.csv,1.5,240,1.48941,0.300263018,1.50024,0.300171736,0.01083,1.543870194,1.510195,3.934184461,1.468954435,2.465230027
094_190℃_240_1.5mm.csv,1.5,240,1.48942,0.300244285,1.500185,0.300064678,0.010765,1.533913838,1.510075,3.896223406,1.446033399,2.450190007
095_190℃_240_1.5mm.csv,1.5,240,1.489455,0.300104536,1.50014,0.300242793,0.010685,1.52613382,1.509135,3.634153083,1.296362808,2.337790275
021_210℃_010_1.5mm.csv,1.5,10,1.31792,0.30002099,1.560085,0.300018704,0.242165,1.98704298,2.742545,16.78184653,13.16340271,3.618443815
022_210℃_010_1.5mm.csv,1.5,10,1.31787,0.30002056,1.563895,0.300006067,0.246025,2.01380677,2.747285,16.81311718,13.18487905,3.628238133
023_210℃_010_1.5mm.csv,1.5,10,1.31958,0.300016276,1.554465,0.300016442,0.234885,1.935683512,2.748415,16.83405979,13.24916216,3.584897629
024_210℃_010_1.5mm.csv,1.5,10,1.31797,0.300006006,1.55878,0.300020245,0.24081,1.971681082,2.752315,16.86805298,13.26745365,3.600599329
025_210℃_010_1.5mm.csv,1.5,10,1.31832,0.300016,1.55902,0.300013949,0.2407,1.976077483,2.75216,16.80643177,13.21637732,3.590054446
031_210℃_020_1.5mm.csv,1.5,20,1.413025,0.300051166,1.53065,0.300022055,0.117625,1.98803528,2.077795,14.19310626,11.08955358,3.103552686
032_210℃_020_1.5mm.csv,1.5,20,1.41319,0.300022867,1.531565,0.300019157,0.118375,2.002716031,2.072085,14.09123037,10.97025759,3.120972775
033_210℃_020_1.5mm.csv,1.5,20,1.41339,0.300030553,1.5308,0.300025306,0.11741,1.990124841,2.082975,14.30631435,11.19937893,3.106935415
034_210℃_020_1.5mm.csv,1.5,20,1.41362,0.300029153,1.52891,0.300045779,0.11529,1.959981994,2.0849,14.34974082,11.2621393,3.087601516
035_210℃_020_1.5mm.csv,1.5,20,1.413445,0.300032993,1.530475,0.300057833,0.11703,1.981840925,2.07553,14.17711699,11.07517068,3.101946312
041_210℃_040_1.5mm.csv,1.5,40,1.46177,0.300092711,1.52115,0.300110361,0.05938,2.229332367,1.768695,12.99162129,10.0327712,2.958850087
042_210℃_040_1.5mm.csv,1.5,40,1.46188,0.300079214,1.519305,0.300039295,0.057425,2.165670351,1.76327,12.87639543,9.948222688,2.928172742
043_210℃_040_1.5mm.csv,1.5,40,1.46208,0.300047657,1.51881,0.300085618,0.05673,2.147793333,1.75892,12.6808083,9.778085286,2.902723017
044_210℃_040_1.5mm.csv,1.5,40,1.46205,0.300086855,1.520295,0.300043015,0.058245,2.201806,1.76754,13.03883161,10.08912609,2.949705521
045_210℃_040_1.5mm.csv,1.5,40,1.46201,0.300068013,1.51972,0.300119005,0.05771,2.18053876,1.76263,12.85279096,9.915723013,2.937067951
051_210℃_080_1.5mm.csv,1.5,80,1.48069,0.300144091,1.50986,0.300029892,0.02917,2.289753199,1.618955,12.44277732,9.466222323,2.976554994
052_210℃_080_1.5mm.csv,1.5,80,1.48057,0.300112788,1.510205,0.300178075,0.029635,2.314190402,1.625525,13.07411504,10.05427246,3.019842575
053_210℃_080_1.5mm.csv,1.5,80,1.48067,0.300135511,1.509895,0.300120982,0.029225,2.292762362,1.6245,12.99411952,9.988344128,3.005775394
054_210℃_080_1.5mm.csv,1.5,80,1.48066,0.30012162,1.509515,0.300052273,0.028855,2.261196783,1.62652,13.1831652,10.18231001,3.000855187
055_210℃_080_1.5mm.csv,1.5,80,1.480705,0.300033198,1.50892,0.300053429,0.028215,2.213175953,1.62249,12.80018227,9.839456445,2.96072583
061_210℃_120_1.5mm.csv,1.5,120,1.485225,0.300149571,1.504885,0.300072218,0.01966,2.091438829,1.55663,9.508734799,6.609308649,2.89942615
062_210℃_120_1.5mm.csv,1.5,120,1.485225,0.300096605,1.504995,0.300095457,0.01977,2.105227906,1.55452,9.177412042,6.290799412,2.88661263
063_210℃_120_1.5mm.csv,1.5,120,1.48524,0.300073953,1.50468,0.30016349,0.01944,2.065461928,1.557755,9.67340434,6.776606851,2.896797489
064_210℃_120_1.5mm.csv,1.5,120,1.485245,0.300150653,1.504825,0.300237097,0.01958,2.08464677,1.55844,9.784030012,6.871462996,2.912567016
065_210℃_120_1.5mm.csv,1.5,120,1.485095,0.300074778,1.504975,0.300121031,0.01988,2.102051335,1.55701,9.572306457,6.657744475,2.914561982
071_210℃_160_1.5mm.csv,1.5,160,1.487335,0.300179798,1.50203,0.300238041,0.014695,1.798123611,1.53063,7.192889859,4.324299788,2.868590071
072_210℃_160_1.5mm.csv,1.5,160,1.487365,0.300232968,1.5019,0.30011577,0.014535,1.77916715,1.528365,6.745552766,3.91035343,2.835199336
073_210℃_160_1.5mm.csv,1.5,160,1.487075,0.300208371,1.50248,0.300205767,0.015405,1.865704891,1.530525,7.169980351,4.265799182,2.904181169
074_210℃_160_1.5mm.csv,1.5,160,1.48712,0.300037239,1.502465,0.300216798,0.015345,1.863728273,1.530605,7.187031566,4.286071863,2.900959703
075_210℃_160_1.5mm.csv,1.5,160,1.48715,0.300039442,1.502305,0.300041879,0.015155,1.840109386,1.52921,6.915181216,4.038677005,2.876504211
081_210℃_200_1.5mm.csv,1.5,200,1.4885,0.300216481,1.500785,0.300237249,0.012285,1.628854389,1.517385,5.246857027,2.509560268,2.737296759
082_210℃_200_1.5mm.csv,1.5,200,1.488515,0.300229563,1.500395,0.300102911,0.01188,1.564575988,1.51819,5.44773635,2.698376324,2.749360026
083_210℃_200_1.5mm.csv,1.5,200,1.48843,0.300123935,1.50061,0.300263459,0.01218,1.599971477,1.51819,5.447649854,2.680895102,2.766754752
084_210℃_200_1.5mm.csv,1.5,200,1.48852,0.30008296,1.50061,0.300258188,0.01209,1.600021853,1.51826,5.472130327,2.705782256,2.766348071
085_210℃_200_1.5mm.csv,1.5,200,1.488405,0.300039599,1.500775,0.300205271,0.01237,1.627282358,1.518595,5.550991099,2.758529236,2.792461863
091_210℃_240_1.5mm.csv,1.5,240,1.48925,0.300253915,1.49974,0.300065764,0.01049,1.455593313,1.50932,3.556302866,1.337363142,2.218939724
092_210℃_240_1.5mm.csv,1.5,240,1.4891,0.300233873,1.49977,0.300003061,0.01067,1.460994576,1.509845,3.687138866,1.41048122,2.276657646
093_210℃_240_1.5mm.csv,1.5,240,1.4892,0.300215629,1.499665,0.300239648,0.010465,1.442812902,1.509545,3.615578006,1.37259499,2.242983016
094_210℃_240_1.5mm.csv,1.5,240,1.489055,0.300028752,1.499875,0.300101537,0.01082,1.478756353,1.509235,3.530695505,1.303258056,2.227437449
095_210℃_240_1.5mm.csv,1.5,240,1.489105,0.300025958,1.499945,0.300270254,0.01084,1.490767627,1.50907,3.492129574,1.281682333,2.210447241
021_230℃_010_1.5mm.csv,1.5,10,1.298105,0.300005303,1.53902,0.300012043,0.240915,1.784945135,2.702235,14.42039185,11.46100309,2.959388758
022_230℃_010_1.5mm.csv,1.5,10,1.297195,0.300002892,1.54476,0.300007227,0.247565,1.823046752,2.7089,14.48847589,11.50190334,2.986572551
023_230℃_010_1.5mm.csv,1.5,10,1.29915,0.30000031,1.538575,0.300018322,0.239425,1.779119235,2.707365,14.42591682,11.48109197,2.944824851
024_230℃_010_1.5mm.csv,1.5,10,1.296425,0.300001687,1.549615,0.300005234,0.25319,1.859824387,2.724085,14.61478314,11.60936133,3.005421809
025_230℃_010_1.5mm.csv,1.5,10,1.298655,0.300011528,1.54146,0.300008913,0.242805,1.804564,2.7096,14.3840374,11.44827634,2.935761066
031_230℃_020_1.5mm.csv,1.5,20,1.401395,0.300022731,1.5225,0.300031541,0.121105,1.815542852,2.06092,12.39191045,9.712240877,2.67966957
032_230℃_020_1.5mm.csv,1.5,20,1.402025,0.300012661,1.51934,0.300019244,0.117315,1.770709962,2.06,12.38293908,9.736094395,2.646844688
033_230℃_020_1.5mm.csv,1.5,20,1.401625,0.300001616,1.52164,0.300028726,0.120015,1.803234219,2.057795,12.38118693,9.700840563,2.680346365
034_230℃_020_1.5mm.csv,1.5,20,1.401715,0.300036811,1.521795,0.300011688,0.12008,1.807343206,2.066425,12.50418827,9.828643764,2.675544509
035_230℃_020_1.5mm.csv,1.5,20,1.40183,0.300023571,1.52135,0.300029086,0.11952,1.802780113,2.06881,12.56790672,9.893996776,2.673909947
041_230℃_040_1.5mm.csv,1.5,40,1.457475,0.300054012,1.515255,0.300098687,0.05778,1.967968625,1.76046,11.43116041,8.876328946,2.554831465
042_230℃_040_1.5mm.csv,1.5,40,1.457945,0.300111581,1.51502,0.300034947,0.057075,1.959278825,1.762095,11.50836997,8.956301563,2.552068408
043_230℃_040_1.5mm.csv,1.5,40,1.457635,0.300059811,1.515165,0.300013725,0.05753,1.9635013,1.76553,11.66083128,9.09207656,2.568754717
044_230℃_040_1.5mm.csv,1.5,40,1.457875,0.30004573,1.51546,0.300056915,0.057585,1.974747044,1.752295,11.23056385,8.651050273,2.57951358
045_230℃_040_1.5mm.csv,1.5,40,1.45753,0.300003149,1.51567,0.300036011,0.05814,1.981588292,1.75618,11.38569842,8.79567414,2.590024283
051_230℃_080_1.5mm.csv,1.5,80,1.47919,0.300014794,1.50854,0.300132825,0.02935,2.114439042,1.61516,10.9906752,8.338005397,2.652669799
052_230℃_080_1.5mm.csv,1.5,80,1.479115,0.300072051,1.508705,0.300115477,0.02959,2.125336531,1.6188,11.30904016,8.633886082,2.675154074
053_230℃_080_1.5mm.csv,1.5,80,1.479235,0.300009489,1.508265,0.300000373,0.02903,2.094011365,1.62353,11.71716881,9.045696956,2.671471851
054_230℃_080_1.5mm.csv,1.5,80,1.479205,0.300015623,1.508125,0.300118804,0.02892,2.084414261,1.62463,11.81579707,9.143261507,2.672535567
055_230℃_080_1.5mm.csv,1.5,80,1.479445,0.300045044,1.508395,0.300038253,0.02895,2.103822675,1.623095,11.69068205,9.019509201,2.67117285
061_230℃_120_1.5mm.csv,1.5,120,1.484535,0.300040149,1.50378,0.300037854,0.019245,1.918600647,1.55445,8.440850216,5.861177405,2.579672811
062_230℃_120_1.5mm.csv,1.5,120,1.48464,0.300142175,1.503955,0.300007006,0.019315,1.938496657,1.55632,8.687356484,6.092847868,2.594508616
063_230℃_120_1.5mm.csv,1.5,120,1.48457,0.300001404,1.503865,0.300169277,0.019295,1.929146563,1.557105,8.805582879,6.206176959,2.599405919
064_230℃_120_1.5mm.csv,1.5,120,1.484625,0.300055414,1.50341,0.300101517,0.018785,1.87687112,1.55521,8.546810065,5.983605743,2.563204321
065_230℃_120_1.5mm.csv,1.5,120,1.48441,0.300160603,1.503915,0.300067661,0.019505,1.932845404,1.558315,8.957624207,6.343654761,2.613969447
071_230℃_160_1.5mm.csv,1.5,160,1.486715,0.30009808,1.50156,0.300210228,0.014845,1.714029286,1.52856,6.309149798,3.736863214,2.572286584
072_230℃_160_1.5mm.csv,1.5,160,1.486795,0.300191451,1.501475,0.300043846,0.01468,1.701948685,1.529025,6.386491193,3.816607084,2.569884109
073_230℃_160_1.5mm.csv,1.5,160,1.486665,0.300179691,1.502005,0.300002406,0.01534,1.776385374,1.52812,6.226991617,3.630700038,2.596291579
074_230℃_160_1.5mm.csv,1.5,160,1.48663,0.300126345,1.50232,0.300174752,0.01569,1.822020094,1.52833,6.263636947,3.644208831,2.619428116
075_230℃_160_1.5mm.csv,1.5,160,1.486565,0.300047641,1.502065,0.300072304,0.0155,1.78453382,1.52866,6.32144361,3.710303424,2.611140186
081_230℃_200_1.5mm.csv,1.5,200,1.48805,0.300152086,1.500605,0.300245248,0.012555,1.593966662,1.514705,4.357379712,1.945808374,2.411571338
082_230℃_200_1.5mm.csv,1.5,200,1.4879,0.300243787,1.500525,0.300182535,0.012625,1.581729287,1.51615,4.667695158,2.192925344,2.474769814
083_230℃_200_1.5mm.csv,1.5,200,1.48795,0.300068873,1.50036,0.300261484,0.01241,1.555992499,1.516695,4.796312754,2.31055081,2.485761943
084_230℃_200_1.5mm.csv,1.5,200,1.487955,0.300011232,1.50056,0.300045023,0.012605,1.586682382,1.51616,4.679057839,2.201562199,2.47749564
085_230℃_200_1.5mm.csv,1.5,200,1.487875,0.300233295,1.50054,0.300006874,0.012665,1.583591939,1.516475,4.744950371,2.254198952,2.490751419
091_230℃_240_1.5mm.csv,1.5,240,1.488665,0.300065906,1.499625,0.3001195,0.01096,1.438963778,1.506785,2.826793804,0.95610627,1.870687534
092_230℃_240_1.5mm.csv,1.5,240,1.48874,0.300222895,1.499875,0.300099541,0.011135,1.47943755,1.50732,2.949604735,1.017861132,1.931743603
093_230℃_240_1.5mm.csv,1.5,240,1.488805,0.300238027,1.49967,0.300185759,0.010865,1.446344754,1.508365,3.19681652,1.176359779,2.020456741
094_230℃_240_1.5mm.csv,1.5,240,1.48878,0.300228242,1.49939,0.300109954,0.01061,1.400958922,1.508465,3.215834318,1.20240383,2.013430488
095_230℃_240_1.5mm.csv,1.5,240,1.48884,0.300231878,1.49951,0.300282468,0.01067,1.420258488,1.507795,3.062456079,1.107188987,1.955267092
021_190℃_010_2.0mm.csv,2,10,1.18756,0.300018173,1.49202,0.30000205,0.30446,1.465682,2.80864,9.450440697,7.385702958,2.064737739
022_190℃_010_2.0mm.csv,2,10,1.18622,0.300034169,1.47992,0.300047956,0.2937,1.413767939,2.81482,9.486520382,7.470908214,2.015612168
023_190℃_010_2.0mm.csv,2,10,1.18302,0.300025084,1.52112,0.300019651,0.3381,1.593786414,2.8276,9.537184898,7.379479528,2.15770537
024_190℃_010_2.0mm.csv,2,10,1.18654,0.300056107,1.48032,0.300041278,0.29378,1.412823901,2.82214,9.514167184,7.476966819,2.037200365
025_190℃_010_2.0mm.csv,2,10,1.185,0.300017115,1.48408,0.30001664,0.29908,1.430345577,2.81344,9.443429867,7.436506788,2.006923078
031_190℃_020_2.0mm.csv,2,20,1.347235,0.300031903,1.495745,0.300007214,0.14851,1.463758884,2.130185,8.608442352,6.73320994,1.875232412
032_190℃_020_2.0mm.csv,2,20,1.347295,0.300024687,1.49391,0.300005805,0.146615,1.447147531,2.127365,8.56430697,6.710157704,1.854149266
033_190℃_020_2.0mm.csv,2,20,1.346935,0.300009867,1.501875,0.300022123,0.15494,1.516295626,2.11949,8.498957715,6.57764265,1.921315065
034_190℃_020_2.0mm.csv,2,20,1.346695,0.300005577,1.502,0.30001549,0.155305,1.51764043,2.119475,8.517869233,6.592716236,1.925152997
035_190℃_020_2.0mm.csv,2,20,1.34617,0.300015044,1.501335,0.300029224,0.155165,1.511762689,2.12917,8.563705931,6.658146112,1.905559819
041_190℃_040_2.0mm.csv,2,40,1.434425,0.300006744,1.510265,0.300059093,0.07584,1.695658497,1.794945,8.247916246,6.329961488,1.917954758
042_190℃_040_2.0mm.csv,2,40,1.43414,0.30008087,1.506865,0.300006957,0.072725,1.62985288,1.784645,7.995418556,6.146130067,1.849288488
043_190℃_040_2.0mm.csv,2,40,1.43423,0.300071733,1.506155,0.300030019,0.071925,1.615948265,1.791995,8.185477741,6.33038184,1.855095901
044_190℃_040_2.0mm.csv,2,40,1.434155,0.300021278,1.508735,0.300074572,0.07458,1.665311514,1.792315,8.192067379,6.294356766,1.897710613
045_190℃_040_2.0mm.csv,2,40,1.434135,0.300006603,1.506565,0.300038362,0.07243,1.624542221,1.791625,8.170812453,6.311376534,1.859435919
051_190℃_080_2.0mm.csv,2,80,1.47061,0.300009636,1.50783,0.300147752,0.03722,1.851118188,1.63007,7.925054122,5.975792032,1.94926209
052_190℃_080_2.0mm.csv,2,80,1.470705,0.300056827,1.507805,0.300084788,0.0371,1.848157597,1.626665,7.746215089,5.805951062,1.940264027
053_190℃_080_2.0mm.csv,2,80,1.47076,0.300094531,1.506325,0.300074114,0.035565,1.781165639,1.62669,7.751887423,5.861818115,1.890069308
054_190℃_080_2.0mm.csv,2,80,1.470875,0.300015518,1.50782,0.300150756,0.036945,1.847959422,1.63133,7.988958542,6.041063772,1.94789477
055_190℃_080_2.0mm.csv,2,80,1.470745,0.300008389,1.508145,0.300132724,0.0374,1.863955635,1.631975,8.01738734,6.049005717,1.968381624
061_190℃_120_2.0mm.csv,2,120,1.47995,0.300176768,1.50436,0.300083252,0.02441,1.823116192,1.565825,6.668803438,4.71034657,1.958456868
062_190℃_120_2.0mm.csv,2,120,1.48002,0.300150171,1.504315,0.300054302,0.024295,1.818607017,1.56201,6.3623345,4.418858475,1.943476025
063_190℃_120_2.0mm.csv,2,120,1.47973,0.300157077,1.50494,0.300129566,0.02521,1.865661424,1.56808,6.852306616,4.856154638,1.996151979
064_190℃_120_2.0mm.csv,2,120,1.47967,0.300058532,1.50467,0.300126863,0.025,1.844713112,1.56645,6.722291757,4.742009643,1.980282114
065_190℃_120_2.0mm.csv,2,120,1.47967,0.300098454,1.505005,0.300133589,0.025335,1.870802254,1.56711,6.773411342,4.778497794,1.994913548
071_190℃_160_2.0mm.csv,2,160,1.48337,0.300186407,1.501925,0.300104359,0.018555,1.691268382,1.540275,5.863709159,3.853008763,2.010700396
072_190℃_160_2.0mm.csv,2,160,1.483695,0.300164615,1.5019,0.300152688,0.018205,1.689526016,1.534605,5.243055034,3.25926403,1.983791004
073_190℃_160_2.0mm.csv,2,160,1.483435,0.300051214,1.501735,0.300056537,0.0183,1.672394873,1.53939,5.765941564,3.764591583,2.001349981
074_190℃_160_2.0mm.csv,2,160,1.483535,0.300079567,1.50209,0.300148541,0.018555,1.70859974,1.540075,5.846184576,3.828222453,2.017962123
075_190℃_160_2.0mm.csv,2,160,1.483485,0.300008781,1.502205,0.300197511,0.01872,1.720178749,1.540125,5.849285702,3.823192478,2.026093224
081_190℃_200_2.0mm.csv,2,200,1.48541,0.300158617,1.500265,0.300006993,0.014855,1.531303909,1.5231,4.634255838,2.595083052,2.039172787
082_190℃_200_2.0mm.csv,2,200,1.485255,0.300037161,1.501145,0.300137782,0.01589,1.636762698,1.522535,4.560105042,2.478691273,2.081413769
083_190℃_200_2.0mm.csv,2,200,1.48536,0.300165347,1.50108,0.300114357,0.01572,1.628928743,1.52315,4.64039908,2.558555488,2.081843592
084_190℃_200_2.0mm.csv,2,200,1.485485,0.300159497,1.501465,0.300072235,0.01598,1.676218914,1.523125,4.644461187,2.547669251,2.096791936
085_190℃_200_2.0mm.csv,2,200,1.485355,0.30019605,1.500465,0.30010323,0.01511,1.55511804,1.523885,4.750590449,2.692278489,2.05831196
091_190℃_240_2.0mm.csv,2,240,1.486625,0.30009742,1.49963,0.300159023,0.013005,1.451596406,1.51312,3.52537295,1.573166998,1.952205952
092_190℃_240_2.0mm.csv,2,240,1.48655,0.300205282,1.500225,0.300190173,0.013675,1.530265435,1.514785,3.799720646,1.75213506,2.047585586
093_190℃_240_2.0mm.csv,2,240,1.48659,0.30006756,1.499505,0.300140419,0.012915,1.435547036,1.514635,3.775755746,1.775258759,2.000496987
094_190℃_240_2.0mm.csv,2,240,1.486525,0.300169133,1.49996,0.300042499,0.013435,1.495126063,1.51462,3.774063863,1.743178141,2.030885723
095_190℃_240_2.0mm.csv,2,240,1.486745,0.300197159,1.49854,0.300100981,0.011795,1.312115893,1.51309,3.519608004,1.618395726,1.901212278
021_210℃_010_2.0mm.csv,2,10,1.15142,0.300018876,1.47714,0.300022383,0.32572,1.411217366,2.7492,8.16956677,6.37159285,1.79797392
022_210℃_010_2.0mm.csv,2,10,1.15206,0.300032279,1.46236,0.30002278,0.3103,1.352441422,2.78088,8.356105851,6.57800697,1.778098882
023_210℃_010_2.0mm.csv,2,10,1.1513,0.300000756,1.471,0.300040784,0.3197,1.388028483,2.77784,8.330436584,6.544109846,1.786326739
024_210℃_010_2.0mm.csv,2,10,1.15312,0.300009715,1.44236,0.300032851,0.28924,1.274408975,2.77242,8.293815476,6.57772468,1.716090796
025_210℃_010_2.0mm.csv,2,10,1.15134,0.300017978,1.46786,0.300026154,0.31652,1.372821941,2.7747,8.295581193,6.505279051,1.790302142
031_210℃_020_2.0mm.csv,2,20,1.32667,0.300003057,1.475085,0.300020319,0.148415,1.306694307,2.10248,7.514580661,5.889612307,1.624968354
032_210℃_020_2.0mm.csv,2,20,1.32583,0.300005321,1.479105,0.300014806,0.153275,1.337634164,2.11159,7.609966572,5.95139441,1.658572162
033_210℃_020_2.0mm.csv,2,20,1.32653,0.300020261,1.481605,0.300002924,0.155075,1.358126736,2.114135,7.636793113,5.969312875,1.667480238
034_210℃_020_2.0mm.csv,2,20,1.325845,0.300002412,1.476235,0.300005704,0.15039,1.316226844,2.11004,7.59713881,5.963366709,1.633772101
035_210℃_020_2.0mm.csv,2,20,1.32617,0.300002167,1.47662,0.300003033,0.15045,1.318928716,2.108725,7.592776629,5.949337781,1.643438848
041_210℃_040_2.0mm.csv,2,40,1.42496,0.300004145,1.49993,0.300066721,0.07497,1.498866432,1.790825,7.31101221,5.662507569,1.648504641
042_210℃_040_2.0mm.csv,2,40,1.42509,0.300053658,1.499465,0.300012434,0.074375,1.491052745,1.783395,7.265920887,5.600673205,1.665247682
043_210℃_040_2.0mm.csv,2,40,1.425395,0.300014435,1.4999,0.300057238,0.074505,1.498347679,1.787965,7.354286211,5.681336969,1.672949243
044_210℃_040_2.0mm.csv,2,40,1.42518,0.300064001,1.49861,0.300033474,0.07343,1.476791889,1.789725,7.384000702,5.731766394,1.652234308
045_210℃_040_2.0mm.csv,2,40,1.425445,0.300056577,1.498175,0.300043376,0.07273,1.469317271,1.78548,7.311439263,5.662733678,1.648705585
051_210℃_080_2.0mm.csv,2,80,1.467695,0.300084068,1.505035,0.30001672,0.03734,1.700324369,1.625785,7.03457006,5.293308374,1.741261686
052_210℃_080_2.0mm.csv,2,80,1.46771,0.300025012,1.506095,0.30015197,0.038385,1.742504914,1.62991,7.2243422,5.440487337,1.783854863
053_210℃_080_2.0mm.csv,2,80,1.46792,0.300037526,1.503825,0.300044851,0.035905,1.652354759,1.62179,6.868136333,5.167314977,1.700821355
054_210℃_080_2.0mm.csv,2,80,1.467745,0.300130076,1.50493,0.300036603,0.037185,1.695635859,1.63069,7.265994478,5.514781468,1.751213011
055_210℃_080_2.0mm.csv,2,80,1.467755,0.300045603,1.50481,0.300128742,0.037055,1.689908533,1.630965,7.270722625,5.52131437,1.749408255
061_210℃_120_2.0mm.csv,2,120,1.478305,0.300145953,1.503455,0.300002502,0.02515,1.729033441,1.56408,6.004751815,4.216113645,1.78863817
062_210℃_120_2.0mm.csv,2,120,1.478165,0.300107429,1.50391,0.300057854,0.025745,1.759679451,1.56481,6.063336754,4.248814581,1.814522173
063_210℃_120_2.0mm.csv,2,120,1.47823,0.300101864,1.502385,0.300083437,0.024155,1.658670856,1.560315,5.73663221,3.993769361,1.742862849
064_210℃_120_2.0mm.csv,2,120,1.47831,0.300132552,1.502725,0.300169536,0.024415,1.680928643,1.56159,5.828791649,4.069972594,1.758819055
065_210℃_120_2.0mm.csv,2,120,1.4784,0.30006384,1.503505,0.300008339,0.025105,1.732107061,1.56528,6.10101022,4.304022085,1.796988136
071_210℃_160_2.0mm.csv,2,160,1.482555,0.300064641,1.50051,0.300000392,0.017955,1.546552487,1.53811,5.227471428,3.432620093,1.794851334
072_210℃_160_2.0mm.csv,2,160,1.482495,0.300016145,1.501215,0.300099023,0.01872,1.610683079,1.5399,5.402992952,3.576790143,1.82620281
073_210℃_160_2.0mm.csv,2,160,1.482535,0.300100308,1.501315,0.300081609,0.01878,1.62016903,1.53903,5.3210442,3.489791737,1.831252462
074_210℃_160_2.0mm.csv,2,160,1.482275,0.300030383,1.50235,0.300019109,0.020075,1.714529329,1.538675,5.285401216,3.402278545,1.883122671
075_210℃_160_2.0mm.csv,2,160,1.482495,0.300085772,1.50102,0.300201777,0.018525,1.59309142,1.54042,5.458856855,3.631855115,1.827001739
081_210℃_200_2.0mm.csv,2,200,1.48479,0.300100234,1.50068,0.300181141,0.01589,1.57525667,1.523115,4.352627758,2.458669513,1.893958245
082_210℃_200_2.0mm.csv,2,200,1.484855,0.300001302,1.49976,0.300220467,0.014905,1.473786029,1.52356,4.408806692,2.551140537,1.857666155
083_210℃_200_2.0mm.csv,2,200,1.48482,0.300193951,1.500085,0.300112281,0.015265,1.50982504,1.52433,4.508135971,2.628297456,1.879838515
084_210℃_200_2.0mm.csv,2,200,1.484665,0.300088553,1.49999,0.300091771,0.015325,1.499050087,1.523865,4.44520182,2.568442822,1.876758998
085_210℃_200_2.0mm.csv,2,200,1.48466,0.300183486,1.50009,0.300038634,0.01543,1.510104512,1.52387,4.451128181,2.568698018,1.882430162
091_210℃_240_2.0mm.csv,2,240,1.486215,0.300163564,1.49849,0.300020919,0.012275,1.31629969,1.51278,3.311267684,1.548055155,1.763212529
092_210℃_240_2.0mm.csv,2,240,1.485955,0.300005217,1.499665,0.30025798,0.01371,1.458973684,1.514005,3.497596791,1.63368808,1.863908711
093_210℃_240_2.0mm.csv,2,240,1.48605,0.300146795,1.499985,0.300179868,0.013935,1.498346284,1.51417,3.524335851,1.634001578,1.890334273
094_210℃_240_2.0mm.csv,2,240,1.48607,0.300057851,1.49961,0.300044747,0.01354,1.451802679,1.514565,3.58675246,1.714615211,1.872137249
095_210℃_240_2.0mm.csv,2,240,1.48599,0.300061177,1.498875,0.300052427,0.012885,1.363139441,1.513655,3.444506772,1.637088135,1.807418637
021_230℃_010_2.0mm.csv,2,10,1.11706,0.3000112,1.4279,0.300003288,0.31084,1.240699585,2.5795,6.503912875,5.025056139,1.478856736
022_230℃_010_2.0mm.csv,2,10,1.11952,0.300046601,1.42904,0.300013068,0.30952,1.247847039,2.58634,6.532605836,5.046770213,1.485835623
023_230℃_010_2.0mm.csv,2,10,1.11494,0.300018841,1.42354,0.300033632,0.3086,1.230268293,2.58992,6.53860572,5.063640578,1.474965143
024_230℃_010_2.0mm.csv,2,10,1.11654,0.300037598,1.41076,0.30002727,0.29422,1.185798189,2.58982,6.529384288,5.081471221,1.447913067
025_230℃_010_2.0mm.csv,2,10,1.1124,0.300024584,1.4333,0.300006465,0.3209,1.259458824,2.58798,6.54761884,5.034402171,1.513216669
031_230℃_020_2.0mm.csv,2,20,1.30343,0.300019234,1.461085,0.30002279,0.157655,1.229759503,2.06331,6.492724347,5.009587728,1.483136619
032_230℃_020_2.0mm.csv,2,20,1.302275,0.300020148,1.460435,0.300006544,0.15816,1.227808613,2.070435,6.545653156,5.071943155,1.473710002
033_230℃_020_2.0mm.csv,2,20,1.30311,0.300014096,1.462355,0.300006322,0.159245,1.238137851,2.065155,6.498436819,5.016309029,1.48212779
034_230℃_020_2.0mm.csv,2,20,1.30388,0.300013433,1.457785,0.300019149,0.153905,1.205411431,2.05676,6.429352699,4.973933762,1.455418937
035_230℃_020_2.0mm.csv,2,20,1.303145,0.300014405,1.457505,0.300011154,0.15436,1.205973007,2.070595,6.528181702,5.079977234,1.448204468
041_230℃_040_2.0mm.csv,2,40,1.414645,0.300060173,1.489085,0.300043407,0.07444,1.337298195,1.77815,6.437380691,4.9825473,1.454833391
042_230℃_040_2.0mm.csv,2,40,1.414295,0.300031957,1.488545,0.300051175,0.07425,1.330724292,1.76266,6.242133314,4.779160386,1.462972928
043_230℃_040_2.0mm.csv,2,40,1.414025,0.300029941,1.488775,0.300012534,0.07475,1.332551842,1.77743,6.418557281,4.967360214,1.451197067
044_230℃_040_2.0mm.csv,2,40,1.41408,0.300040656,1.491405,0.300035832,0.077325,1.372315735,1.775555,6.455061596,4.949568906,1.50549269
045_230℃_040_2.0mm.csv,2,40,1.414065,0.300057586,1.48796,0.300021377,0.073895,1.321220105,1.763815,6.258575777,4.79734068,1.461235096
051_230℃_080_2.0mm.csv,2,80,1.46416,0.300084993,1.500965,0.300079013,0.036805,1.534220274,1.61138,5.859450638,4.327639792,1.531810846
052_230℃_080_2.0mm.csv,2,80,1.464045,0.300105537,1.50211,0.300037667,0.038065,1.574599243,1.62563,6.43204556,4.843768015,1.588277545
053_230℃_080_2.0mm.csv,2,80,1.46416,0.300009896,1.500615,0.300073162,0.036455,1.521605191,1.616115,6.050464753,4.523523456,1.526941296
054_230℃_080_2.0mm.csv,2,80,1.464225,0.300025555,1.50066,0.300071964,0.036435,1.523473847,1.62473,6.402278426,4.853333037,1.548945389
055_230℃_080_2.0mm.csv,2,80,1.46422,0.300090751,1.500655,0.300027562,0.036435,1.523257361,1.623105,6.332297786,4.787173635,1.545124151
061_230℃_120_2.0mm.csv,2,120,1.47648,0.300109856,1.5012,0.300127514,0.02472,1.571507448,1.55603,5.017390726,3.440378673,1.577012053
062_230℃_120_2.0mm.csv,2,120,1.476515,0.300144419,1.502255,0.300125737,0.02574,1.634488009,1.56113,5.348872341,3.720243301,1.62862904
063_230℃_120_2.0mm.csv,2,120,1.4765,0.300159188,1.50196,0.300151658,0.02546,1.616635627,1.554615,4.924695601,3.328692531,1.59600307
064_230℃_120_2.0mm.csv,2,120,1.47657,0.300071318,1.50038,0.300105225,0.02381,1.522901,1.55993,5.275408523,3.718087389,1.557321134
065_230℃_120_2.0mm.csv,2,120,1.4765,0.300037055,1.50116,0.300021705,0.02466,1.568994386,1.558745,5.191899083,3.612294754,1.579604328
071_230℃_160_2.0mm.csv,2,160,1.48159,0.300033587,1.50029,0.300046134,0.0187,1.524253532,1.536685,4.719381519,3.077387262,1.641994257
072_230℃_160_2.0mm.csv,2,160,1.48153,0.300173699,1.499895,0.300106431,0.018365,1.491564194,1.536995,4.750130672,3.120797748,1.629332924
073_230℃_160_2.0mm.csv,2,160,1.48148,0.300001106,1.499455,0.300150847,0.017975,1.455196566,1.53664,4.716056808,3.101331765,1.614725044
074_230℃_160_2.0mm.csv,2,160,1.48127,0.300061572,1.500715,0.300039498,0.019445,1.559225153,1.53568,4.631037811,2.964645886,1.666391925
075_230℃_160_2.0mm.csv,2,160,1.48111,0.300085033,1.500955,0.300103652,0.019845,1.579087802,1.53542,4.611138419,2.928968448,1.682169971
081_230℃_200_2.0mm.csv,2,200,1.48382,0.300030797,1.49947,0.300020043,0.01565,1.446761865,1.519485,3.662422841,1.982624775,1.679798066
082_230℃_200_2.0mm.csv,2,200,1.48386,0.30019537,1.499635,0.300038162,0.015775,1.463241944,1.519925,3.715437893,2.022601454,1.692836438
083_230℃_200_2.0mm.csv,2,200,1.484045,0.30016881,1.498985,0.30019216,0.01494,1.39776478,1.521365,3.877809193,2.208449033,1.669360159
084_230℃_200_2.0mm.csv,2,200,1.48395,0.300198922,1.49974,0.300006802,0.01579,1.473618419,1.52154,3.897651101,2.1915698,1.706081301
085_230℃_200_2.0mm.csv,2,200,1.483885,0.300168826,1.49978,0.300016845,0.015895,1.477870407,1.52181,3.932058448,2.21744903,1.714609417
091_230℃_240_2.0mm.csv,2,240,1.485665,0.300157445,1.49807,0.300123064,0.012405,1.279433696,1.51095,2.908974907,1.335504466,1.573470441
092_230℃_240_2.0mm.csv,2,240,1.485315,0.300106202,1.499245,0.300121103,0.01393,1.413076073,1.512235,3.079568224,1.395831099,1.683737126
093_230℃_240_2.0mm.csv,2,240,1.485335,0.300182161,1.498505,0.300184261,0.01317,1.329805711,1.512905,3.169008098,1.514961772,1.654046326
094_230℃_240_2.0mm.csv,2,240,1.4853,0.300021433,1.498445,0.300069436,0.013145,1.322813216,1.51256,3.122583901,1.483497147,1.639086754
095_230℃_240_2.0mm.csv,2,240,1.48531,0.30008296,1.498615,0.300044869,0.013305,1.341752752,1.512155,3.070080236,1.417763963,1.652316273
