元ファイル,キャビ厚,射出速度[mm/s],CH03_立ち上がり時間(s),CH03_立ち上がり圧力(MPa),CH04_立ち上がり時間(s),CH04_立ち上がり圧力(MPa),立ち上がり時間差(s),CH03圧力@CH04立ち上がり時(MPa),V01横ばい終点時間(s),CH03圧力@V01横ばい終点(MPa),CH04圧力@V01横ばい終点(MPa),先行列-後発列圧力差@V01横ばい終点(MPa),温度,時間差ΔT34(s),圧力差ΔP34(Pa),流速V34(mm/s),流路断面積(mm²),流量Q34(mm³/s),樹脂粘度η34(Pa・s),せん断速度γ34(1/s),時間差ΔT34(s)_平均,時間差ΔT34(s)_標準偏差上,時間差ΔT34(s)_標準偏差下,流速V34(mm/s)_平均,流速V34(mm/s)_標準偏差上,流速V34(mm/s)_標準偏差下,流量Q34(mm³/s)_平均,流量Q34(mm³/s)_標準偏差上,流量Q34(mm³/s)_標準偏差下,圧力差ΔP34(Pa)_平均,圧力差ΔP34(Pa)_標準偏差上,圧力差ΔP34(Pa)_標準偏差下,せん断速度γ34(1/s)_幾何平均,せん断速度γ34(1/s)_幾何標準偏差上,せん断速度γ34(1/s)_幾何標準偏差下,樹脂粘度η34(Pa・s)_幾何平均,樹脂粘度η34(Pa・s)_幾何標準偏差上,樹脂粘度η34(Pa・s)_幾何標準偏差下,V01横ばい終点時間(s)_平均,V01横ばい終点時間(s)_標準偏差上,V01横ばい終点時間(s)_標準偏差下,CH03圧力@V01横ばい終点(MPa)_平均,CH03圧力@V01横ばい終点(MPa)_標準偏差上,CH03圧力@V01横ばい終点(MPa)_標準偏差下,CH04圧力@V01横ばい終点(MPa)_平均,CH04圧力@V01横ばい終点(MPa)_標準偏差上,CH04圧力@V01横ばい終点(MPa)_標準偏差下,先行列-後発列圧力差@V01横ばい終点(MPa)_平均,先行列-後発列圧力差@V01横ばい終点(MPa)_標準偏差上,先行列-後発列圧力差@V01横ばい終点(MPa)_標準偏差下,時間差ΔT34(s)_中央値からのずれ(%),流速V34(mm/s)_中央値からのずれ(%),流量Q34(mm³/s)_中央値からのずれ(%),圧力差ΔP34(Pa)_中央値からのずれ(%),せん断速度γ34(1/s)_中央値からのずれ(%),樹脂粘度η34(Pa・s)_中央値からのずれ(%),外れ値判定,V01横ばい終点時間(s)_中央値からのずれ(%),CH03圧力@V01横ばい終点(MPa)_中央値からのずれ(%),CH04圧力@V01横ばい終点(MPa)_中央値からのずれ(%),先行列-後発列圧力差@V01横ばい終点(MPa)_中央値からのずれ(%),追加列の外れ値判定
071_190℃_280_0.5mm.csv,0.5,280,1.066415,0.300330261,1.074765,0.300001819,0.00835,2.077875433,1.072175,1.231657458,0.140515355,1.091142103,190,0.00835000000000008,1777873.614,2095.808383233513,20.0,41916.167664670254,1.0098805902653158,25149.700598802152,0.008196666666666705,0.00016041612554026254,-0.00016041612554026254,2135.5609330194825,41.90400945241696,-41.90400945241696,42711.218660389655,838.0801890483409,-838.0801890483409,1768953.3499999999,46661.94828179793,-46661.94828179793,25623.447936406334,26130.55400801793,25126.18308621646,0.9860059078927956,1.028870940229094,0.9449267273337695,1.0730899999999999,0.0011136538959658176,-0.0011136538959658176,1.4157768536666666,0.16263234192397197,-0.16263234192397197,0.17220857066666664,0.027975666664944457,-0.027975666664944457,1.2435682833333332,0.13720551557317115,-0.13720551557317115,1.7052375152256776,-1.6766467065871606,-1.6766467065871606,0.0,-1.676646706587161,0.0,,-0.054998065745980575,-16.544853110256614,-23.065516832988596,-14.911681062301943,CH03圧力@V01横ばい終点(MPa)・CH04圧力@V01横ばい終点(MPa)・先行列-後発列圧力差@V01横ばい終点(MPa)
072_190℃_280_0.5mm.csv,0.5,280,1.067865,0.300034918,1.075895,0.300094633,0.00803,2.018569821,1.07433,1.475831634,0.193467478,1.282364156,190,0.008029999999999982,1718475.1879999998,2179.32752179328,20.0,43586.5504358656,0.9387316843292496,26151.930261519363,0.008196666666666705,0.00016041612554026254,-0.00016041612554026254,2135.5609330194825,41.90400945241696,-41.90400945241696,42711.218660389655,838.0801890483409,-838.0801890483409,1768953.3499999999,46661.94828179793,-46661.94828179793,25623.447936406334,26130.55400801793,25126.18308621646,0.9860059078927956,1.028870940229094,0.9449267273337695,1.0730899999999999,0.0011136538959658176,-0.0011136538959658176,1.4157768536666666,0.16263234192397197,-0.16263234192397197,0.17220857066666664,0.027975666664944457,-0.027975666664944457,1.2435682833333332,0.13720551557317115,-0.13720551557317115,-2.1924482338619717,2.2415940224168023,2.241594022416811,-3.3409813572946256,2.2415940224168165,-7.045279077734727,,0.14588469981776425,0.0,5.9266471593453085,0.0,
073_190℃_280_0.5mm.csv,0.5,280,1.066145,0.300388896,1.074355,0.300418402,0.00821,2.11092965,1.072765,1.539841469,0.182642879,1.357198591,190,0.00821000000000005,1810511.2480000001,2131.5468940316555,20.0,42630.93788063311,1.0111766902095303,25578.562728379864,0.008196666666666705,0.00016041612554026254,-0.00016041612554026254,2135.5609330194825,41.90400945241696,-41.90400945241696,42711.218660389655,838.0801890483409,-838.0801890483409,1768953.3499999999,46661.94828179793,-46661.94828179793,25623.447936406334,26130.55400801793,25126.18308621646,0.9860059078927956,1.028870940229094,0.9449267273337695,1.0730899999999999,0.0011136538959658176,-0.0011136538959658176,1.4157768536666666,0.16263234192397197,-0.16263234192397197,0.17220857066666664,0.027975666664944457,-0.027975666664944457,1.2435682833333332,0.13720551557317115,-0.13720551557317115,0.0,0.0,0.0,1.8357679501508188,0.0,0.12834190068688342,,0.0,4.337204429377342,0.0,5.835661785293994,
081_190℃_320_0.5mm.csv,0.5,320,1.05983,0.300138182,1.07357,0.30027019,0.01374,5.230423372,1.06608,1.417166086,0.024992308,1.392173778,190,0.013739999999999863,4930153.182,1273.6535662299982,20.0,25473.071324599965,4.608183994604035,15283.84279475998,0.013549999999999951,0.00026870057685076423,-0.00026870057685076423,1291.7669028754763,25.61612634386465,-25.61612634386465,25835.338057509525,512.3225268772917,-512.3225268772917,4746097.966,260293.3826927095,-260293.3826927095,15499.678833111682,15810.130476568973,15195.323295127282,4.371083900512615,4.710121902474444,4.0564501006403075,1.0661625,0.00011667261889599516,-0.00011667261889599516,1.390113196,0.03825856393938747,-0.03825856393938747,0.054014882,0.04104411776577676,-0.04104411776577676,1.3360983145,0.07930268099805751,-0.07930268099805751,2.8443113772441904,-2.765647743812429,-2.7656477438124223,8.068982518850794,-2.765647743812429,11.14280088390649,,0.0,0.0,-20.467497186387803,0.0,CH04圧力@V01横ばい終点(MPa)
082_190℃_320_0.5mm.csv,0.5,320,1.060085,0.300081213,1.073445,0.300066504,0.01336,4.862109254,1.066245,1.363060306,0.083037456,1.280022851,190,0.013360000000000039,4562042.75,1309.8802395209543,20.0,26197.604790419085,4.146183070748311,15718.562874251453,0.013549999999999951,0.00026870057685076423,-0.00026870057685076423,1291.7669028754763,25.61612634386465,-25.61612634386465,25835.338057509525,512.3225268772917,-512.3225268772917,4746097.966,260293.3826927095,-260293.3826927095,15499.678833111682,15810.130476568973,15195.323295127282,4.371083900512615,4.710121902474444,4.0564501006403075,1.0661625,0.00011667261889599516,-0.00011667261889599516,1.390113196,0.03825856393938747,-0.03825856393938747,0.054014882,0.04104411776577676,-0.04104411776577676,1.3360983145,0.07930268099805751,-0.07930268099805751,0.0,0.0,0.0,0.0,0.0,0.0,,0.015477262494389986,-3.8178856052585495,164.2483720573225,-8.05581377643216,CH04圧力@V01横ばい終点(MPa)
071_210℃_280_0.5mm.csv,0.5,280,1.065695,0.300071119,1.073335,0.300018459,0.00764,1.899183552,1.073675,2.028868938,0.330129318,1.69873962,210,0.007639999999999869,1599165.0929999999,2290.5759162304057,20.0,45811.518324608114,0.8311307013959041,27486.910994764872,0.0077733333333332615,0.0001154700538379766,-0.0001154700538379766,2251.620543505381,33.73634239376267,-33.73634239376267,45032.410870107626,674.7268478752565,-674.7268478752565,1622591.394,26973.073109795576,-26973.073109795576,27017.436127677902,27423.543104827175,26617.343066245456,0.8578811533629926,0.8835760758720633,0.8329334546196804,1.0735116666666666,0.0006749876542080718,-0.0006749876542080718,1.9384453113333333,0.09938180704034036,-0.09938180704034036,0.3040725973333333,0.028831771816138482,-0.028831771816138482,1.6343727140000002,0.07055151908193162,-0.07055151908193162,-2.551020408163034,2.6178010471201807,2.6178010471201807,-1.0741768236409488,2.6178010471201945,-3.5977947618158943,,0.0,3.8089859136939257,6.841365513856434,3.2395465265261456,
072_210℃_280_0.5mm.csv,0.5,280,1.065255,0.300133141,1.073095,0.300412761,0.00784,1.952492372,1.07277,1.832041837,0.273098303,1.558943534,210,0.007839999999999847,1652079.611,2232.1428571429005,20.0,44642.85714285801,0.8811091258666495,26785.714285714806,0.0077733333333332615,0.0001154700538379766,-0.0001154700538379766,2251.620543505381,33.73634239376267,-33.73634239376267,45032.410870107626,674.7268478752565,-674.7268478752565,1622591.394,26973.073109795576,-26973.073109795576,27017.436127677902,27423.543104827175,26617.343066245456,0.8578811533629926,0.8835760758720633,0.8329334546196804,1.0735116666666666,0.0006749876542080718,-0.0006749876542080718,1.9384453113333333,0.09938180704034036,-0.09938180704034036,0.3040725973333333,0.028831771816138482,-0.028831771816138482,1.6343727140000002,0.07055151908193162,-0.07055151908193162,0.0,0.0,0.0,2.1991639177519624,0.0,2.1991639177490447,,-0.0842899387617234,-6.261857684160107,-11.615860751764817,-5.256449184001436,CH04圧力@V01横ばい終点(MPa)
073_210℃_280_0.5mm.csv,0.5,280,1.06615,0.300174283,1.07399,0.300309047,0.00784,1.916838525,1.07409,1.954425159,0.308990171,1.645434988,210,0.00784000000000007,1616529.478,2232.1428571428373,20.0,44642.857142856745,0.862149054933341,26785.714285714046,0.0077733333333332615,0.0001154700538379766,-0.0001154700538379766,2251.620543505381,33.73634239376267,-33.73634239376267,45032.410870107626,674.7268478752565,-674.7268478752565,1622591.394,26973.073109795576,-26973.073109795576,27017.436127677902,27423.543104827175,26617.343066245456,0.8578811533629926,0.8835760758720633,0.8329334546196804,1.0735116666666666,0.0006749876542080718,-0.0006749876542080718,1.9384453113333333,0.09938180704034036,-0.09938180704034036,0.3040725973333333,0.028831771816138482,-0.028831771816138482,1.6343727140000002,0.07055151908193162,-0.07055151908193162,2.832201593431577e-12,-2.8318027034401344e-12,-2.835877239704077e-12,0.0,-2.8385935972133723e-12,0.0,,0.03865229236035618,0.0,0.0,0.0,
081_210℃_320_0.5mm.csv,0.5,320,1.058445,0.300334289,1.066025,0.30040612,0.00758,1.89293341,1.066645,2.134862941,0.360374317,1.774488624,210,0.00757999999999992,1592527.29,2308.7071240105784,20.0,46174.142480211565,0.8211807386530526,27704.48548812694,0.007544999999999987,0.00010688779163214858,-0.00010688779163214858,2319.7291541881,33.0697442862427,-33.0697442862427,46394.583083761994,661.3948857248567,-661.3948857248567,1585129.294,25699.69919337213,-25699.69919337213,27834.871937087737,28233.27747169948,27442.088384201932,0.8134656212514942,0.8386364950646042,0.7890502271870525,1.0668050000000002,0.00015524174696255526,-0.00015524174696255526,1.9996618496666667,0.12446766394244495,-0.12446766394244495,0.3283947653333333,0.03197902551298593,-0.03197902551298593,1.6712670843333335,0.09316222387047475,-0.09316222387047475,0.0,0.0,0.0,0.0,0.0,0.0,,-0.015935283999569137,8.13356558010883,9.738494597793967,7.813344467332432,
082_210℃_320_0.5mm.csv,0.5,320,1.05922,0.300030473,1.066645,0.30036866,0.007425,1.85691067,1.066955,1.974283313,0.328393713,1.6458896,210,0.007425000000000015,1556542.01,2356.902356902352,20.0,47138.04713804704,0.7862125458673486,28282.82828282822,0.007544999999999987,0.00010688779163214858,-0.00010688779163214858,2319.7291541881,33.0697442862427,-33.0697442862427,46394.583083761994,661.3948857248567,-661.3948857248567,1585129.294,25699.69919337213,-25699.69919337213,27834.871937087737,28233.27747169948,27442.088384201932,0.8134656212514942,0.8386364950646042,0.7890502271870525,1.0668050000000002,0.00015524174696255526,-0.00015524174696255526,1.9996618496666667,0.12446766394244495,-0.12446766394244495,0.3283947653333333,0.03197902551298593,-0.03197902551298593,1.6712670843333335,0.09316222387047475,-0.09316222387047475,-2.044854881265262,2.087542087540804,2.087542087540808,-2.2596334911158746,2.0875420875407973,-4.258282146639349,,0.013123175058471149,0.0,0.0,0.0,
083_210℃_320_0.5mm.csv,0.5,320,1.05923,0.300150379,1.06686,0.300348084,0.00763,1.906666666,1.066815,1.889839295,0.296416266,1.593423029,210,0.007630000000000026,1606318.5820000002,2293.5779816513686,20.0,45871.55963302737,0.8337558354190505,27522.935779816424,0.007544999999999987,0.00010688779163214858,-0.00010688779163214858,2319.7291541881,33.0697442862427,-33.0697442862427,46394.583083761994,661.3948857248567,-661.3948857248567,1585129.294,25699.69919337213,-25699.69919337213,27834.871937087737,28233.27747169948,27442.088384201932,0.8134656212514942,0.8386364950646042,0.7890502271870525,1.0668050000000002,0.00015524174696255526,-0.00015524174696255526,1.9996618496666667,0.12446766394244495,-0.12446766394244495,0.3283947653333333,0.03197902551298593,-0.03197902551298593,1.6712670843333335,0.09316222387047475,-0.09316222387047475,0.6596306068615573,-0.655307994758905,-0.655307994758909,0.8660003559499524,-0.6553079947588986,1.5313433662148814,,0.0,-4.27719858867084,-9.737533251740418,-3.187733308479504,
071_230℃_280_0.5mm.csv,0.5,280,1.06581,0.300126991,1.073535,0.300061012,0.007725,1.913896683,1.072695,1.621702212,0.234518608,1.387183604,230,0.007724999999999982,1613835.6709999999,2265.372168284795,20.0,45307.4433656959,0.8480871128214265,27184.466019417545,0.007956666666666687,0.0002850584735336666,-0.0002850584735336666,2201.2699490098785,77.73568293309931,-77.73568293309931,44025.39898019758,1554.7136586619833,-1554.7136586619833,1633227.436,45196.26198934966,-45196.26198934966,26404.151772358353,27360.435368687537,25481.291559257013,0.8834186810763567,0.9396922951347162,0.8305150208375454,1.0732966666666666,0.0006127873475629343,-0.0006127873475629343,1.8968720889999997,0.2537536726810951,-0.2537536726810951,0.293292845,0.05216693307811758,-0.05216693307811758,1.6035792439999998,0.20213929441978892,-0.20213929441978892,-1.8424396442193256,1.877022653722481,1.8770226537224894,0.0,1.8770226537224945,-1.053193460207053,,-0.05404020404835899,-16.719067566938225,-24.653327103541432,-15.209569632471645,CH03圧力@V01横ばい終点(MPa)・CH04圧力@V01横ばい終点(MPa)・先行列-後発列圧力差@V01横ばい終点(MPa)
072_230℃_280_0.5mm.csv,0.5,280,1.064645,0.300108295,1.07292,0.300361783,0.008275,1.98524546,1.073275,2.121646938,0.334107155,1.787539783,230,0.008275000000000032,1684883.677,2114.8036253776354,20.0,42296.07250755271,0.9484634304200718,25377.643504531625,0.007956666666666687,0.0002850584735336666,-0.0002850584735336666,2201.2699490098785,77.73568293309931,-77.73568293309931,44025.39898019758,1554.7136586619833,-1554.7136586619833,1633227.436,45196.26198934966,-45196.26198934966,26404.151772358353,27360.435368687537,25481.291559257013,0.8834186810763567,0.9396922951347162,0.8305150208375454,1.0732966666666666,0.0006127873475629343,-0.0006127873475629343,1.8968720889999997,0.2537536726810951,-0.2537536726810951,0.293292845,0.05216693307811758,-0.05216693307811758,1.6035792439999998,0.20213929441978892,-0.20213929441978892,5.146124523506816,-4.89425981873096,-4.894259818730956,4.402431255963982,-4.8942598187309665,10.657768690329997,,0.0,8.955105310290106,7.342708260281768,9.261864876863287,
073_230℃_280_0.5mm.csv,0.5,280,1.065925,0.300326856,1.073795,0.300242902,0.00787,1.901205862,1.07392,1.947267117,0.311252772,1.636014345,230,0.007870000000000044,1600962.9600000002,2223.634053367205,20.0,44472.6810673441,0.8571141833469436,26683.608640406463,0.007956666666666687,0.0002850584735336666,-0.0002850584735336666,2201.2699490098785,77.73568293309931,-77.73568293309931,44025.39898019758,1554.7136586619833,-1554.7136586619833,1633227.436,45196.26198934966,-45196.26198934966,26404.151772358353,27360.435368687537,25481.291559257013,0.8834186810763567,0.9396922951347162,0.8305150208375454,1.0732966666666666,0.0006127873475629343,-0.0006127873475629343,1.8968720889999997,0.2537536726810951,-0.2537536726810951,0.293292845,0.05216693307811758,-0.05216693307811758,1.6035792439999998,0.20213929441978892,-0.20213929441978892,0.0,0.0,0.0,-0.7976469495201572,0.0,0.0,,0.06009643381239726,0.0,0.0,0.0,
081_230℃_320_0.5mm.csv,0.5,320,1.05957,0.300170437,1.06686,0.300330848,0.00729,1.79808368,1.06683,1.787399646,0.297805551,1.489594095,230,0.007290000000000019,1497752.832,2400.548696844987,20.0,48010.97393689974,0.7427631391346957,28806.584362139845,0.007503333333333344,0.00019585283590834872,-0.00019585283590834872,2333.36527411463,61.40901609295427,-61.40901609295427,46667.305482292606,1228.1803218590876,-1228.1803218590876,1505266.0089999998,17808.840461810905,-17808.840461810905,27993.953865397863,28737.445007446964,27269.698221778155,0.7681230377010516,0.7955024226331864,0.7416859889553745,1.0676816666666666,0.0013767382951502677,-0.0013767382951502677,2.0134161956666667,0.25637664575580305,-0.25637664575580305,0.35263435066666665,0.06695468338327024,-0.06695468338327024,1.660781845,0.18971397399873946,-0.18971397399873946,-3.379721669978756,3.4979423868298145,3.497942386829822,0.0,3.497942386829828,-3.03609051118429,,-0.01077843750147264,-8.845465553020244,-10.527007673430937,-8.501675127149285,CH04圧力@V01横ばい終点(MPa)
082_230℃_320_0.5mm.csv,0.5,320,1.06043,0.300249011,1.067975,0.300028401,0.007545,1.792473335,1.06927,2.292003376,0.427253429,1.864749947,230,0.007544999999999913,1492444.934,2319.416832339324,20.0,46388.33664678648,0.7660202059203993,27833.00198807189,0.007503333333333344,0.00019585283590834872,-0.00019585283590834872,2333.36527411463,61.40901609295427,-61.40901609295427,46667.305482292606,1228.1803218590876,-1228.1803218590876,1505266.0089999998,17808.840461810905,-17808.840461810905,27993.953865397863,28737.445007446964,27269.698221778155,0.7681230377010516,0.7955024226331864,0.7416859889553745,1.0676816666666666,0.0013767382951502677,-0.0013767382951502677,2.0134161956666667,0.25637664575580305,-0.25637664575580305,0.35263435066666665,0.06695468338327024,-0.06695468338327024,1.660781845,0.18971397399873946,-0.18971397399873946,0.0,0.0,0.0,-0.35439078375249866,0.0,0.0,,0.2179118886165557,16.88852079485412,28.364439971158635,14.542274992864519,CH03圧力@V01横ばい終点(MPa)・CH04圧力@V01横ばい終点(MPa)・先行列-後発列圧力差@V01横ばい終点(MPa)
083_230℃_320_0.5mm.csv,0.5,320,1.0589,0.300143093,1.066575,0.300282242,0.007675,1.825882503,1.066945,1.960845565,0.332844072,1.628001493,230,0.007675000000000098,1525600.2610000002,2280.13029315958,20.0,45602.6058631916,0.7965293879710986,27361.56351791496,0.007503333333333344,0.00019585283590834872,-0.00019585283590834872,2333.36527411463,61.40901609295427,-61.40901609295427,46667.305482292606,1228.1803218590876,-1228.1803218590876,1505266.0089999998,17808.840461810905,-17808.840461810905,27993.953865397863,28737.445007446964,27269.698221778155,0.7681230377010516,0.7955024226331864,0.7416859889553745,1.0676816666666666,0.0013767382951502677,-0.0013767382951502677,2.0134161956666667,0.25637664575580305,-0.25637664575580305,0.35263435066666665,0.06695468338327024,-0.06695468338327024,1.660781845,0.18971397399873946,-0.18971397399873946,1.722995361168814,-1.693811074920946,-1.693811074920946,1.8592806773608048,-1.693811074920946,3.982816878053691,,0.0,0.0,0.0,0.0,
081_190℃_280_1.0mm.csv,1.0,280,1.491695,0.300318598,1.50007,0.300279785,0.008375,1.517649195,1.49824,1.11945317,0.189980381,0.929472789,190,0.008375000000000021,1217369.41,2089.552238805965,40.0,83582.0895522386,2.774277226870755,12537.31343283579,0.00856333333333333,0.00016540354691883176,-0.00016540354691883176,2044.110180085125,39.874332403185406,-39.874332403185406,81764.407203405,1594.9732961274124,-1594.9732961274124,1252470.4723333335,30415.374284294547,-30415.374284294547,12263.115565557859,12503.49623908967,12027.356228898763,2.9175105768403835,3.0477132711632144,2.792870328883268,1.498505,0.00023254031908463907,-0.00023254031908463907,1.1724971196666667,0.04653870486882783,-0.04653870486882783,0.19285418399999998,0.0033194365530332046,-0.0033194365530332046,0.9796429353333332,0.043765907972382403,-0.043765907972382403,-2.9548088064877946,3.044776119401713,3.04477611940172,-4.069008547738633,3.044776119401717,-7.052368533858432,,-0.024022420926192178,-6.051636190822429,-1.1006072695811746,-7.003208585286103,
082_190℃_280_1.0mm.csv,1.0,280,1.49166,0.300270189,1.50029,0.300318993,0.00863,1.571355654,1.498675,1.206476011,0.196487583,1.009988428,190,0.008629999999999916,1271036.661,2027.8099652375633,40.0,81112.39860950253,2.9847745263754817,12166.85979142538,0.00856333333333333,0.00016540354691883176,-0.00016540354691883176,2044.110180085125,39.874332403185406,-39.874332403185406,81764.407203405,1594.9732961274124,-1594.9732961274124,1252470.4723333335,30415.374284294547,-30415.374284294547,12263.115565557859,12503.49623908967,12027.356228898763,2.9175105768403835,3.0477132711632144,2.792870328883268,1.498505,0.00023254031908463907,-0.00023254031908463907,1.1724971196666667,0.04653870486882783,-0.04653870486882783,0.19285418399999998,0.0033194365530332046,-0.0033194365530332046,0.9796429353333332,0.043765907972382403,-0.043765907972382403,0.0,0.0,0.0,0.16007142967543841,0.0,0.0,,0.005004671026294358,1.2516202070992404,2.28689160154787,1.0526443394253981,
083_190℃_280_1.0mm.csv,1.0,280,1.4916,0.300156356,1.500285,0.300277513,0.008685,1.569282859,1.4986,1.191562178,0.192094588,0.999467589,190,0.008685000000000054,1269005.3460000001,2014.9683362118471,40.0,80598.73344847388,2.9989963074857333,12089.810017271082,0.00856333333333333,0.00016540354691883176,-0.00016540354691883176,2044.110180085125,39.874332403185406,-39.874332403185406,81764.407203405,1594.9732961274124,-1594.9732961274124,1252470.4723333335,30415.374284294547,-30415.374284294547,12263.115565557859,12503.49623908967,12027.356228898763,2.9175105768403835,3.0477132711632144,2.792870328883268,1.498505,0.00023254031908463907,-0.00023254031908463907,1.1724971196666667,0.04653870486882783,-0.04653870486882783,0.19285418399999998,0.0033194365530332046,-0.0033194365530332046,0.9796429353333332,0.043765907972382403,-0.043765907972382403,0.6373117033619793,-0.633275762811027,-0.6332757628110294,0.0,-0.6332757628110383,0.47647756922937984,,0.0,0.0,0.0,0.0,
091_190℃_320_1.0mm.csv,1.0,320,1.491705,0.30007951,1.500065,0.300308318,0.00836,1.516205722,1.498815,1.233521637,0.21613031,1.017391327,190,0.008359999999999923,1215897.404,2093.3014354067177,40.0,83732.05741626871,2.7659598088271857,12559.808612440307,0.008053333333333393,0.00027736858750274,-0.00027736858750274,2174.7118513170294,73.98684532875791,-73.98684532875791,86988.47405268117,2959.4738131503177,-2959.4738131503177,1162150.8523333333,53958.27318718176,-53958.27318718176,13043.195138619929,13497.489002716064,12604.191741877676,2.5438877692197055,2.756128388128951,2.3479911205365926,1.4992766666666668,0.0004026267916238805,-0.0004026267916238805,1.3338528563333334,0.08752932283003503,-0.08752932283003503,0.2620088036666666,0.04001515734122432,-0.04001515734122432,1.071844053,0.049582713955601106,-0.049582713955601106,4.761904761902509,-4.545454545452497,-4.545454545452492,4.586862551818662,-4.54545454545249,9.56718933999814,,-0.043015485574807374,-10.188325966722186,-22.86449126428323,-6.123327135423966,CH03圧力@V01横ばい終点(MPa)・CH04圧力@V01横ばい終点(MPa)
092_190℃_320_1.0mm.csv,1.0,320,1.49179,0.300000346,1.49961,0.300027933,0.00782,1.408011254,1.49946,1.373453563,0.28970049,1.083753073,190,0.00782000000000016,1107983.321,2237.8516624040462,40.0,89514.06649616185,2.357667910263994,13427.109974424277,0.008053333333333393,0.00027736858750274,-0.00027736858750274,2174.7118513170294,73.98684532875791,-73.98684532875791,86988.47405268117,2959.4738131503177,-2959.4738131503177,1162150.8523333333,53958.27318718176,-53958.27318718176,13043.195138619929,13497.489002716064,12604.191741877676,2.5438877692197055,2.756128388128951,2.3479911205365926,1.4992766666666668,0.0004026267916238805,-0.0004026267916238805,1.3338528563333334,0.08752932283003503,-0.08752932283003503,0.2620088036666666,0.04001515734122432,-0.04001515734122432,1.071844053,0.049582713955601106,-0.049582713955601106,-2.005012531327519,2.0460358056257664,2.0460358056257624,-4.695495753246492,2.0460358056257593,-6.606363006313465,,0.0,0.0,3.3922297947771805,0.0,
093_190℃_320_1.0mm.csv,1.0,320,1.491865,0.300103386,1.499845,0.300278522,0.00798,1.462850354,1.499555,1.394583369,0.280195611,1.114387759,190,0.007980000000000098,1162571.832,2192.982456140324,40.0,87719.29824561295,2.5244416923428883,13157.894736841943,0.008053333333333393,0.00027736858750274,-0.00027736858750274,2174.7118513170294,73.98684532875791,-73.98684532875791,86988.47405268117,2959.4738131503177,-2959.4738131503177,1162150.8523333333,53958.27318718176,-53958.27318718176,13043.195138619929,13497.489002716064,12604.191741877676,2.5438877692197055,2.756128388128951,2.3479911205365926,1.4992766666666668,0.0004026267916238805,-0.0004026267916238805,1.3338528563333334,0.08752932283003503,-0.08752932283003503,0.2620088036666666,0.04001515734122432,-0.04001515734122432,1.071844053,0.049582713955601106,-0.049582713955601106,0.0,0.0,0.0,0.0,0.0,0.0,,0.006335614154426008,1.5384434224224317,0.0,2.8267219501577334,
082_210℃_280_1.0mm.csv,1.0,280,1.49157,0.300057271,1.499685,0.300169592,0.008115,1.427051749,1.50191,1.999553754,0.493922916,1.505630839,210,0.008114999999999872,1126882.1570000001,2156.5003080715064,40.0,86260.01232286026,2.4883397834162873,12939.00184842904,0.008034999999999903,0.00011313708498980374,-0.00011313708498980374,2178.1873004845365,30.670038797589598,-30.670038797589598,87127.49201938146,1226.8015519035787,-1226.8015519035787,1116556.9745,14602.013125477497,-14602.013125477497,13068.476011099328,13253.794878742634,12885.748332094354,2.4410087128578204,2.508212746881318,2.375605316437591,1.5017975,0.00015909902576699493,-0.00015909902576699493,1.968239161,0.04428552212079359,-0.04428552212079359,0.48635172849999997,0.010707276045769617,-0.010707276045769617,1.4818874334999999,0.03357824607502383,-0.03357824607502383,0.0,0.0,0.0,0.0,0.0,0.0,,0.0013316554474782458,0.20220858432631156,3.1626964137625606,0.0,
083_210℃_280_1.0mm.csv,1.0,280,1.49164,0.300282343,1.499595,0.300033395,0.007955,1.406265187,1.501685,1.936924568,0.478780541,1.458144028,210,0.007954999999999934,1106231.792,2199.8742928975666,40.0,87994.97171590266,2.3945779334312727,13199.245757385399,0.008034999999999903,0.00011313708498980374,-0.00011313708498980374,2178.1873004845365,30.670038797589598,-30.670038797589598,87127.49201938146,1226.8015519035787,-1226.8015519035787,1116556.9745,14602.013125477497,-14602.013125477497,13068.476011099328,13253.794878742634,12885.748332094354,2.4410087128578204,2.508212746881318,2.375605316437591,1.5017975,0.00015909902576699493,-0.00015909902576699493,1.968239161,0.04428552212079359,-0.04428552212079359,0.48635172849999997,0.010707276045769617,-0.010707276045769617,1.4818874334999999,0.03357824607502383,-0.03357824607502383,-1.971657424521756,2.0113136392198467,2.0113136392198383,-1.8325221383375068,2.0113136392198325,-3.7680485040627056,,-0.013649468336563312,-2.9362830648652105,0.0,-3.1539478184134064,
091_210℃_320_1.0mm.csv,1.0,320,1.491625,0.300195672,1.49977,0.300177546,0.008145,1.446225279,1.500175,1.542284937,0.33190375,1.210381186,210,0.008145000000000069,1146047.733,2148.5573971761637,40.0,85942.29588704655,2.5400159959959394,12891.344383056983,0.007765000000000022,0.0003520298282816915,-0.0003520298282816915,2256.759319498014,101.16752586440603,-101.16752586440603,90270.37277992057,4046.701034576245,-4046.701034576245,1077941.857,65303.35849390833,-65303.35849390833,13531.416758164156,14155.572827483355,12934.78135534258,2.273289225857264,2.5260039841310293,2.0458573845743597,1.5005283333333335,0.0003189566323707602,-0.0003189566323707602,1.6319199013333332,0.08123258464032079,-0.08123258464032079,0.3837755856666667,0.048878699580826,-0.048878699580826,1.2481443153333334,0.03303576553950931,-0.03303576553950931,5.779220779221122,-5.463474524248296,-5.463474524248296,6.915453247338209,-5.463474524248296,13.094333337606795,,-0.029321311595578877,-6.686636760410715,-14.993957109319272,-4.117176202479345,CH04圧力@V01横ばい終点(MPa)
092_210℃_320_1.0mm.csv,1.0,320,1.49175,0.300300396,1.49945,0.300275331,0.0077,1.372194963,1.500615,1.652801789,0.390447242,1.262354547,210,0.00770000000000004,1071919.6320000002,2272.7272727272607,40.0,90909.09090909043,2.2459268480000123,13636.363636363565,0.007765000000000022,0.0003520298282816915,-0.0003520298282816915,2256.759319498014,101.16752586440603,-101.16752586440603,90270.37277992057,4046.701034576245,-4046.701034576245,1077941.857,65303.35849390833,-65303.35849390833,13531.416758164156,14155.572827483355,12934.78135534258,2.273289225857264,2.5260039841310293,2.0458573845743597,1.5005283333333335,0.0003189566323707602,-0.0003189566323707602,1.6319199013333332,0.08123258464032079,-0.08123258464032079,0.3837755856666667,0.048878699580826,-0.048878699580826,1.2481443153333334,0.03303576553950931,-0.03303576553950931,0.0,0.0,0.0,0.0,0.0,0.0,,0.0,0.0,0.0,0.0,
093_210℃_320_1.0mm.csv,1.0,320,1.491745,0.300208964,1.499195,0.300338313,0.00745,1.316196519,1.500795,1.700672978,0.428975765,1.271697213,210,0.007449999999999957,1015858.2059999999,2348.993288590618,40.0,93959.73154362472,2.0593588121632527,14093.959731543708,0.007765000000000022,0.0003520298282816915,-0.0003520298282816915,2256.759319498014,101.16752586440603,-101.16752586440603,90270.37277992057,4046.701034576245,-4046.701034576245,1077941.857,65303.35849390833,-65303.35849390833,13531.416758164156,14155.572827483355,12934.78135534258,2.273289225857264,2.5260039841310293,2.0458573845743597,1.5005283333333335,0.0003189566323707602,-0.0003189566323707602,1.6319199013333332,0.08123258464032079,-0.08123258464032079,0.3837755856666667,0.048878699580826,-0.048878699580826,1.2481443153333334,0.03303576553950931,-0.03303576553950931,-3.2467532467543143,3.3557046979877296,3.3557046979877296,-5.230002728413534,3.3557046979877296,-8.306950691777768,,0.011995082016377884,2.8963659961285346,9.867792330314368,0.7400984154731293,
081_230℃_280_1.0mm.csv,1.0,280,1.49143,0.300258279,1.49932,0.300140145,0.00789,1.349531595,1.50125,1.806873939,0.4547197,1.352154239,230,0.007889999999999953,1049391.45,2217.9974651457674,40.0,88719.89860583069,2.2529791946938644,13307.984790874605,0.008281666666666595,0.00034184548166286207,-0.00034184548166286207,2115.5589573849816,89.31595397103592,-89.31595397103592,84622.35829539926,3572.638158841442,-3572.638158841442,1114399.8613333332,57869.00502179107,-57869.00502179107,12685.922992579339,13226.900886656133,12167.070998166237,2.507575733342744,2.7552975836127684,2.282125929281514,1.5013916666666667,0.000321804806261983,-0.000321804806261983,1.8438646143333333,0.08496098300683788,-0.08496098300683788,0.44749901666666664,0.03310015139898332,-0.03310015139898332,1.3963655976666667,0.05999277076052893,-0.05999277076052893,-6.461173681090926,6.907477820025611,6.907477820025616,-7.4215239282375025,6.907477820025634,-13.403180058541276,,0.0,0.0,0.0,-1.4669696438119542,
082_230℃_280_1.0mm.csv,1.0,280,1.491305,0.30024562,1.499825,0.300326864,0.00852,1.460619418,1.501165,1.783669825,0.411384578,1.372285247,230,0.008519999999999861,1160292.554,2053.990610328672,40.0,82159.62441314688,2.689984370089752,12323.943661972033,0.008281666666666595,0.00034184548166286207,-0.00034184548166286207,2115.5589573849816,89.31595397103592,-89.31595397103592,84622.35829539926,3572.638158841442,-3572.638158841442,1114399.8613333332,57869.00502179107,-57869.00502179107,12685.922992579339,13226.900886656133,12167.070998166237,2.507575733342744,2.7552975836127684,2.282125929281514,1.5013916666666667,0.000321804806261983,-0.000321804806261983,1.8438646143333333,0.08496098300683788,-0.08496098300683788,0.44749901666666664,0.03310015139898332,-0.03310015139898332,1.3963655976666667,0.05999277076052893,-0.05999277076052893,1.007705986957807,-0.997652582158352,-0.9976525821583433,2.3622943056503845,-0.9976525821583374,3.3938052737557816,,-0.00566194837634576,-1.2842132203667744,-9.530073581593234,0.0,
083_230℃_280_1.0mm.csv,1.0,280,1.49127,0.300135163,1.499705,0.300181739,0.008435,1.433697319,1.50176,1.941050079,0.476392772,1.464657307,230,0.00843499999999997,1133515.58,2074.688796680505,40.0,82987.5518672202,2.601688140761896,12448.13278008303,0.008281666666666595,0.00034184548166286207,-0.00034184548166286207,2115.5589573849816,89.31595397103592,-89.31595397103592,84622.35829539926,3572.638158841442,-3572.638158841442,1114399.8613333332,57869.00502179107,-57869.00502179107,12685.922992579339,13226.900886656133,12167.070998166237,2.507575733342744,2.7552975836127684,2.282125929281514,1.5013916666666667,0.000321804806261983,-0.000321804806261983,1.8438646143333333,0.08496098300683788,-0.08496098300683788,0.44749901666666664,0.03310015139898332,-0.03310015139898332,1.3963655976666667,0.05999277076052893,-0.05999277076052893,0.0,0.0,0.0,0.0,0.0,0.0,,0.03397169025811893,7.42587167283285,4.766248746205632,6.731257965640723,
091_230℃_320_1.0mm.csv,1.0,320,1.49141,0.300281343,1.49968,0.30028178,0.00827,1.428175015,1.499235,1.331298408,0.268375682,1.062922725,230,0.00827,1127893.235,2116.0822249093108,40.0,84643.28899637243,2.5381434159047624,12696.493349455865,0.00819666666666663,7.023769168570249e-05,-7.023769168570249e-05,2135.1186289589095,18.274488022369717,-18.274488022369717,85404.74515835638,730.9795208947876,-730.9795208947876,1106967.5456666667,25314.660275076625,-25314.660275076625,12810.39870586737,12920.579490414211,12701.157492590717,2.468470927530896,2.546683039557155,2.3926608162140273,1.4995166666666666,0.00025181011364379293,-0.00025181011364379293,1.3922561856666666,0.054632076619076375,-0.054632076619076375,0.2953494423333333,0.023393548059301595,-0.023393548059301595,1.0969067433333333,0.03317795686864447,-0.03317795686864447,0.9768009768019633,-0.9673518742452248,-0.9673518742452333,1.2307853433422156,-0.9673518742452388,2.219608643400305,,-0.024006481750066914,-5.492648338648205,-12.746967394651124,-3.245968814321936,CH04圧力@V01横ばい終点(MPa)
092_230℃_320_1.0mm.csv,1.0,320,1.49143,0.300137334,1.49962,0.3002818,0.00819,1.41446187,1.49972,1.436798353,0.307583214,1.129215139,230,0.00818999999999992,1114180.07,2136.7521367521576,40.0,85470.08547008631,2.48302987028569,12820.512820512948,0.00819666666666663,7.023769168570249e-05,-7.023769168570249e-05,2135.1186289589095,18.274488022369717,-18.274488022369717,85404.74515835638,730.9795208947876,-730.9795208947876,1106967.5456666667,25314.660275076625,-25314.660275076625,12810.39870586737,12920.579490414211,12701.157492590717,2.468470927530896,2.546683039557155,2.3926608162140273,1.4995166666666666,0.00025181011364379293,-0.00025181011364379293,1.3922561856666666,0.054632076619076375,-0.054632076619076375,0.2953494423333333,0.023393548059301595,-0.023393548059301595,1.0969067433333333,0.03317795686864447,-0.03317795686864447,0.0,0.0,0.0,0.0,0.0,0.0,,0.008335583940992783,1.9966721190746404,0.0,2.788391107308198,
093_230℃_320_1.0mm.csv,1.0,320,1.49133,0.300314661,1.49946,0.300275226,0.00813,1.379104558,1.499595,1.408671796,0.310089431,1.098582366,230,0.00812999999999997,1078829.3320000002,2152.5215252152598,40.0,86100.86100861039,2.386634685485707,12915.129151291558,0.00819666666666663,7.023769168570249e-05,-7.023769168570249e-05,2135.1186289589095,18.274488022369717,-18.274488022369717,85404.74515835638,730.9795208947876,-730.9795208947876,1106967.5456666667,25314.660275076625,-25314.660275076625,12810.39870586737,12920.579490414211,12701.157492590717,2.468470927530896,2.546683039557155,2.3926608162140273,1.4995166666666666,0.00025181011364379293,-0.00025181011364379293,1.3922561856666666,0.054632076619076375,-0.054632076619076375,0.2953494423333333,0.023393548059301595,-0.023393548059301595,1.0969067433333333,0.03317795686864447,-0.03317795686864447,-0.7326007326001168,0.7380073800731726,0.7380073800731597,-3.1728029383975516,0.7380073800731511,-3.8821596934269733,,0.0,0.0,0.8148094193462821,0.0,
011_190℃_005_1.5mm.csv,1.5,5,1.19043,0.300003341,1.69234,0.300027108,0.50191,2.428903051,4.22654,29.76184653,21.93176972,7.830076816,190,0.5019099999999999,2128875.9429999995,34.866808790420606,60.0,2092.0085274252365,654.1861987047731,139.46723516168245,0.5087433333333333,0.0059188625033307464,-0.0059188625033307464,34.40161043724419,0.40294042666636876,-0.40294042666636876,2064.0966262346515,24.176425599982082,-24.176425599982082,2155294.1293333336,22982.79536992355,-22982.79536992355,137.60017702400668,139.21590969355162,136.00319646451283,671.2653675545123,686.4258809053919,656.4396917606886,4.2222566666666665,0.00710946083281515,-0.00710946083281515,29.386852969999996,0.3319107452299388,-0.3319107452299388,21.67394219,0.22554459329951648,-0.22554459329951648,7.712910783333332,0.10790486898141738,-0.10790486898141738,-1.9802753637340607,2.0202825207707242,2.020282520770731,-1.7284430693057988,2.0202825207707447,-3.7158585529413917,,0.008518330975010384,1.6876387865800753,1.644800696413774,1.807819206298387,
012_190℃_005_1.5mm.csv,1.5,5,1.18782,0.300021518,1.70009,0.300012528,0.51227,2.466332071,4.21405,29.26790993,21.57687316,7.691036776,190,0.51227,2166319.543,34.161672555488316,60.0,2049.700353329299,679.4329667097612,136.64669022195326,0.5087433333333333,0.0059188625033307464,-0.0059188625033307464,34.40161043724419,0.40294042666636876,-0.40294042666636876,2064.0966262346515,24.176425599982082,-24.176425599982082,2155294.1293333336,22982.79536992355,-22982.79536992355,137.60017702400668,139.21590969355162,136.00319646451283,671.2653675545123,686.4258809053919,656.4396917606886,4.2222566666666665,0.00710946083281515,-0.00710946083281515,29.386852969999996,0.3319107452299388,-0.3319107452299388,21.67394219,0.22554459329951648,-0.22554459329951648,7.712910783333332,0.10790486898141738,-0.10790486898141738,0.04296455424272764,-0.04294610264115737,-0.04294610264114905,0.0,-0.04294610264115737,0.0,,-0.28702042979712117,0.0,0.0,0.0,
013_190℃_005_1.5mm.csv,1.5,5,1.18834,0.30000829,1.70039,0.300012511,0.51205,2.470699413,4.22618,29.13080245,21.51318369,7.617618758,190,0.5120500000000001,2170686.9020000002,34.17634996582364,60.0,2050.5809979494184,680.5103437770002,136.70539986329456,0.5087433333333333,0.0059188625033307464,-0.0059188625033307464,34.40161043724419,0.40294042666636876,-0.40294042666636876,2064.0966262346515,24.176425599982082,-24.176425599982082,2155294.1293333336,22982.79536992355,-22982.79536992355,137.60017702400668,139.21590969355162,136.00319646451283,671.2653675545123,686.4258809053919,656.4396917606886,4.2222566666666665,0.00710946083281515,-0.00710946083281515,29.386852969999996,0.3319107452299388,-0.3319107452299388,21.67394219,0.22554459329951648,-0.22554459329951648,7.712910783333332,0.10790486898141738,-0.10790486898141738,0.0,0.0,0.0,0.20160271434158275,0.0,0.15857003119179594,,0.0,-0.46845668285817843,-0.2951746971292846,-0.9545919508420762,
101_190℃_280_1.5mm.csv,1.5,280,1.4897,0.300002927,1.49965,0.300157114,0.00995,1.435751155,1.50477,2.553731072,0.769718441,1.784012631,190,0.009949999999999903,1135594.041,1758.7939698492632,60.0,105527.6381909558,6.917853494663198,7035.175879397053,0.009793333333333246,0.0002670362022897064,-0.0002670362022897064,1787.8302167667534,49.52843637955979,-49.52843637955979,107269.8130060052,2971.706182773591,-2971.706182773591,1117832.8753333332,31775.46570148786,-31775.46570148786,7149.510454274392,7348.766434246316,6955.6571423434,6.698930713180721,7.085837475249615,6.33315015433869,1.5047933333333334,0.00018610033136283528,-0.00018610033136283528,2.5623825273333334,0.04938726140885588,-0.04938726140885588,0.7743910669999999,0.03154615111857536,-0.03154615111857536,1.7879914606666667,0.017865544143880994,-0.017865544143880994,0.05027652086508619,-0.050251256281744414,-0.050251256281748716,0.0,-0.05025125628175733,0.0,,0.0,0.0,0.0,0.0,
102_190℃_280_1.5mm.csv,1.5,280,1.48971,0.300113251,1.499655,0.300079742,0.009945,1.436836458,1.50462,2.517892624,0.745441847,1.772450777,190,0.00994499999999987,1136756.7159999998,1759.6782302664885,60.0,105580.69381598932,6.921456453440726,7038.712921065955,0.009793333333333246,0.0002670362022897064,-0.0002670362022897064,1787.8302167667534,49.52843637955979,-49.52843637955979,107269.8130060052,2971.706182773591,-2971.706182773591,1117832.8753333332,31775.46570148786,-31775.46570148786,7149.510454274392,7348.766434246316,6955.6571423434,6.698930713180721,7.085837475249615,6.33315015433869,1.5047933333333334,0.00018610033136283528,-0.00018610033136283528,2.5623825273333334,0.04938726140885588,-0.04938726140885588,0.7743910669999999,0.03154615111857536,-0.03154615111857536,1.7879914606666667,0.017865544143880994,-0.017865544143880994,0.0,0.0,0.0,0.10238473944227168,0.0,0.05208203354273101,,-0.00996830080343657,-1.403375962055892,-3.1539576950320116,-0.6480813980290694,
103_190℃_280_1.5mm.csv,1.5,280,1.48987,0.300208886,1.499355,0.300130741,0.009485,1.38127861,1.50499,2.615523886,0.808012913,1.807510974,190,0.009484999999999966,1081147.869,1845.0184501845085,60.0,110701.10701107052,6.278380124978549,7380.073800738034,0.009793333333333246,0.0002670362022897064,-0.0002670362022897064,1787.8302167667534,49.52843637955979,-49.52843637955979,107269.8130060052,2971.706182773591,-2971.706182773591,1117832.8753333332,31775.46570148786,-31775.46570148786,7149.510454274392,7348.766434246316,6955.6571423434,6.698930713180721,7.085837475249615,6.33315015433869,1.5047933333333334,0.00018610033136283528,-0.00018610033136283528,2.5623825273333334,0.04938726140885588,-0.04938726140885588,0.7743910669999999,0.03154615111857536,-0.03154615111857536,1.7879914606666667,0.017865544143880994,-0.017865544143880994,-4.625439919556671,4.849762783341132,4.849762783341131,-4.794510188874796,4.849762783341117,-9.243811974017282,,0.014620174511726643,2.419707175807113,4.975127262151697,1.3171623671088222,
111_190℃_320_1.5mm.csv,1.5,320,1.4902,0.300225363,1.49907,0.300163853,0.00887,1.326413449,1.501005,1.703533598,0.439213671,1.264319927,190,0.008869999999999933,1026249.596,1972.9425028185042,60.0,118376.55016911025,5.573163622359141,7891.770011274018,0.008998333333333367,0.00020942381271806576,-0.00020942381271806576,1945.497867292951,44.68199507899932,-44.68199507899932,116729.87203757705,2680.919704739968,-2680.919704739968,1031018.5129999999,29519.25323251173,-29519.25323251173,7780.610930320546,7962.612589357674,7602.769288303025,5.67750853389325,5.971606302658881,5.397894891041013,1.5011033333333332,0.00019237550086578117,-0.00019237550086578117,1.7238177553333334,0.04046173663081811,-0.04046173663081811,0.44445301833333334,0.006397765912282297,-0.006397765912282297,1.279364737,0.03449448015887722,-0.03449448015887722,-0.16882386044004744,0.1691093573855614,0.16910935738556676,0.0,0.16910935738556138,0.0,,0.0,0.0,-0.7566531876538953,0.0,
112_190℃_320_1.5mm.csv,1.5,320,1.49006,0.300246582,1.498945,0.300197634,0.008885,1.304371692,1.50098,1.697510323,0.442562333,1.25494799,190,0.008885000000000032,1004174.0579999998,1969.6117051209833,60.0,118176.702307259,5.462501942038795,7878.446820483934,0.008998333333333367,0.00020942381271806576,-0.00020942381271806576,1945.497867292951,44.68199507899932,-44.68199507899932,116729.87203757705,2680.919704739968,-2680.919704739968,1031018.5129999999,29519.25323251173,-29519.25323251173,7780.610930320546,7962.612589357674,7602.769288303025,5.67750853389325,5.971606302658881,5.397894891041013,1.5011033333333332,0.00019237550086578117,-0.00019237550086578117,1.7238177553333334,0.04046173663081811,-0.04046173663081811,0.44445301833333334,0.006397765912282297,-0.006397765912282297,1.279364737,0.03449448015887722,-0.03449448015887722,0.0,0.0,0.0,-2.1510885934614463,0.0,-1.985616928173063,,-0.001665550747661849,-0.3535753569563584,0.0,-0.7412630932930041,
113_190℃_320_1.5mm.csv,1.5,320,1.49003,0.30011451,1.49927,0.300314739,0.00924,1.362946624,1.501325,1.770409345,0.451583051,1.318826294,190,0.009240000000000137,1062631.885,1893.9393939393658,60.0,113636.36363636194,6.011460378000089,7575.757575757462,0.008998333333333367,0.00020942381271806576,-0.00020942381271806576,1945.497867292951,44.68199507899932,-44.68199507899932,116729.87203757705,2680.919704739968,-2680.919704739968,1031018.5129999999,29519.25323251173,-29519.25323251173,7780.610930320546,7962.612589357674,7602.769288303025,5.67750853389325,5.971606302658881,5.397894891041013,1.5011033333333332,0.00019237550086578117,-0.00019237550086578117,1.7238177553333334,0.04046173663081811,-0.04046173663081811,0.44445301833333334,0.006397765912282297,-0.006397765912282297,1.279364737,0.03449448015887722,-0.03449448015887722,3.9954980303894647,-3.841991341992422,-3.8419913419924225,3.5451696294748154,-3.8419913419924443,7.864415713232097,,0.021319049570127882,3.9257075456870503,2.0382932137155105,4.311121404954324,
011_210℃_005_1.5mm.csv,1.5,5,1.1685,0.300009631,1.66778,0.300013799,0.49928,2.25006268,4.16329,23.25329781,18.09884726,5.154450552,210,0.49927999999999995,1950048.881,35.05047268066016,60.0,2103.0283608396094,596.094125697355,140.20189072264063,0.5055233333333333,0.005406906077724465,-0.005406906077724465,34.620247721621645,0.3725871253426641,-0.3725871253426641,2077.214863297299,22.35522752055975,-22.35522752055975,1972071.7876666666,19185.01872974605,-19185.01872974605,138.47566639324617,139.96938365918498,136.9978896938244,610.3215728613915,622.9327635216749,597.9656940729237,4.17032,0.00639434906773196,-0.00639434906773196,23.251894183333334,0.0962623253016826,-0.0962623253016826,18.10181699,0.07635476137061638,-0.07635476137061638,5.150077192333334,0.020299664800539647,-0.020299664800539647,-1.838271435031353,1.8726966832238356,1.8726966832238245,-1.562772262817211,1.8726966832238356,-3.3780146569012413,,-0.2059023749484615,0.0,0.0,0.0,
012_210℃_005_1.5mm.csv,1.5,5,1.16653,0.300023322,1.67516,0.300012227,0.50863,2.285171192,4.17579,23.34744702,18.17961329,5.167833724,210,0.5086299999999999,1985158.9649999999,34.40614985352811,60.0,2064.368991211687,618.1906557354794,137.62459941411245,0.5055233333333333,0.005406906077724465,-0.005406906077724465,34.620247721621645,0.3725871253426641,-0.3725871253426641,2077.214863297299,22.35522752055975,-22.35522752055975,1972071.7876666666,19185.01872974605,-19185.01872974605,138.47566639324617,139.96938365918498,136.9978896938244,610.3215728613915,622.9327635216749,597.9656940729237,4.17032,0.00639434906773196,-0.00639434906773196,23.251894183333334,0.0962623253016826,-0.0962623253016826,18.10181699,0.07635476137061638,-0.07635476137061638,5.150077192333334,0.020299664800539647,-0.020299664800539647,0.0,0.0,0.0,0.2095624556885444,0.0,0.20365224675981813,,0.09372273411508246,0.40488540924080313,0.44624958064870424,0.2596430378948403,
013_210℃_005_1.5mm.csv,1.5,5,1.16508,0.300021841,1.67374,0.300023119,0.50866,2.281030636,4.17188,23.15493772,18.02699042,5.127947301,210,0.5086600000000001,1981007.517,34.40412063067667,60.0,2064.2472378406005,616.9342552636041,137.61648252270672,0.5055233333333333,0.005406906077724465,-0.005406906077724465,34.620247721621645,0.3725871253426641,-0.3725871253426641,2077.214863297299,22.35522752055975,-22.35522752055975,1972071.7876666666,19185.01872974605,-19185.01872974605,138.47566639324617,139.96938365918498,136.9978896938244,610.3215728613915,622.9327635216749,597.9656940729237,4.17032,0.00639434906773196,-0.00639434906773196,23.251894183333334,0.0962623253016826,-0.0962623253016826,18.10181699,0.07635476137061638,-0.07635476137061638,5.150077192333334,0.020299664800539647,-0.020299664800539647,0.005898197117786316,-0.00589784925101874,-0.005897849251020115,0.0,-0.005897849250998087,0.0,,0.0,-0.42299415250124434,-0.3970244014314026,-0.5141818848124684,
101_210℃_280_1.5mm.csv,1.5,280,1.489595,0.300003077,1.499205,0.300145381,0.00961,1.359692376,1.50459,2.465969201,0.769351065,1.696618136,210,0.009609999999999896,1059546.9949999999,1821.0197710718198,60.0,109261.18626430919,6.234028544050953,7284.079084287278,0.00974500000000004,0.0001375681649220987,-0.0001375681649220987,1796.031160040721,25.3372341573219,-25.3372341573219,107761.86960244324,1520.2340494393086,-1520.2340494393086,1068645.4996666666,8617.76081105873,-8617.76081105873,7183.64783910764,7285.745241105218,7082.981159589328,6.375326308885567,6.518017856407181,6.235758545032956,1.5047316666666666,0.0001598697386414929,-0.0001598697386414929,2.4966895753333334,0.037634636229378786,-0.037634636229378786,0.7875424166666667,0.020461517112105466,-0.020461517112105466,1.7091471583333335,0.017368364248307268,-0.017368364248307268,-1.334702258728793,1.3527575442267097,1.352757544226713,-0.9496035323108678,1.352757544226697,-2.271631411244937,,-0.007310427327695385,-0.7830342177243349,-1.8160513691888809,-0.3074029443418388,
102_210℃_280_1.5mm.csv,1.5,280,1.48952,0.300182902,1.49926,0.300048924,0.00974,1.369753875,1.504905,2.538668549,0.809694881,1.728973667,210,0.009740000000000082,1069704.9510000001,1796.7145790554264,60.0,107802.87474332558,6.378934422085769,7186.8583162217055,0.00974500000000004,0.0001375681649220987,-0.0001375681649220987,1796.031160040721,25.3372341573219,-25.3372341573219,107761.86960244324,1520.2340494393086,-1520.2340494393086,1068645.4996666666,8617.76081105873,-8617.76081105873,7183.64783910764,7285.745241105218,7082.981159589328,6.375326308885567,6.518017856407181,6.235758545032956,1.5047316666666666,0.0001598697386414929,-0.0001598697386414929,2.4966895753333334,0.037634636229378786,-0.037634636229378786,0.7875424166666667,0.020461517112105466,-0.020461517112105466,1.7091471583333335,0.017368364248307268,-0.017368364248307268,0.0,0.0,0.0,0.0,0.0,0.0,,0.01362397820163559,2.141985575704038,3.3325931676389184,1.5937950011838624,
103_210℃_280_1.5mm.csv,1.5,280,1.489415,0.300101482,1.4993,0.300297008,0.009885,1.376981561,1.5047,2.485430976,0.783581304,1.701849672,210,0.009885000000000144,1076684.553,1770.3591299949162,60.0,106221.54779969498,6.5161388610643804,7081.436519979665,0.00974500000000004,0.0001375681649220987,-0.0001375681649220987,1796.031160040721,25.3372341573219,-25.3372341573219,107761.86960244324,1520.2340494393086,-1520.2340494393086,1068645.4996666666,8617.76081105873,-8617.76081105873,7183.64783910764,7285.745241105218,7082.981159589328,6.375326308885567,6.518017856407181,6.235758545032956,1.5047316666666666,0.0001598697386414929,-0.0001598697386414929,2.4966895753333334,0.037634636229378786,-0.037634636229378786,0.7875424166666667,0.020461517112105466,-0.020461517112105466,1.7091471583333335,0.017368364248307268,-0.017368364248307268,1.4887063655037014,-1.466868993424979,-1.466868993424969,0.652479171333662,-1.466868993424979,2.1508990357945796,,0.0,0.0,0.0,0.0,
111_210℃_320_1.5mm.csv,1.5,320,1.489725,0.300041931,1.499205,0.300202678,0.00948,1.357495385,1.50021,1.539775719,0.370506525,1.169269194,210,0.009479999999999933,1057292.707,1845.9915611814477,60.0,110759.49367088686,6.136613181036691,7383.9662447257915,0.009189999999999957,0.0002529327973988105,-0.0002529327973988105,1905.1917709266788,51.66893979836867,-51.66893979836867,114311.50625560072,3100.136387902119,-3100.136387902119,1014849.02,40280.78507091326,-40280.78507091326,7618.8801048097985,7829.933560630995,7413.515530109897,5.705665696195473,6.095697582183439,5.340589915728877,1.500115,0.00031348843678831293,-0.00031348843678831293,1.5225413866666668,0.05857339215178754,-0.05857339215178754,0.37766701366666666,0.02699042759841904,-0.02699042759841904,1.144874373,0.03699671843545713,-0.03699671843545713,4.462809917355274,-4.272151898734089,-4.272151898734081,4.671806503945804,-4.272151898734077,9.343110265278806,,0.0,0.0,0.0,0.5348661999539212,
112_210℃_320_1.5mm.csv,1.5,320,1.48986,0.300207328,1.498935,0.300179636,0.009075,1.310282301,1.499765,1.457284344,0.35497886,1.102305484,210,0.009074999999999944,1010102.665,1928.3746556473948,60.0,115702.47933884368,5.612254092780579,7713.498622589579,0.009189999999999957,0.0002529327973988105,-0.0002529327973988105,1905.1917709266788,51.66893979836867,-51.66893979836867,114311.50625560072,3100.136387902119,-3100.136387902119,1014849.02,40280.78507091326,-40280.78507091326,7618.8801048097985,7829.933560630995,7413.515530109897,5.705665696195473,6.095697582183439,5.340589915728877,1.500115,0.00031348843678831293,-0.00031348843678831293,1.5225413866666668,0.05857339215178754,-0.05857339215178754,0.37766701366666666,0.02699042759841904,-0.02699042759841904,1.144874373,0.03699671843545713,-0.03699671843545713,0.0,0.0,0.0,0.0,0.0,0.0,,-0.029662513914720516,-5.357363022555886,-4.190928891198332,-5.222736634062517,
113_210℃_320_1.5mm.csv,1.5,320,1.489725,0.300192757,1.49874,0.300176026,0.009015,1.277327714,1.50037,1.570564097,0.407515656,1.163048441,210,0.009014999999999995,977151.688,1941.2090959511934,60.0,116472.54575707161,5.3932790616244874,7764.836383804774,0.009189999999999957,0.0002529327973988105,-0.0002529327973988105,1905.1917709266788,51.66893979836867,-51.66893979836867,114311.50625560072,3100.136387902119,-3100.136387902119,1014849.02,40280.78507091326,-40280.78507091326,7618.8801048097985,7829.933560630995,7413.515530109897,5.705665696195473,6.095697582183439,5.340589915728877,1.500115,0.00031348843678831293,-0.00031348843678831293,1.5225413866666668,0.05857339215178754,-0.05857339215178754,0.37766701366666666,0.02699042759841904,-0.02699042759841904,1.144874373,0.03699671843545713,-0.03699671843545713,-0.6611570247928303,0.665557404325552,0.665557404325563,-3.2621413784706794,0.6655574043255637,-3.90173052638108,,0.0106651735423666,1.9995365312030877,9.988793314773615,0.0,
011_230℃_005_1.5mm.csv,1.5,5,1.14163,0.300001004,1.639,0.300021973,0.49737,2.069025628,4.08865,18.97296599,15.12211411,3.850851877,230,0.4973700000000001,1769003.6549999998,35.18507348653919,60.0,2111.1044091923513,538.6832742167448,140.74029394615675,0.49938,0.002754686915059544,-0.002754686915059544,35.04416278002093,0.1927675365390022,-0.1927675365390022,2102.6497668012557,11.566052192340232,-11.566052192340232,1777558.4173333335,10537.026825633639,-10537.026825633639,140.1752346492531,140.94951841928128,139.40520428401302,543.4639318823918,549.7035956665378,537.2950942752001,4.10593,0.01601370662900942,-0.01601370662900942,19.01500011,0.03919223603927829,-0.03919223603927829,15.176192729999999,0.051022715620558136,-0.051022715620558136,3.838807379,0.011898828828053895,-0.011898828828053895,-0.17661816357245763,0.17693065524654258,0.1769306552465453,-0.3009235410709478,0.17693065524654258,-0.47701021901141893,,-0.4921061021643236,-0.2551294674942543,-0.40091484118872,0.3215151567630903,
012_230℃_005_1.5mm.csv,1.5,5,1.14315,0.300016909,1.6414,0.300015259,0.49825,2.07435833,4.10887,19.02149543,15.18298495,3.838510484,230,0.49824999999999986,1774343.071,35.122930255895646,60.0,2107.3758153537387,541.2651643627039,140.49172102358258,0.49938,0.002754686915059544,-0.002754686915059544,35.04416278002093,0.1927675365390022,-0.1927675365390022,2102.6497668012557,11.566052192340232,-11.566052192340232,1777558.4173333335,10537.026825633639,-10537.026825633639,140.1752346492531,140.94951841928128,139.40520428401302,543.4639318823918,549.7035956665378,537.2950942752001,4.10593,0.01601370662900942,-0.01601370662900942,19.01500011,0.03919223603927829,-0.03919223603927829,15.176192729999999,0.051022715620558136,-0.051022715620558136,3.838807379,0.011898828828053895,-0.011898828828053895,0.0,0.0,0.0,0.0,0.0,0.0,,0.0,0.0,0.0,0.0,
013_230℃_005_1.5mm.csv,1.5,5,1.14146,0.300002287,1.64398,0.300009381,0.50252,2.089337907,4.12027,19.05053891,15.22347913,3.827059776,230,0.5025200000000001,1789328.526,34.82448459762795,60.0,2089.469075857677,550.5143087054204,139.2979383905118,0.49938,0.002754686915059544,-0.002754686915059544,35.04416278002093,0.1927675365390022,-0.1927675365390022,2102.6497668012557,11.566052192340232,-11.566052192340232,1777558.4173333335,10537.026825633639,-10537.026825633639,140.1752346492531,140.94951841928128,139.40520428401302,543.4639318823918,549.7035956665378,537.2950942752001,4.10593,0.01601370662900942,-0.01601370662900942,19.01500011,0.03919223603927829,-0.03919223603927829,15.176192729999999,0.051022715620558136,-0.051022715620558136,3.838807379,0.011898828828053895,-0.011898828828053895,0.8569994982438975,-0.8497174241821672,-0.8497174241821618,0.8445635596026217,-0.8497174241821672,1.7088009633146444,,0.2774485442469603,0.15268767961425506,0.26670763445629053,-0.29831123420737593,
101_230℃_280_1.5mm.csv,1.5,280,1.48924,0.300219111,1.499005,0.300018573,0.009765,1.333060868,1.50263,1.99379698,0.572075312,1.421721669,230,0.009765000000000024,1033042.295,1792.1146953404975,60.0,107526.88172042985,6.176117149392873,7168.45878136199,0.009911666666666763,0.0005888618966560328,-0.0005888618966560328,1769.6784544102773,103.11065715616495,-103.11065715616495,106180.70726461662,6186.639429369898,-6186.639429369898,1047625.4376666667,79521.7634822543,-79521.7634822543,7070.597417187952,7499.312472490892,6666.390821736179,6.337936781944737,7.247455558145607,5.542557981853441,1.5028983333333332,0.00028072821969545947,-0.00028072821969545947,2.0481741786666667,0.058556036611149075,-0.058556036611149075,0.5949815453333333,0.046631909739573714,-0.046631909739573714,1.4531926333333332,0.02824151694016122,-0.02824151694016122,0.0,0.0,0.0,0.0,0.0,0.0,,-0.016302087665311535,-2.291733417809192,0.0,-2.723586403176584,
102_230℃_280_1.5mm.csv,1.5,280,1.48905,0.300099779,1.49961,0.300314353,0.01056,1.433743844,1.502875,2.040561203,0.564232608,1.476328594,230,0.010560000000000125,1133429.4910000002,1657.1969696969502,60.0,99431.81818181701,7.327968627526618,6628.787878787801,0.009911666666666763,0.0005888618966560328,-0.0005888618966560328,1769.6784544102773,103.11065715616495,-103.11065715616495,106180.70726461662,6186.639429369898,-6186.639429369898,1047625.4376666667,79521.7634822543,-79521.7634822543,7070.597417187952,7499.312472490892,6666.390821736179,6.337936781944737,7.247455558145607,5.542557981853441,1.5028983333333332,0.00028072821969545947,-0.00028072821969545947,2.0481741786666667,0.058556036611149075,-0.058556036611149075,0.5949815453333333,0.046631909739573714,-0.046631909739573714,1.4531926333333332,0.02824151694016122,-0.02824151694016122,8.141321044547867,-7.528409090909959,-7.52840909090996,9.717626905101703,-7.528409090909959,18.650091153905244,,0.0,0.0,-1.3709215964208536,1.0127045582511853,
103_230℃_280_1.5mm.csv,1.5,280,1.489245,0.300103375,1.498655,0.300141794,0.00941,1.276546321,1.50319,2.110164353,0.648636716,1.461527637,230,0.00941000000000014,976404.5270000001,1859.7236981933836,60.0,111583.42189160302,5.625285672900084,7438.894792773534,0.009911666666666763,0.0005888618966560328,-0.0005888618966560328,1769.6784544102773,103.11065715616495,-103.11065715616495,106180.70726461662,6186.639429369898,-6186.639429369898,1047625.4376666667,79521.7634822543,-79521.7634822543,7070.597417187952,7499.312472490892,6666.390821736179,6.337936781944737,7.247455558145607,5.542557981853441,1.5028983333333332,0.00028072821969545947,-0.00028072821969545947,2.0481741786666667,0.058556036611149075,-0.058556036611149075,0.5949815453333333,0.046631909739573714,-0.046631909739573714,1.4531926333333332,0.02824151694016122,-0.02824151694016122,-3.635432667689527,3.772582359191052,3.7725823591910554,-5.482618502081749,3.772582359191052,-8.918734265701824,,0.02095982699825769,3.4109807585124328,13.383098762353166,0.0,CH04圧力@V01横ばい終点(MPa)
111_230℃_320_1.5mm.csv,1.5,320,1.489535,0.300176995,1.498255,0.300114495,0.00872,1.209217791,1.497805,1.140172373,0.275654109,0.864518264,230,0.008719999999999839,909103.296,2006.880733944991,60.0,120412.84403669946,4.853498412930523,8027.522935779964,0.009183333333333247,0.0004082074635934434,-0.0004082074635934434,1908.1962562582887,86.73659080387695,-86.73659080387695,114491.77537549734,5204.195448232602,-5204.195448232602,961191.7973333333,46447.613556792174,-46447.613556792174,7627.60477851397,7978.423782043075,7292.211625578832,5.396372507438466,5.927071709500042,4.9131911450239745,1.4985016666666666,0.0006107645481962039,-0.0006107645481962039,1.249745461,0.09611953102480951,-0.09611953102480951,0.29618192,0.017851293355250236,-0.017851293355250236,0.953563541,0.07832042584898645,-0.07832042584898645,-6.638115631692412,7.110091743120142,7.110091743120134,-6.870329730051774,7.110091743120142,-13.052384929984798,,-0.06338594366657702,-11.561494514103062,-9.569870159983166,-12.178212824119028,CH03圧力@V01横ばい終点(MPa)・先行列-後発列圧力差@V01横ばい終点(MPa)
112_230℃_320_1.5mm.csv,1.5,320,1.489325,0.300077951,1.498815,0.300267321,0.00949,1.298570068,1.498945,1.319837822,0.308066136,1.011771686,230,0.009489999999999998,998302.7470000001,1844.04636459431,60.0,110642.7818756586,5.80034269532449,7376.18545837724,0.009183333333333247,0.0004082074635934434,-0.0004082074635934434,1908.1962562582887,86.73659080387695,-86.73659080387695,114491.77537549734,5204.195448232602,-5204.195448232602,961191.7973333333,46447.613556792174,-46447.613556792174,7627.60477851397,7978.423782043075,7292.211625578832,5.396372507438466,5.927071709500042,4.9131911450239745,1.4985016666666666,0.0006107645481962039,-0.0006107645481962039,1.249745461,0.09611953102480951,-0.09611953102480951,0.29618192,0.017851293355250236,-0.017851293355250236,0.953563541,0.07832042584898645,-0.07832042584898645,1.6059957173457822,-1.5806111696532608,-1.5806111696532616,2.26737276914851,-1.5806111696532608,3.9097823960631004,,0.012677188733309478,2.3744191891950615,1.0631068727957367,2.7804748361849088,
113_230℃_320_1.5mm.csv,1.5,320,1.489335,0.300083438,1.498675,0.300139034,0.00934,1.276308383,1.498755,1.289226188,0.304825515,0.984400673,230,0.009339999999999904,976169.3489999998,1873.6616702355652,60.0,112419.70021413392,5.582094930404023,7494.646680942261,0.009183333333333247,0.0004082074635934434,-0.0004082074635934434,1908.1962562582887,86.73659080387695,-86.73659080387695,114491.77537549734,5204.195448232602,-5204.195448232602,961191.7973333333,46447.613556792174,-46447.613556792174,7627.60477851397,7978.423782043075,7292.211625578832,5.396372507438466,5.927071709500042,4.9131911450239745,1.4985016666666666,0.0006107645481962039,-0.0006107645481962039,1.249745461,0.09611953102480951,-0.09611953102480951,0.29618192,0.017851293355250236,-0.017851293355250236,0.953563541,0.07832042584898645,-0.07832042584898645,0.0,0.0,0.0,0.0,0.0,0.0,,0.0,0.0,0.0,0.0,
001_190℃_003_2.0mm.csv,2.0,3,0.6226,0.30001313,1.66342,0.300018678,1.04082,1.75763004,6.86026,19.7664564,14.93125199,4.835204411,190,1.0408199999999999,1457611.362,16.81366614784497,80.0,1345.0932918275976,1651.2773418196896,50.44099844353491,1.0576466666666666,0.044796452240476924,-0.044796452240476924,16.565585756801962,0.6877261249129705,-0.6877261249129705,1325.246860544157,55.01808999303769,-55.01808999303769,1477175.873,71384.73152722427,-71384.73152722427,49.66781729320078,51.795517186216145,47.62752084899086,1698.1840813708177,1857.6727500249613,1552.388155654702,6.8738133333333336,0.013195852883891981,-0.013195852883891981,19.613130923333333,0.13374587114427525,-0.13374587114427525,14.935967753333335,0.041961129183200795,-0.041961129183200795,4.677163171666667,0.1392686499215255,-0.1392686499215255,0.0,0.0,0.0,0.0,0.0,0.0,,-0.20801331285201577,1.0943609799072649,0.0,4.570034752977634,
002_190℃_003_2.0mm.csv,2.0,3,0.61472,0.300008297,1.72314,0.300019981,1.10842,1.856322917,6.88662,19.55248167,14.98008755,4.572394118,190,1.1084199999999997,1556302.936,15.788239115136864,80.0,1263.059129210949,1877.5916193971373,47.36471734541059,1.0576466666666666,0.044796452240476924,-0.044796452240476924,16.565585756801962,0.6877261249129705,-0.6877261249129705,1325.246860544157,55.01808999303769,-55.01808999303769,1477175.873,71384.73152722427,-71384.73152722427,49.66781729320078,51.795517186216145,47.62752084899086,1698.1840813708177,1857.6727500249613,1552.388155654702,6.8738133333333336,0.013195852883891981,-0.013195852883891981,19.613130923333333,0.13374587114427525,-0.13374587114427525,14.935967753333335,0.041961129183200795,-0.041961129183200795,4.677163171666667,0.1392686499215255,-0.1392686499215255,6.494879037681818,-6.0987712239042855,-6.09877122390429,6.7707741976286835,-6.098771223904293,13.705406829361069,,0.17542940930037645,0.0,0.32706942480582,-1.1137128482466365,
003_190℃_003_2.0mm.csv,2.0,3,0.6159,0.300019916,1.6396,0.300002993,1.0237,1.717616314,6.87456,19.5204547,14.89656372,4.623890986,190,1.0236999999999998,1417613.3210000002,17.094852007424052,80.0,1367.5881605939242,1579.5491229471565,51.284556022272156,1.0576466666666666,0.044796452240476924,-0.044796452240476924,16.565585756801962,0.6877261249129705,-0.6877261249129705,1325.246860544157,55.01808999303769,-55.01808999303769,1477175.873,71384.73152722427,-71384.73152722427,49.66781729320078,51.795517186216145,47.62752084899086,1698.1840813708177,1857.6727500249613,1552.388155654702,6.8738133333333336,0.013195852883891981,-0.013195852883891981,19.613130923333333,0.13374587114427525,-0.13374587114427525,14.935967753333335,0.041961129183200795,-0.041961129183200795,4.677163171666667,0.1392686499215255,-0.1392686499215255,-1.6448569397206074,1.6723649506691456,1.6723649506691456,-2.7440813129446324,1.6723649506691456,-4.343802040757691,,0.0,-0.16380002569771202,-0.2323199020633513,0.0,
011_190℃_005_2.0mm.csv,2.0,5,0.92418,0.30000943,1.51096,0.3000043,0.58678,1.526939463,4.3033,12.0187296,9.316380301,2.7023493,190,0.5867800000000001,1226935.163,29.82378404171921,80.0,2385.902723337537,783.6092679674992,89.47135212515764,0.6186000000000001,0.037838461913772325,-0.037838461913772325,28.358911367975622,1.6982355583302506,-1.6982355583302506,2268.7129094380493,135.85884466642028,-135.85884466642028,1292813.5953333334,83791.69920268824,-83791.69920268824,84.97356796487297,90.27830542113294,79.9805359548836,868.1934078912782,983.2445321025137,766.6046124803509,4.310653333333334,0.008139934479670692,-0.008139934479670692,11.945299033333333,0.08432642619746775,-0.08432642619746775,9.244778298333335,0.07418645928296726,-0.07418645928296726,2.7005207353333334,0.09611736506484603,-0.09611736506484603,-3.5821091721712905,3.715191383482751,3.7151913834827432,-2.961860952874898,3.715191383482747,-6.437873032186317,,-0.13830680905770285,0.45775933932475965,0.7208704941177371,0.0,
012_190℃_005_2.0mm.csv,2.0,5,0.91792,0.300008615,1.57836,0.30000448,0.66044,1.68712563,4.3194,11.96396344,9.168252665,2.795710772,190,0.66044,1387121.1500000001,26.497486524135425,80.0,2119.798921930834,997.1268487684356,79.49245957240626,0.6186000000000001,0.037838461913772325,-0.037838461913772325,28.358911367975622,1.6982355583302506,-1.6982355583302506,2268.7129094380493,135.85884466642028,-135.85884466642028,1292813.5953333334,83791.69920268824,-83791.69920268824,84.97356796487297,90.27830542113294,79.9805359548836,868.1934078912782,983.2445321025137,766.6046124803509,4.310653333333334,0.008139934479670692,-0.008139934479670692,11.945299033333333,0.08432642619746775,-0.08432642619746775,9.244778298333335,0.07418645928296726,-0.07418645928296726,2.7005207353333334,0.09611736506484603,-0.09611736506484603,8.52147622333956,-7.852340863666625,-7.85234086366664,9.707227478741757,-7.85234086366665,19.055902783627783,,0.2353072221216593,0.0,-0.8805609588849242,3.4548262136208754,
013_190℃_005_2.0mm.csv,2.0,5,0.91716,0.300021979,1.52574,0.300001923,0.60858,1.564386396,4.30926,11.85320406,9.249701929,2.603502134,190,0.6085800000000001,1264384.473,28.755463538072227,80.0,2300.4370830457783,837.5282749152002,86.26639061421669,0.6186000000000001,0.037838461913772325,-0.037838461913772325,28.358911367975622,1.6982355583302506,-1.6982355583302506,2268.7129094380493,135.85884466642028,-135.85884466642028,1292813.5953333334,83791.69920268824,-83791.69920268824,84.97356796487297,90.27830542113294,79.9805359548836,868.1934078912782,983.2445321025137,766.6046124803509,4.310653333333334,0.008139934479670692,-0.008139934479670692,11.945299033333333,0.08432642619746775,-0.08432642619746775,9.244778298333335,0.07418645928296726,-0.07418645928296726,2.7005207353333334,0.09611736506484603,-0.09611736506484603,0.0,0.0,0.0,0.0,0.0,0.0,,0.0,-0.9257749787975035,0.0,-3.657823435334568,
101_190℃_280_2.0mm.csv,2.0,280,1.48752,0.300171317,1.49894,0.300178161,0.01142,1.352229611,1.507765,2.765408362,1.054268901,1.711139461,190,0.011419999999999986,1052051.45,1532.399299474608,80.0,122591.94395796863,13.076927955374133,4597.197898423824,0.011473333333333299,4.7258156262498784e-05,-4.7258156262498784e-05,1525.2932872175795,6.2946449153546125,-6.2946449153546125,122023.46297740638,503.5715932283734,-503.5715932283734,1042913.6386666666,11388.003013814705,-11388.003013814705,4575.853917708045,4594.758695522217,4557.026922134004,13.023293591897525,13.146975752130171,12.900774990269399,1.5082366666666667,0.00044148423905431575,-0.00044148423905431575,2.849252447,0.07824029381654297,-0.07824029381654297,1.107812977,0.051134686278317354,-0.051134686278317354,1.7414394693333335,0.027315547499415276,-0.027315547499415276,-0.6092254134030852,0.6129597197899683,0.6129597197899684,0.527224505004957,0.6129597197899883,0.0,,-0.03580177749195189,-3.3761163023126177,-5.279556301727536,-2.1648026785077836,
102_190℃_280_2.0mm.csv,2.0,280,1.487285,0.300165615,1.498775,0.300233251,0.01149,1.33038885,1.50864,2.920315022,1.156137975,1.764177046,190,0.01149,1030155.5989999999,1523.0635335073978,80.0,121845.08268059182,12.883252062595917,4569.190600522193,0.011473333333333299,4.7258156262498784e-05,-4.7258156262498784e-05,1525.2932872175795,6.2946449153546125,-6.2946449153546125,122023.46297740638,503.5715932283734,-503.5715932283734,1042913.6386666666,11388.003013814705,-11388.003013814705,4575.853917708045,4594.758695522217,4557.026922134004,13.023293591897525,13.146975752130171,12.900774990269399,1.5082366666666667,0.00044148423905431575,-0.00044148423905431575,2.849252447,0.07824029381654297,-0.07824029381654297,1.107812977,0.051134686278317354,-0.051134686278317354,1.7414394693333335,0.027315547499415276,-0.027315547499415276,0.0,0.0,0.0,-1.5650012404233107,0.0,-1.4810503922568672,,0.02221036196259869,2.0363512758978795,3.872837247261503,0.8676459980588636,
103_190℃_280_2.0mm.csv,2.0,280,1.48739,0.300111232,1.4989,0.3001727,0.01151,1.346706567,1.508305,2.862033957,1.113032055,1.749001901,190,0.01150999999999991,1046533.867,1520.417028670733,80.0,121633.36229365865,13.110862377327788,4561.251086012199,0.011473333333333299,4.7258156262498784e-05,-4.7258156262498784e-05,1525.2932872175795,6.2946449153546125,-6.2946449153546125,122023.46297740638,503.5715932283734,-503.5715932283734,1042913.6386666666,11388.003013814705,-11388.003013814705,4575.853917708045,4594.758695522217,4557.026922134004,13.023293591897525,13.146975752130171,12.900774990269399,1.5082366666666667,0.00044148423905431575,-0.00044148423905431575,2.849252447,0.07824029381654297,-0.07824029381654297,1.107812977,0.051134686278317354,-0.051134686278317354,1.7414394693333335,0.027315547499415276,-0.027315547499415276,0.17406440382862473,-0.17376194613301305,-0.17376194613301008,0.0,-0.17376194613299814,0.2594984240140958,,0.0,0.0,0.0,0.0,
111_190℃_320_2.0mm.csv,2.0,320,1.48774,0.300202296,1.498745,0.300098928,0.011005,1.318776293,1.499185,1.381005981,0.324964999,1.056040982,190,0.011004999999999932,1018677.3650000001,1590.186278964117,80.0,127214.90231712937,12.201953090421695,4770.558836892351,0.010746666666666682,0.00026259918760975686,-0.00026259918760975686,1629.06125664113,39.86489562383801,-39.86489562383801,130324.9005312904,3189.1916499070367,-3189.1916499070367,993181.9863333334,25153.796272483887,-25153.796272483887,4886.209180155633,5007.174905525227,4768.16580261496,11.61250486377026,12.20493646866647,11.04883008258886,1.4993916666666667,0.0004427847483070424,-0.0004427847483070424,1.4112289569999998,0.06429922832528304,-0.06429922832528304,0.3479802666666667,0.035402860174126825,-0.035402860174126825,1.0632486903333334,0.03012573920893658,-0.03012573920893658,2.32450023244872,-2.2716946842332044,-2.271694684233199,2.6391408752412175,-2.271694684233214,5.024987943469583,,0.0,0.0,-1.594033727387216,0.0,
112_190℃_320_2.0mm.csv,2.0,320,1.4878,0.300143484,1.498555,0.300072103,0.010755,1.292556409,1.49909,1.367609537,0.33022896,1.037380577,190,0.01075500000000007,992484.306,1627.1501627150058,80.0,130172.01301720046,11.618142814726605,4881.4504881450175,0.010746666666666682,0.00026259918760975686,-0.00026259918760975686,1629.06125664113,39.86489562383801,-39.86489562383801,130324.9005312904,3189.1916499070367,-3189.1916499070367,993181.9863333334,25153.796272483887,-25153.796272483887,4886.209180155633,5007.174905525227,4768.16580261496,11.61250486377026,12.20493646866647,11.04883008258886,1.4993916666666667,0.0004427847483070424,-0.0004427847483070424,1.4112289569999998,0.06429922832528304,-0.06429922832528304,0.3479802666666667,0.035402860174126825,-0.035402860174126825,1.0632486903333334,0.03012573920893658,-0.03012573920893658,0.0,0.0,0.0,0.0,0.0,0.0,,-0.006336776315128302,-0.9700496727971696,0.0,-1.7670152312327687,
113_190℃_320_2.0mm.csv,2.0,320,1.48791,0.300198185,1.49839,0.300256121,0.01048,1.268640409,1.4999,1.485071353,0.388746841,1.096324512,190,0.010480000000000045,968384.2880000001,1669.8473282442676,80.0,133587.7862595414,11.046168531417734,5009.541984732803,0.010746666666666682,0.00026259918760975686,-0.00026259918760975686,1629.06125664113,39.86489562383801,-39.86489562383801,130324.9005312904,3189.1916499070367,-3189.1916499070367,993181.9863333334,25153.796272483887,-25153.796272483887,4886.209180155633,5007.174905525227,4768.16580261496,11.61250486377026,12.20493646866647,11.04883008258886,1.4993916666666667,0.0004427847483070424,-0.0004427847483070424,1.4112289569999998,0.06429922832528304,-0.06429922832528304,0.3479802666666667,0.035402860174126825,-0.035402860174126825,1.0632486903333334,0.03012573920893658,-0.03012573920893658,-2.5569502556952433,2.6240458015269374,2.6240458015269374,-2.428251797464687,2.6240458015269374,-4.923112862615729,,0.047692579634936394,7.535475836581478,17.720396478855154,3.8145801807528668,CH04圧力@V01横ばい終点(MPa)
001_210℃_003_2.0mm.csv,2.0,3,0.54296,0.300006655,1.65014,0.300019093,1.10718,1.720757774,6.74538,15.17549347,11.98958527,3.1859082,210,1.10718,1420738.681,15.805921349735362,80.0,1264.473707978829,1712.1234860730124,47.417764049206085,1.1394,0.03189512188407498,-0.03189512188407498,15.366997678511424,0.43070905600842146,-0.43070905600842146,1229.359814280914,34.456724480673685,-34.456724480673685,1466632.623,44655.18636300283,-44655.18636300283,46.0889311648182,47.39828833912769,44.81574441501116,1817.8253411782687,1927.347120750698,1714.527152609021,6.789513333333333,0.03826201423518291,-0.03826201423518291,15.076511439999999,0.13002299848521298,-0.13002299848521298,11.938024973333333,0.0592169157397464,-0.0592169157397464,3.138486469,0.07177934010920127,-0.07177934010920127,-2.8840587337508565,2.9697068227388512,2.9697068227388463,-3.2999903008590055,2.9697068227388432,-6.088875376125015,,-0.9459896032188926,0.3352678417226174,0.3216913335516594,0.38639335151063386,
002_210℃_003_2.0mm.csv,2.0,3,0.54388,0.300007496,1.71484,0.300022449,1.17096,1.809958743,6.8098,15.12478493,11.95113949,3.173645445,210,1.17096,1509936.2939999998,14.945002391200383,80.0,1195.6001912960305,1924.4353772214856,44.83500717360114,1.1394,0.03189512188407498,-0.03189512188407498,15.366997678511424,0.43070905600842146,-0.43070905600842146,1229.359814280914,34.456724480673685,-34.456724480673685,1466632.623,44655.18636300283,-44655.18636300283,46.0889311648182,47.39828833912769,44.81574441501116,1817.8253411782687,1927.347120750698,1714.527152609021,6.789513333333333,0.03826201423518291,-0.03826201423518291,15.076511439999999,0.13002299848521298,-0.13002299848521298,11.938024973333333,0.0592169157397464,-0.0592169157397464,3.138486469,0.07177934010920127,-0.07177934010920127,2.710383664017677,-2.6388604222176553,-2.6388604222176713,2.7710839632478304,-2.6388604222176744,5.5565746343215965,,0.0,0.0,0.0,0.0,
003_210℃_003_2.0mm.csv,2.0,3,0.5436,0.300003406,1.68366,0.300000713,1.14006,1.769223607,6.81336,14.92925592,11.87335016,3.055905762,210,1.14006,1469222.894,15.350069294598528,80.0,1228.0055435678823,1823.1317034379758,46.050207883795586,1.1394,0.03189512188407498,-0.03189512188407498,15.366997678511424,0.43070905600842146,-0.43070905600842146,1229.359814280914,34.456724480673685,-34.456724480673685,1466632.623,44655.18636300283,-44655.18636300283,46.0889311648182,47.39828833912769,44.81574441501116,1817.8253411782687,1927.347120750698,1714.527152609021,6.789513333333333,0.03826201423518291,-0.03826201423518291,15.076511439999999,0.13002299848521298,-0.13002299848521298,11.938024973333333,0.0592169157397464,-0.0592169157397464,3.138486469,0.07177934010920127,-0.07177934010920127,0.0,0.0,0.0,0.0,0.0,0.0,,0.05227759992951672,-1.2927721677031565,-0.6508946704629242,-3.7099192408369333,
011_210℃_005_2.0mm.csv,2.0,5,0.86816,0.300002683,1.51412,0.300000564,0.64596,1.532897673,4.24854,10.1053921,7.913800962,2.191591137,210,0.6459599999999999,1232897.109,27.091460771564808,80.0,2167.3168617251845,866.832344522057,81.2743823146944,0.6215866666666666,0.023876560332956775,-0.023876560332956775,28.181423292066825,1.0806306979628846,-1.0806306979628846,2254.513863365346,86.45045583703116,-86.45045583703116,1175027.8283333334,52902.10007096725,-52902.10007096725,84.50278440192295,87.80956683601865,81.32053065485363,794.0506358220001,862.6376170216602,730.9168992957223,4.236266666666666,0.010935306732475388,-0.010935306732475388,10.037154645666666,0.06339095493013988,-0.06339095493013988,7.917359627,0.013480515024144065,-0.013480515024144065,2.119795019,0.06294708730489589,-0.06294708730489589,4.093077220574925,-3.9321320205585084,-3.932132020558516,6.006968196824683,-3.9321320205585293,10.345915264311017,,0.3742292153944256,0.7921246441626235,0.0,4.67493764695891,
012_210℃_005_2.0mm.csv,2.0,5,0.86074,0.30000382,1.4813,0.300014394,0.62056,1.463048419,4.2327,10.02597389,7.932262458,2.093711433,210,0.6205600000000001,1163034.025,28.200335181126718,80.0,2256.0268144901374,785.5590689023131,84.60100554338015,0.6215866666666666,0.023876560332956775,-0.023876560332956775,28.181423292066825,1.0806306979628846,-1.0806306979628846,2254.513863365346,86.45045583703116,-86.45045583703116,1175027.8283333334,52902.10007096725,-52902.10007096725,84.50278440192295,87.80956683601865,81.32053065485363,794.0506358220001,862.6376170216602,730.9168992957223,4.236266666666666,0.010935306732475388,-0.010935306732475388,10.037154645666666,0.06339095493013988,-0.06339095493013988,7.917359627,0.013480515024144065,-0.013480515024144065,2.119795019,0.06294708730489589,-0.06294708730489589,0.0,0.0,0.0,0.0,0.0,0.0,,0.0,0.0,0.23328228860755706,0.0,
013_210℃_005_2.0mm.csv,2.0,5,0.86842,0.300001895,1.46666,0.300003291,0.59824,1.429155642,4.22756,9.980097947,7.906015461,2.074082487,210,0.5982400000000001,1129152.351,29.252473923508955,80.0,2340.1979138807164,735.2425605031185,87.75742177052686,0.6215866666666666,0.023876560332956775,-0.023876560332956775,28.181423292066825,1.0806306979628846,-1.0806306979628846,2254.513863365346,86.45045583703116,-86.45045583703116,1175027.8283333334,52902.10007096725,-52902.10007096725,84.50278440192295,87.80956683601865,81.32053065485363,794.0506358220001,862.6376170216602,730.9168992957223,4.236266666666666,0.010935306732475388,-0.010935306732475388,10.037154645666666,0.06339095493013988,-0.06339095493013988,7.917359627,0.013480515024144065,-0.013480515024144065,2.119795019,0.06294708730489589,-0.06294708730489589,-3.5967513213871345,3.7309441027012626,3.7309441027012653,-2.9132143403972974,3.7309441027012586,-6.405184586501367,,-0.121435490348948,-0.45757094027300166,-0.09837878204650079,-0.9375191676665068,
101_210℃_280_2.0mm.csv,2.0,280,1.48699,0.300229785,1.49838,0.300032048,0.01139,1.287640127,1.507275,2.598490189,1.015145247,1.583344942,210,0.011390000000000011,987608.0789999999,1536.4354697102706,80.0,122914.83757682165,12.243652810677563,4609.3064091308115,0.011481666666666687,0.00028382799955842833,-0.00028382799955842833,1524.783607277495,37.297784974100644,-37.297784974100644,121982.68858219961,2983.8227979280555,-2983.8227979280555,1006001.2633333333,41668.66700177472,-41668.66700177472,4573.432003476622,4687.29978816557,4462.3303897125015,12.562420834739711,13.412644454535236,11.766092642211236,1.5076933333333333,0.0005125020325162936,-0.0005125020325162936,2.669902240666667,0.0872445613624588,-0.0872445613624588,1.0560884733333333,0.038118755455151775,-0.038118755455151775,1.6138137673333333,0.05437663989567676,-0.05437663989567676,0.0,0.0,0.0,0.0,0.0,0.0,,-0.01757830637994227,-1.7238822803136848,-4.463031665965122,0.0,
102_210℃_280_2.0mm.csv,2.0,280,1.487045,0.3001656,1.4983,0.300028628,0.011255,1.276722641,1.50754,2.644070858,1.062567993,1.581502865,210,0.011255000000000015,976694.0130000002,1554.8645046645915,80.0,124389.16037316732,11.964833868097976,4664.593513993775,0.011481666666666687,0.00028382799955842833,-0.00028382799955842833,1524.783607277495,37.297784974100644,-37.297784974100644,121982.68858219961,2983.8227979280555,-2983.8227979280555,1006001.2633333333,41668.66700177472,-41668.66700177472,4573.432003476622,4687.29978816557,4462.3303897125015,12.562420834739711,13.412644454535236,11.766092642211236,1.5076933333333333,0.0005125020325162936,-0.0005125020325162936,2.669902240666667,0.0872445613624588,-0.0872445613624588,1.0560884733333333,0.038118755455151775,-0.038118755455151775,1.6138137673333333,0.05437663989567676,-0.05437663989567676,-1.185250219490747,1.1994669035983774,1.1994669035983745,-1.10510092333902,1.1994669035983825,-2.277252931710314,,0.0,0.0,0.0,-0.11634085227652516,
103_210℃_280_2.0mm.csv,2.0,280,1.487105,0.300046273,1.498905,0.300218685,0.0118,1.353920383,1.508265,2.767145675,1.09055218,1.676593495,210,0.011800000000000033,1053701.698,1483.050847457623,80.0,118644.06779660983,13.533257182476229,4449.152542372869,0.011481666666666687,0.00028382799955842833,-0.00028382799955842833,1524.783607277495,37.297784974100644,-37.297784974100644,121982.68858219961,2983.8227979280555,-2983.8227979280555,1006001.2633333333,41668.66700177472,-41668.66700177472,4573.432003476622,4687.29978816557,4462.3303897125015,12.562420834739711,13.412644454535236,11.766092642211236,1.5076933333333333,0.0005125020325162936,-0.0005125020325162936,2.669902240666667,0.0872445613624588,-0.0872445613624588,1.0560884733333333,0.038118755455151775,-0.038118755455151775,1.6138137673333333,0.05437663989567676,-0.05437663989567676,3.599648814749965,-3.4745762711866144,-3.4745762711866197,6.692292256957143,-3.4745762711866046,10.532840090614256,,0.0480915929262152,4.654747304809181,2.633637299857943,5.88933911534231,
112_210℃_320_2.0mm.csv,2.0,320,1.48746,0.300064967,1.498015,0.300094432,0.010555,1.229327602,1.50033,1.547989018,0.435163645,1.112825373,210,0.010555000000000092,929233.1699999998,1657.9819990525673,80.0,132638.5599242054,10.675435221061313,4973.945997157702,0.010497500000000048,8.131727983651466e-05,-8.131727983651466e-05,1667.1136048902679,12.914040821921501,-12.914040821921501,133369.08839122142,1033.1232657537305,-1033.1232657537305,919465.5874999999,13813.44764309784,-13813.44764309784,5001.265786624966,5040.158159291012,4962.673526892638,10.504925801004159,10.746870594723266,10.268427921592973,1.5004575,0.0001803122292026518,-0.0001803122292026518,1.5664605985,0.02612275966156636,-0.02612275966156636,0.4478489205,0.017939688654539137,-0.017939688654539137,1.118611678,0.00818307100702724,-0.00818307100702724,0.0,0.0,0.0,0.0,0.0,0.0,,0.0,0.0,0.0,0.0,
113_210℃_320_2.0mm.csv,2.0,320,1.48742,0.300054824,1.49786,0.300210624,0.01044,1.209908629,1.500585,1.584932179,0.460534196,1.124397983,210,0.010440000000000005,909698.0050000001,1676.2452107279685,80.0,134099.61685823748,10.337139779265312,5028.735632183905,0.010497500000000048,8.131727983651466e-05,-8.131727983651466e-05,1667.1136048902679,12.914040821921501,-12.914040821921501,133369.08839122142,1033.1232657537305,-1033.1232657537305,919465.5874999999,13813.44764309784,-13813.44764309784,5001.265786624966,5040.158159291012,4962.673526892638,10.504925801004159,10.746870594723266,10.268427921592973,1.5004575,0.0001803122292026518,-0.0001803122292026518,1.5664605985,0.02612275966156636,-0.02612275966156636,0.4478489205,0.017939688654539137,-0.017939688654539137,1.118611678,0.00818307100702724,-0.00818307100702724,-1.0895310279496566,1.101532567050635,1.1015325670506348,-2.102288815195834,1.101532567050635,-3.168914754206799,,0.01699626082262677,2.386526039295193,5.830117311385242,1.0399304581636264,
001_230℃_003_2.0mm.csv,2.0,3,0.46618,0.300000878,1.56216,0.300015448,1.09598,1.588393705,6.5309,11.97776004,9.542736442,2.435023598,230,1.09598,1288378.2570000002,15.96744466139893,80.0,1277.3955729119145,1536.9108050142697,47.9023339841968,1.1072866666666668,0.010086472789500452,-0.010086472789500452,15.805276518638022,0.14454378314993144,-0.14454378314993144,1264.422121491042,11.563502651994456,-11.563502651994456,1286231.2056666669,2498.634977403815,-2498.634977403815,47.41451113411321,47.84926081235113,46.98371151235514,1550.1337414483335,1561.7574593395402,1538.5965355931705,6.55384,0.021948384906411184,-0.021948384906411184,11.798110746666666,0.18400716526034772,-0.18400716526034772,9.453490290333333,0.10540198225267797,-0.10540198225267797,2.3446204583333334,0.08268214134373851,-0.08268214134373851,-1.3092965457623456,1.3266665450099455,1.32666654500995,0.12056821140710228,1.3266665450099682,-1.1903069297824942,,-0.3825515025976283,1.450239475724736,0.6561222761756498,4.6869718659284185,
002_230℃_003_2.0mm.csv,2.0,3,0.45688,0.300009044,1.5674,0.300002662,1.11052,1.586829415,6.55598,11.80653698,9.480532556,2.326004425,230,1.11052,1286826.753,15.75838346000072,80.0,1260.6706768000577,1555.4251382221064,47.27515038000216,1.1072866666666668,0.010086472789500452,-0.010086472789500452,15.805276518638022,0.14454378314993144,-0.14454378314993144,1264.422121491042,11.563502651994456,-11.563502651994456,1286231.2056666669,2498.634977403815,-2498.634977403815,47.41451113411321,47.84926081235113,46.98371151235514,1550.1337414483335,1561.7574593395402,1538.5965355931705,6.55384,0.021948384906411184,-0.021948384906411184,11.798110746666666,0.18400716526034772,-0.18400716526034772,9.453490290333333,0.10540198225267797,-0.10540198225267797,2.3446204583333334,0.08268214134373851,-0.08268214134373851,0.0,0.0,0.0,0.0,0.0,0.0,,0.0,0.0,0.0,0.0,
003_230℃_003_2.0mm.csv,2.0,3,0.4501,0.300010655,1.56546,0.300008946,1.11536,1.583497553,6.57464,11.61003522,9.337201873,2.272833352,230,1.1153600000000001,1283488.607,15.690001434514414,80.0,1255.2001147611531,1558.1516764119947,47.07000430354324,1.1072866666666668,0.010086472789500452,-0.010086472789500452,15.805276518638022,0.14454378314993144,-0.14454378314993144,1264.422121491042,11.563502651994456,-11.563502651994456,1286231.2056666669,2498.634977403815,-2498.634977403815,47.41451113411321,47.84926081235113,46.98371151235514,1550.1337414483335,1561.7574593395402,1538.5965355931705,6.55384,0.021948384906411184,-0.021948384906411184,11.798110746666666,0.18400716526034772,-0.18400716526034772,9.453490290333333,0.10540198225267797,-0.10540198225267797,2.3446204583333334,0.08268214134373851,-0.08268214134373851,0.4358318625508931,-0.4339406111031581,-0.43394061110316035,-0.25940912342843947,-0.4339406111031544,0.1752921515081591,,0.2846256394924889,-1.6643471352596424,-1.5118421054236006,-2.2859403201694115,
011_230℃_005_2.0mm.csv,2.0,5,0.8094,0.300019685,1.43832,0.300010253,0.62892,1.37947601,4.06752,8.341550373,6.628793861,1.712756512,230,0.62892,1079465.7570000002,27.82547859823189,80.0,2226.038287858551,738.9361675019757,83.47643579469566,0.6206933333333332,0.012771786614774612,-0.012771786614774612,28.202331650679145,0.5871442736802306,-0.5871442736802306,2256.1865320543316,46.97154189441879,-46.97154189441879,1061538.4596666668,25163.078376333066,-25163.078376333066,84.59486550837484,86.36416719074707,82.86181066939928,716.9215545703735,749.5658286939542,685.6989682989621,4.0794999999999995,0.012388430086172913,-0.012388430086172913,8.35923098,0.031954889419834584,-0.031954889419834584,6.6522810439999995,0.021075819518874776,-0.021075819518874776,1.7069499363333334,0.02308334673349804,-0.02308334673349804,0.27743231608151964,-0.27666475863385076,-0.2766647586338635,0.661001761353935,-0.2766647586338635,0.9402679099313218,,-0.27459595167110407,0.0,-0.4462296587011195,0.0,
012_230℃_005_2.0mm.csv,2.0,5,0.8072,0.300009517,1.43438,0.300010545,0.62718,1.372387869,4.09226,8.39611878,6.669543181,1.7265756,230,0.62718,1072377.324,27.90267546796773,80.0,2232.2140374374185,732.0529089157224,83.70802640390319,0.6206933333333332,0.012771786614774612,-0.012771786614774612,28.202331650679145,0.5871442736802306,-0.5871442736802306,2256.1865320543316,46.97154189441879,-46.97154189441879,1061538.4596666668,25163.078376333066,-25163.078376333066,84.59486550837484,86.36416719074707,82.86181066939928,716.9215545703735,749.5658286939542,685.6989682989621,4.0794999999999995,0.012388430086172913,-0.012388430086172913,8.35923098,0.031954889419834584,-0.031954889419834584,6.6522810439999995,0.021075819518874776,-0.021075819518874776,1.7069499363333334,0.02308334673349804,-0.02308334673349804,0.0,0.0,0.0,0.0,0.0,0.0,,0.3319668915738243,0.6541758373434647,0.16575926868303725,0.8068331898422351,
013_230℃_005_2.0mm.csv,2.0,5,0.80788,0.300017736,1.41386,0.300005961,0.60598,1.332778259,4.07872,8.340023787,6.65850609,1.681517697,230,0.6059799999999999,1032772.2979999998,28.878840885837825,80.0,2310.307270867026,681.1856948484786,86.63652265751348,0.6206933333333332,0.012771786614774612,-0.012771786614774612,28.202331650679145,0.5871442736802306,-0.5871442736802306,2256.1865320543316,46.97154189441879,-46.97154189441879,1061538.4596666668,25163.078376333066,-25163.078376333066,84.59486550837484,86.36416719074707,82.86181066939928,716.9215545703735,749.5658286939542,685.6989682989621,4.0794999999999995,0.012388430086172913,-0.012388430086172913,8.35923098,0.031954889419834584,-0.031954889419834584,6.6522810439999995,0.021075819518874776,-0.021075819518874776,1.7069499363333334,0.02308334673349804,-0.02308334673349804,-3.3802098281195367,3.498465295884381,3.498465295884378,-3.6931987569703764,3.498465295884385,-6.9485707177348015,,0.0,-0.018300986408257256,0.0,-1.8238911824963369,
101_230℃_280_2.0mm.csv,2.0,280,1.4863,0.300015349,1.49835,0.30000162,0.01205,1.295427516,1.506235,2.363651802,0.881072413,1.482579389,230,0.012050000000000116,995425.896,1452.2821576763345,80.0,116182.57261410676,13.055653928489923,4356.846473029003,0.012093333333333364,0.0003569780572154589,-0.0003569780572154589,1447.9151597239118,42.532054841239464,-42.532054841239464,115833.21277791297,3402.564387299152,-3402.564387299152,997967.9306666666,38472.23304843278,-38472.23304843278,4342.492023260773,4472.279783301935,4216.470767882266,13.125768860419322,14.04834017425489,12.263783908997736,1.5061716666666667,8.504900548108223e-05,-8.504900548108223e-05,2.3538003,0.012769745957250955,-0.012769745957250955,0.8752893353333334,0.02847224394825471,-0.02847224394825471,1.4785109646666665,0.018858915438352927,-0.018858915438352927,0.0,0.0,0.0,0.0,0.0,0.0,,0.0019917607496970527,0.2237053814508219,0.0,0.0,
102_230℃_280_2.0mm.csv,2.0,280,1.4863,0.300115924,1.49806,0.300140168,0.01176,1.260969921,1.506205,2.358375988,0.900426098,1.45794989,230,0.011759999999999993,960829.753,1488.095238095239,80.0,119047.61904761911,12.298620838399994,4464.2857142857165,0.012093333333333364,0.0003569780572154589,-0.0003569780572154589,1447.9151597239118,42.532054841239464,-42.532054841239464,115833.21277791297,3402.564387299152,-3402.564387299152,997967.9306666666,38472.23304843278,-38472.23304843278,4342.492023260773,4472.279783301935,4216.470767882266,13.125768860419322,14.04834017425489,12.263783908997736,1.5061716666666667,8.504900548108223e-05,-8.504900548108223e-05,2.3538003,0.012769745957250955,-0.012769745957250955,0.8752893353333334,0.02847224394825471,-0.02847224394825471,1.4785109646666665,0.018858915438352927,-0.018858915438352927,-2.4066390041503793,2.465986394558878,2.4659863945588714,-3.475511651748301,2.4659863945588674,-5.798507636893913,,0.0,0.0,2.196605490586379,-1.661260043323049,
103_230℃_280_2.0mm.csv,2.0,280,1.48623,0.300093701,1.4987,0.300129037,0.01247,1.33777718,1.506075,2.33937311,0.844369495,1.495003615,230,0.012469999999999981,1037648.1429999999,1403.3680834001625,80.0,112269.446672013,14.083779421180932,4210.1042502004875,0.012093333333333364,0.0003569780572154589,-0.0003569780572154589,1447.9151597239118,42.532054841239464,-42.532054841239464,115833.21277791297,3402.564387299152,-3402.564387299152,997967.9306666666,38472.23304843278,-38472.23304843278,4342.492023260773,4472.279783301935,4216.470767882266,13.125768860419322,14.04834017425489,12.263783908997736,1.5061716666666667,8.504900548108223e-05,-8.504900548108223e-05,2.3538003,0.012769745957250955,-0.012769745957250955,0.8752893353333334,0.02847224394825471,-0.02847224394825471,1.4785109646666665,0.018858915438352927,-0.018858915438352927,3.485477178422082,-3.3680834001593016,-3.3680834001593016,4.241626340008335,-3.3680834001593016,7.874944436505348,,-0.008630963248692142,-0.8057611719544111,-4.165709589638466,0.8380142130790013,
112_230℃_320_2.0mm.csv,2.0,320,1.48688,0.300026283,1.49744,0.300015406,0.01056,1.174622983,1.500265,1.536085018,0.461190759,1.074894259,230,0.010560000000000125,874607.5769999999,1657.1969696969502,80.0,132575.75757575603,10.05263239523277,4971.590909090851,0.010587499999999972,3.889087296504387e-05,-3.889087296504387e-05,1652.9037132987953,6.071581425015697,-6.071581425015697,132232.29706390365,485.7265140012661,-485.7265140012661,886456.031,16756.244339953784,-16756.244339953784,4958.694412895191,4976.942631672484,4940.513102160283,10.214403457114459,10.447636225044542,9.986377371620915,1.5004675,0.00028637824638046524,-0.00028637824638046524,1.5638384715,0.039249310342390924,-0.039249310342390924,0.4716698025,0.014819605438397637,-0.014819605438397637,1.0921686689999999,0.0244297049039936,-0.0244297049039936,-0.5181347150230345,0.5208333333304376,0.5208333333304376,-2.637959444230099,0.5208333333304376,-3.1424259756043496,,0.0,0.0,0.0,0.0,
113_230℃_320_2.0mm.csv,2.0,320,1.48703,0.300235933,1.497645,0.300155173,0.010615,1.198459658,1.50067,1.591591925,0.482148846,1.109443079,230,0.010614999999999819,898304.485,1648.6104569006404,80.0,131888.83655205125,10.378777804924992,4945.8313707019215,0.010587499999999972,3.889087296504387e-05,-3.889087296504387e-05,1652.9037132987953,6.071581425015697,-6.071581425015697,132232.29706390365,485.7265140012661,-485.7265140012661,886456.031,16756.244339953784,-16756.244339953784,4958.694412895191,4976.942631672484,4940.513102160283,10.214403457114459,10.447636225044542,9.986377371620915,1.5004675,0.00028637824638046524,-0.00028637824638046524,1.5638384715,0.039249310342390924,-0.039249310342390924,0.4716698025,0.014819605438397637,-0.014819605438397637,1.0921686689999999,0.0244297049039936,-0.0244297049039936,0.0,0.0,0.0,0.0,0.0,0.0,,0.026995230842550396,3.6135309146020083,4.544342355307256,3.214159877655477,
