キャビ厚,温度,射出速度[mm/s],時間差ΔT34(s)_平均,時間差ΔT34(s)_標準偏差上,時間差ΔT34(s)_標準偏差下,流速V34(mm/s)_平均,流速V34(mm/s)_標準偏差上,流速V34(mm/s)_標準偏差下,流量Q34(mm³/s)_平均,流量Q34(mm³/s)_標準偏差上,流量Q34(mm³/s)_標準偏差下,圧力差ΔP34(Pa)_平均,圧力差ΔP34(Pa)_標準偏差上,圧力差ΔP34(Pa)_標準偏差下,せん断速度γ34(1/s)_幾何平均,せん断速度γ34(1/s)_幾何標準偏差上,せん断速度γ34(1/s)_幾何標準偏差下,樹脂粘度η34(Pa・s)_幾何平均,樹脂粘度η34(Pa・s)_幾何標準偏差上,樹脂粘度η34(Pa・s)_幾何標準偏差下,V01横ばい終点時間(s)_平均,V01横ばい終点時間(s)_標準偏差上,V01横ばい終点時間(s)_標準偏差下,CH03圧力@V01横ばい終点(MPa)_平均,CH03圧力@V01横ばい終点(MPa)_標準偏差上,CH03圧力@V01横ばい終点(MPa)_標準偏差下,CH04圧力@V01横ばい終点(MPa)_平均,CH04圧力@V01横ばい終点(MPa)_標準偏差上,CH04圧力@V01横ばい終点(MPa)_標準偏差下,先行列-後発列圧力差@V01横ばい終点(MPa)_平均,先行列-後発列圧力差@V01横ばい終点(MPa)_標準偏差上,先行列-後発列圧力差@V01横ばい終点(MPa)_標準偏差下
0.5,190,280,0.008196666666666705,0.00016041612554026254,-0.00016041612554026254,2135.5609330194825,41.90400945241696,-41.90400945241696,42711.218660389655,838.0801890483409,-838.0801890483409,1768953.3499999999,46661.94828179793,-46661.94828179793,25623.447936406334,26130.55400801793,25126.18308621646,0.9860059078927956,1.028870940229094,0.9449267273337695,1.0730899999999999,0.0011136538959658176,-0.0011136538959658176,1.4157768536666666,0.16263234192397197,-0.16263234192397197,0.17220857066666664,0.027975666664944457,-0.027975666664944457,1.2435682833333332,0.13720551557317115,-0.13720551557317115
0.5,190,320,0.01299166666666666,0.0009855497619771188,-0.0009855497619771188,1352.4060054257527,106.58046368233384,-106.58046368233384,27048.120108515053,2131.6092736466753,-2131.6092736466753,4372231.724333334,673204.4433236322,-673204.4433236322,16196.096597654972,17499.571193295746,14989.712725136134,3.8245545583608376,4.8488623600570495,3.0166287437588895,1.0661333333333334,9.673847907296113e-05,-9.673847907296113e-05,1.4217993406666665,0.06118736919383676,-0.06118736919383676,0.046484594,0.03181863469217854,-0.03181863469217854,1.3753147466666666,0.08808089044956428,-0.08808089044956428
0.5,210,280,0.0077733333333332615,0.0001154700538379766,-0.0001154700538379766,2251.620543505381,33.73634239376267,-33.73634239376267,45032.410870107626,674.7268478752565,-674.7268478752565,1622591.394,26973.073109795576,-26973.073109795576,27017.436127677902,27423.543104827175,26617.343066245456,0.8578811533629926,0.8835760758720633,0.8329334546196804,1.0735116666666666,0.0006749876542080718,-0.0006749876542080718,1.9384453113333333,0.09938180704034036,-0.09938180704034036,0.3040725973333333,0.028831771816138482,-0.028831771816138482,1.6343727140000002,0.07055151908193162,-0.07055151908193162
0.5,210,320,0.007544999999999987,0.00010688779163214858,-0.00010688779163214858,2319.7291541881,33.0697442862427,-33.0697442862427,46394.583083761994,661.3948857248567,-661.3948857248567,1585129.294,25699.69919337213,-25699.69919337213,27834.871937087737,28233.27747169948,27442.088384201932,0.8134656212514942,0.8386364950646042,0.7890502271870525,1.0668050000000002,0.00015524174696255526,-0.00015524174696255526,1.9996618496666667,0.12446766394244495,-0.12446766394244495,0.3283947653333333,0.03197902551298593,-0.03197902551298593,1.6712670843333335,0.09316222387047475,-0.09316222387047475
0.5,230,280,0.007956666666666687,0.0002850584735336666,-0.0002850584735336666,2201.2699490098785,77.73568293309931,-77.73568293309931,44025.39898019758,1554.7136586619833,-1554.7136586619833,1633227.436,45196.26198934966,-45196.26198934966,26404.151772358353,27360.435368687537,25481.291559257013,0.8834186810763567,0.9396922951347162,0.8305150208375454,1.0732966666666666,0.0006127873475629343,-0.0006127873475629343,1.8968720889999997,0.2537536726810951,-0.2537536726810951,0.293292845,0.05216693307811758,-0.05216693307811758,1.6035792439999998,0.20213929441978892,-0.20213929441978892
0.5,230,320,0.007503333333333344,0.00019585283590834872,-0.00019585283590834872,2333.36527411463,61.40901609295427,-61.40901609295427,46667.305482292606,1228.1803218590876,-1228.1803218590876,1505266.0089999998,17808.840461810905,-17808.840461810905,27993.953865397863,28737.445007446964,27269.698221778155,0.7681230377010516,0.7955024226331864,0.7416859889553745,1.0676816666666666,0.0013767382951502677,-0.0013767382951502677,2.0134161956666667,0.25637664575580305,-0.25637664575580305,0.35263435066666665,0.06695468338327024,-0.06695468338327024,1.660781845,0.18971397399873946,-0.18971397399873946
1.0,190,280,0.00856333333333333,0.00016540354691883176,-0.00016540354691883176,2044.110180085125,39.874332403185406,-39.874332403185406,81764.407203405,1594.9732961274124,-1594.9732961274124,1252470.4723333335,30415.374284294547,-30415.374284294547,12263.115565557859,12503.49623908967,12027.356228898763,2.9175105768403835,3.0477132711632144,2.792870328883268,1.498505,0.00023254031908463907,-0.00023254031908463907,1.1724971196666667,0.04653870486882783,-0.04653870486882783,0.19285418399999998,0.0033194365530332046,-0.0033194365530332046,0.9796429353333332,0.043765907972382403,-0.043765907972382403
1.0,190,320,0.008053333333333393,0.00027736858750274,-0.00027736858750274,2174.7118513170294,73.98684532875791,-73.98684532875791,86988.47405268117,2959.4738131503177,-2959.4738131503177,1162150.8523333333,53958.27318718176,-53958.27318718176,13043.195138619929,13497.489002716064,12604.191741877676,2.5438877692197055,2.756128388128951,2.3479911205365926,1.4992766666666668,0.0004026267916238805,-0.0004026267916238805,1.3338528563333334,0.08752932283003503,-0.08752932283003503,0.2620088036666666,0.04001515734122432,-0.04001515734122432,1.071844053,0.049582713955601106,-0.049582713955601106
1.0,210,280,0.008214999999999936,0.0003218695387886678,-0.0003218695387886678,2132.396975833228,82.22278963243326,-82.22278963243326,85295.87903332914,3288.9115852973378,-3288.9115852973378,1160444.83,76714.02071867259,-76714.02071867259,12787.972297264118,13294.939012382223,12300.337393295973,2.589021100029231,2.872078086196017,2.3338607291400404,1.5018283333333333,0.00012453245895486677,-0.00012453245895486677,1.9773323219999999,0.035052253360824084,-0.035052253360824084,0.47428565800000005,0.022228203978123532,-0.022228203978123532,1.5030466646666667,0.043667934407649114,-0.043667934407649114
1.0,210,320,0.007765000000000022,0.0003520298282816915,-0.0003520298282816915,2256.759319498014,101.16752586440603,-101.16752586440603,90270.37277992057,4046.701034576245,-4046.701034576245,1077941.857,65303.35849390833,-65303.35849390833,13531.416758164156,14155.572827483355,12934.78135534258,2.273289225857264,2.5260039841310293,2.0458573845743597,1.5005283333333335,0.0003189566323707602,-0.0003189566323707602,1.6319199013333332,0.08123258464032079,-0.08123258464032079,0.3837755856666667,0.048878699580826,-0.048878699580826,1.2481443153333334,0.03303576553950931,-0.03303576553950931
1.0,230,280,0.008281666666666595,0.00034184548166286207,-0.00034184548166286207,2115.5589573849816,89.31595397103592,-89.31595397103592,84622.35829539926,3572.638158841442,-3572.638158841442,1114399.8613333332,57869.00502179107,-57869.00502179107,12685.922992579339,13226.900886656133,12167.070998166237,2.507575733342744,2.7552975836127684,2.282125929281514,1.5013916666666667,0.000321804806261983,-0.000321804806261983,1.8438646143333333,0.08496098300683788,-0.08496098300683788,0.44749901666666664,0.03310015139898332,-0.03310015139898332,1.3963655976666667,0.05999277076052893,-0.05999277076052893
1.0,230,320,0.00819666666666663,7.023769168570249e-05,-7.023769168570249e-05,2135.1186289589095,18.274488022369717,-18.274488022369717,85404.74515835638,730.9795208947876,-730.9795208947876,1106967.5456666667,25314.660275076625,-25314.660275076625,12810.39870586737,12920.579490414211,12701.157492590717,2.468470927530896,2.546683039557155,2.3926608162140273,1.4995166666666666,0.00025181011364379293,-0.00025181011364379293,1.3922561856666666,0.054632076619076375,-0.054632076619076375,0.2953494423333333,0.023393548059301595,-0.023393548059301595,1.0969067433333333,0.03317795686864447,-0.03317795686864447
1.5,190,5,0.5087433333333333,0.0059188625033307464,-0.0059188625033307464,34.40161043724419,0.40294042666636876,-0.40294042666636876,2064.0966262346515,24.176425599982082,-24.176425599982082,2155294.1293333336,22982.79536992355,-22982.79536992355,137.60017702400668,139.21590969355162,136.00319646451283,671.2653675545123,686.4258809053919,656.4396917606886,4.2222566666666665,0.00710946083281515,-0.00710946083281515,29.386852969999996,0.3319107452299388,-0.3319107452299388,21.67394219,0.22554459329951648,-0.22554459329951648,7.712910783333332,0.10790486898141738,-0.10790486898141738
1.5,190,280,0.009793333333333246,0.0002670362022897064,-0.0002670362022897064,1787.8302167667534,49.52843637955979,-49.52843637955979,107269.8130060052,2971.706182773591,-2971.706182773591,1117832.8753333332,31775.46570148786,-31775.46570148786,7149.510454274392,7348.766434246316,6955.6571423434,6.698930713180721,7.085837475249615,6.33315015433869,1.5047933333333334,0.00018610033136283528,-0.00018610033136283528,2.5623825273333334,0.04938726140885588,-0.04938726140885588,0.7743910669999999,0.03154615111857536,-0.03154615111857536,1.7879914606666667,0.017865544143880994,-0.017865544143880994
1.5,190,320,0.008998333333333367,0.00020942381271806576,-0.00020942381271806576,1945.497867292951,44.68199507899932,-44.68199507899932,116729.87203757705,2680.919704739968,-2680.919704739968,1031018.5129999999,29519.25323251173,-29519.25323251173,7780.610930320546,7962.612589357674,7602.769288303025,5.67750853389325,5.971606302658881,5.397894891041013,1.5011033333333332,0.00019237550086578117,-0.00019237550086578117,1.7238177553333334,0.04046173663081811,-0.04046173663081811,0.44445301833333334,0.006397765912282297,-0.006397765912282297,1.279364737,0.03449448015887722,-0.03449448015887722
1.5,210,5,0.5055233333333333,0.005406906077724465,-0.005406906077724465,34.620247721621645,0.3725871253426641,-0.3725871253426641,2077.214863297299,22.35522752055975,-22.35522752055975,1972071.7876666666,19185.01872974605,-19185.01872974605,138.47566639324617,139.96938365918498,136.9978896938244,610.3215728613915,622.9327635216749,597.9656940729237,4.17032,0.00639434906773196,-0.00639434906773196,23.251894183333334,0.0962623253016826,-0.0962623253016826,18.10181699,0.07635476137061638,-0.07635476137061638,5.150077192333334,0.020299664800539647,-0.020299664800539647
1.5,210,280,0.00974500000000004,0.0001375681649220987,-0.0001375681649220987,1796.031160040721,25.3372341573219,-25.3372341573219,107761.86960244324,1520.2340494393086,-1520.2340494393086,1068645.4996666666,8617.76081105873,-8617.76081105873,7183.64783910764,7285.745241105218,7082.981159589328,6.375326308885567,6.518017856407181,6.235758545032956,1.5047316666666666,0.0001598697386414929,-0.0001598697386414929,2.4966895753333334,0.037634636229378786,-0.037634636229378786,0.7875424166666667,0.020461517112105466,-0.020461517112105466,1.7091471583333335,0.017368364248307268,-0.017368364248307268
1.5,210,320,0.009189999999999957,0.0002529327973988105,-0.0002529327973988105,1905.1917709266788,51.66893979836867,-51.66893979836867,114311.50625560072,3100.136387902119,-3100.136387902119,1014849.02,40280.78507091326,-40280.78507091326,7618.8801048097985,7829.933560630995,7413.515530109897,5.705665696195473,6.095697582183439,5.340589915728877,1.500115,0.00031348843678831293,-0.00031348843678831293,1.5225413866666668,0.05857339215178754,-0.05857339215178754,0.37766701366666666,0.02699042759841904,-0.02699042759841904,1.144874373,0.03699671843545713,-0.03699671843545713
1.5,230,5,0.49938,0.002754686915059544,-0.002754686915059544,35.04416278002093,0.1927675365390022,-0.1927675365390022,2102.6497668012557,11.566052192340232,-11.566052192340232,1777558.4173333335,10537.026825633639,-10537.026825633639,140.1752346492531,140.94951841928128,139.40520428401302,543.4639318823918,549.7035956665378,537.2950942752001,4.10593,0.01601370662900942,-0.01601370662900942,19.01500011,0.03919223603927829,-0.03919223603927829,15.176192729999999,0.051022715620558136,-0.051022715620558136,3.838807379,0.011898828828053895,-0.011898828828053895
1.5,230,280,0.009911666666666763,0.0005888618966560328,-0.0005888618966560328,1769.6784544102773,103.11065715616495,-103.11065715616495,106180.70726461662,6186.639429369898,-6186.639429369898,1047625.4376666667,79521.7634822543,-79521.7634822543,7070.597417187952,7499.312472490892,6666.390821736179,6.337936781944737,7.247455558145607,5.542557981853441,1.5028983333333332,0.00028072821969545947,-0.00028072821969545947,2.0481741786666667,0.058556036611149075,-0.058556036611149075,0.5949815453333333,0.046631909739573714,-0.046631909739573714,1.4531926333333332,0.02824151694016122,-0.02824151694016122
1.5,230,320,0.009183333333333247,0.0004082074635934434,-0.0004082074635934434,1908.1962562582887,86.73659080387695,-86.73659080387695,114491.77537549734,5204.195448232602,-5204.195448232602,961191.7973333333,46447.613556792174,-46447.613556792174,7627.60477851397,7978.423782043075,7292.211625578832,5.396372507438466,5.927071709500042,4.9131911450239745,1.4985016666666666,0.0006107645481962039,-0.0006107645481962039,1.249745461,0.09611953102480951,-0.09611953102480951,0.29618192,0.017851293355250236,-0.017851293355250236,0.953563541,0.07832042584898645,-0.07832042584898645
2.0,190,3,1.0576466666666666,0.044796452240476924,-0.044796452240476924,16.565585756801962,0.6877261249129705,-0.6877261249129705,1325.246860544157,55.01808999303769,-55.01808999303769,1477175.873,71384.73152722427,-71384.73152722427,49.66781729320078,51.795517186216145,47.62752084899086,1698.1840813708177,1857.6727500249613,1552.388155654702,6.8738133333333336,0.013195852883891981,-0.013195852883891981,19.613130923333333,0.13374587114427525,-0.13374587114427525,14.935967753333335,0.041961129183200795,-0.041961129183200795,4.677163171666667,0.1392686499215255,-0.1392686499215255
2.0,190,5,0.6186000000000001,0.037838461913772325,-0.037838461913772325,28.358911367975622,1.6982355583302506,-1.6982355583302506,2268.7129094380493,135.85884466642028,-135.85884466642028,1292813.5953333334,83791.69920268824,-83791.69920268824,84.97356796487297,90.27830542113294,79.9805359548836,868.1934078912782,983.2445321025137,766.6046124803509,4.310653333333334,0.008139934479670692,-0.008139934479670692,11.945299033333333,0.08432642619746775,-0.08432642619746775,9.244778298333335,0.07418645928296726,-0.07418645928296726,2.7005207353333334,0.09611736506484603,-0.09611736506484603
2.0,190,280,0.011473333333333299,4.7258156262498784e-05,-4.7258156262498784e-05,1525.2932872175795,6.2946449153546125,-6.2946449153546125,122023.46297740638,503.5715932283734,-503.5715932283734,1042913.6386666666,11388.003013814705,-11388.003013814705,4575.853917708045,4594.758695522217,4557.026922134004,13.023293591897525,13.146975752130171,12.900774990269399,1.5082366666666667,0.00044148423905431575,-0.00044148423905431575,2.849252447,0.07824029381654297,-0.07824029381654297,1.107812977,0.051134686278317354,-0.051134686278317354,1.7414394693333335,0.027315547499415276,-0.027315547499415276
2.0,190,320,0.010746666666666682,0.00026259918760975686,-0.00026259918760975686,1629.06125664113,39.86489562383801,-39.86489562383801,130324.9005312904,3189.1916499070367,-3189.1916499070367,993181.9863333334,25153.796272483887,-25153.796272483887,4886.209180155633,5007.174905525227,4768.16580261496,11.61250486377026,12.20493646866647,11.04883008258886,1.4993916666666667,0.0004427847483070424,-0.0004427847483070424,1.4112289569999998,0.06429922832528304,-0.06429922832528304,0.3479802666666667,0.035402860174126825,-0.035402860174126825,1.0632486903333334,0.03012573920893658,-0.03012573920893658
2.0,210,3,1.1394,0.03189512188407498,-0.03189512188407498,15.366997678511424,0.43070905600842146,-0.43070905600842146,1229.359814280914,34.456724480673685,-34.456724480673685,1466632.623,44655.18636300283,-44655.18636300283,46.0889311648182,47.39828833912769,44.81574441501116,1817.8253411782687,1927.347120750698,1714.527152609021,6.789513333333333,0.03826201423518291,-0.03826201423518291,15.076511439999999,0.13002299848521298,-0.13002299848521298,11.938024973333333,0.0592169157397464,-0.0592169157397464,3.138486469,0.07177934010920127,-0.07177934010920127
2.0,210,5,0.6215866666666666,0.023876560332956775,-0.023876560332956775,28.181423292066825,1.0806306979628846,-1.0806306979628846,2254.513863365346,86.45045583703116,-86.45045583703116,1175027.8283333334,52902.10007096725,-52902.10007096725,84.50278440192295,87.80956683601865,81.32053065485363,794.0506358220001,862.6376170216602,730.9168992957223,4.236266666666666,0.010935306732475388,-0.010935306732475388,10.037154645666666,0.06339095493013988,-0.06339095493013988,7.917359627,0.013480515024144065,-0.013480515024144065,2.119795019,0.06294708730489589,-0.06294708730489589
2.0,210,280,0.011481666666666687,0.00028382799955842833,-0.00028382799955842833,1524.783607277495,37.297784974100644,-37.297784974100644,121982.68858219961,2983.8227979280555,-2983.8227979280555,1006001.2633333333,41668.66700177472,-41668.66700177472,4573.432003476622,4687.29978816557,4462.3303897125015,12.562420834739711,13.412644454535236,11.766092642211236,1.5076933333333333,0.0005125020325162936,-0.0005125020325162936,2.669902240666667,0.0872445613624588,-0.0872445613624588,1.0560884733333333,0.038118755455151775,-0.038118755455151775,1.6138137673333333,0.05437663989567676,-0.05437663989567676
2.0,210,320,0.010851666666666704,0.0006161236347790226,-0.0006161236347790226,1616.0226800767869,88.96198075619394,-88.96198075619394,129281.81440614296,7116.958460495512,-7116.958460495512,962568.9146666666,75293.40015170281,-75293.40015170281,4843.066658752708,5121.7188410170065,4579.574824233158,11.334690713271211,12.942619415004506,9.926523329317252,1.5001416666666667,0.0005617012847887989,-0.0005617012847887989,1.5215908213333333,0.07988172503850266,-0.07988172503850266,0.410561794,0.06581721372400921,-0.06581721372400921,1.1110290273333332,0.014351693243346836,-0.014351693243346836
2.0,230,3,1.1072866666666668,0.010086472789500452,-0.010086472789500452,15.805276518638022,0.14454378314993144,-0.14454378314993144,1264.422121491042,11.563502651994456,-11.563502651994456,1286231.2056666669,2498.634977403815,-2498.634977403815,47.41451113411321,47.84926081235113,46.98371151235514,1550.1337414483335,1561.7574593395402,1538.5965355931705,6.55384,0.021948384906411184,-0.021948384906411184,11.798110746666666,0.18400716526034772,-0.18400716526034772,9.453490290333333,0.10540198225267797,-0.10540198225267797,2.3446204583333334,0.08268214134373851,-0.08268214134373851
2.0,230,5,0.6206933333333332,0.012771786614774612,-0.012771786614774612,28.202331650679145,0.5871442736802306,-0.5871442736802306,2256.1865320543316,46.97154189441879,-46.97154189441879,1061538.4596666668,25163.078376333066,-25163.078376333066,84.59486550837484,86.36416719074707,82.86181066939928,716.9215545703735,749.5658286939542,685.6989682989621,4.0794999999999995,0.012388430086172913,-0.012388430086172913,8.35923098,0.031954889419834584,-0.031954889419834584,6.6522810439999995,0.021075819518874776,-0.021075819518874776,1.7069499363333334,0.02308334673349804,-0.02308334673349804
2.0,230,280,0.012093333333333364,0.0003569780572154589,-0.0003569780572154589,1447.9151597239118,42.532054841239464,-42.532054841239464,115833.21277791297,3402.564387299152,-3402.564387299152,997967.9306666666,38472.23304843278,-38472.23304843278,4342.492023260773,4472.279783301935,4216.470767882266,13.125768860419322,14.04834017425489,12.263783908997736,1.5061716666666667,8.504900548108223e-05,-8.504900548108223e-05,2.3538003,0.012769745957250955,-0.012769745957250955,0.8752893353333334,0.02847224394825471,-0.02847224394825471,1.4785109646666665,0.018858915438352927,-0.018858915438352927
2.0,230,320,0.010934999999999992,0.000602515559965078,-0.000602515559965078,1603.5121917836038,85.65628548598855,-85.65628548598855,128280.97534268831,6852.5028388791,-6852.5028388791,920960.7666666666,60927.138554750265,-60927.138554750265,4805.863442471471,5073.9624711990555,4551.930283044787,10.934783085883726,12.318013713987188,9.706880014231263,1.5001416666666667,0.0005995901377885385,-0.0005995901377885385,1.5201806266666666,0.08054983816030223,-0.08054983816030223,0.43638725933333333,0.06200309596784653,-0.06200309596784653,1.083793367,0.02255753292409695,-0.02255753292409695
